ACCEL_X_mean,ACCEL_X_std,ACCEL_X_min,ACCEL_X_max,ACCEL_X_range,ACCEL_X_rms,ACCEL_X_first,ACCEL_X_last,ACCEL_X_delta,ACCEL_Y_mean,ACCEL_Y_std,ACCEL_Y_min,ACCEL_Y_max,ACCEL_Y_range,ACCEL_Y_rms,ACCEL_Y_first,ACCEL_Y_last,ACCEL_Y_delta,ACCEL_Z_mean,ACCEL_Z_std,ACCEL_Z_min,ACCEL_Z_max,ACCEL_Z_range,ACCEL_Z_rms,ACCEL_Z_first,ACCEL_Z_last,ACCEL_Z_delta,GYRO_X_mean,GYRO_X_std,GYRO_X_min,GYRO_X_max,GYRO_X_range,GYRO_X_rms,GYRO_X_first,GYRO_X_last,GYRO_X_delta,GYRO_Y_mean,GYRO_Y_std,GYRO_Y_min,GYRO_Y_max,GYRO_Y_range,GYRO_Y_rms,GYRO_Y_first,GYRO_Y_last,GYRO_Y_delta,GYRO_Z_mean,GYRO_Z_std,GYRO_Z_min,GYRO_Z_max,GYRO_Z_range,GYRO_Z_rms,GYRO_Z_first,GYRO_Z_last,GYRO_Z_delta,GRAV_X_mean,GRAV_X_std,GRAV_X_min,GRAV_X_max,GRAV_X_range,GRAV_X_rms,GRAV_X_first,GRAV_X_last,GRAV_X_delta,GRAV_Y_mean,GRAV_Y_std,GRAV_Y_min,GRAV_Y_max,GRAV_Y_range,GRAV_Y_rms,GRAV_Y_first,GRAV_Y_last,GRAV_Y_delta,GRAV_Z_mean,GRAV_Z_std,GRAV_Z_min,GRAV_Z_max,GRAV_Z_range,GRAV_Z_rms,GRAV_Z_first,GRAV_Z_last,GRAV_Z_delta,MAG_X_mean,MAG_X_std,MAG_X_min,MAG_X_max,MAG_X_range,MAG_X_rms,MAG_X_first,MAG_X_last,MAG_X_delta,MAG_Y_mean,MAG_Y_std,MAG_Y_min,MAG_Y_max,MAG_Y_range,MAG_Y_rms,MAG_Y_first,MAG_Y_last,MAG_Y_delta,MAG_Z_mean,MAG_Z_std,MAG_Z_min,MAG_Z_max,MAG_Z_range,MAG_Z_rms,MAG_Z_first,MAG_Z_last,MAG_Z_delta,OR_AZ_mean,OR_AZ_std,OR_AZ_min,OR_AZ_max,OR_AZ_range,OR_AZ_rms,OR_AZ_first,OR_AZ_last,OR_AZ_delta,OR_P_mean,OR_P_std,OR_P_min,OR_P_max,OR_P_range,OR_P_rms,OR_P_first,OR_P_last,OR_P_delta,OR_R_mean,OR_R_std,OR_R_min,OR_R_max,OR_R_range,OR_R_rms,OR_R_first,OR_R_last,OR_R_delta,accel_mag_mean,accel_mag_std,accel_mag_min,accel_mag_max,accel_mag_range,accel_mag_rms,accel_mag_first,accel_mag_last,accel_mag_delta,gyro_mag_mean,gyro_mag_std,gyro_mag_min,gyro_mag_max,gyro_mag_range,gyro_mag_rms,gyro_mag_first,gyro_mag_last,gyro_mag_delta,time_delta_mean,time_delta_std,time_delta_min,time_delta_max,time_delta_range,time_delta_rms,time_delta_first,time_delta_last,time_delta_delta,window_mean_time_delta,window_accumulated_time,target_dx,target_dy,time_s
-0.28813999999999995,0.7981882957047165,-2.5285,0.9968,3.5253,0.8486042746769545,0.1992,-1.3563,-1.5555,0.27161500000000005,0.7756528387590675,-1.2422,1.3779,2.6201,0.8218345542139245,-0.4564,1.346,1.8024,9.833375,0.448860795653842,9.0716,10.7799,1.7082999999999995,9.843614168815233,10.6103,10.0599,-0.5503999999999998,0.017714999999999995,0.042659058533915155,-0.0707,0.0796,0.1503,0.046191086802542324,-0.0288,0.0607,0.0895,0.015555,0.0494318872287919,-0.0813,0.1113,0.1926,0.051821515801836596,0.0162,0.0899,0.07369999999999999,-0.0023399999999999996,0.04220046682206253,-0.0981,0.0816,0.17970000000000003,0.042265293090193994,-0.0231,-0.0252,-0.002100000000000001,-0.00329,0.018660302784252993,-0.0412,0.0252,0.0664,0.01894811336254879,0.0252,0.0007,-0.0245,0.00034500000000000004,0.007135367895210449,-0.0153,0.0152,0.0305,0.007143703521283621,-0.0024,-0.0047,-0.0023000000000000004,9.80659,2.9999999999930076e-05,9.8065,9.8066,9.999999999976694e-05,9.806590000045889,9.8066,9.8066,0.0,-17.8245,0.4113085824536119,-18.5,-16.94,1.5599999999999987,17.829244936339844,-18.5,-18.06,0.4400000000000013,-27.642000000000003,0.3545504195456551,-28.25,-27.0,1.25,27.644273728929832,-27.87,-27.12,0.75,1.6735,0.45939389416926296,0.88,2.44,1.56,1.7354091736532917,1.56,1.19,-0.3700000000000001,296.4945,1.7879302978583933,292.44,300.25,7.810000000000002,296.4998907672649,300.25,296.08,-4.170000000000016,-80.253,0.1854481059488059,-80.61,-79.9,0.7099999999999937,80.25321426584732,-80.43,-80.6,-0.1699999999999875,-144.5965,0.7522517863056235,-145.86,-142.78,3.0800000000000125,144.5984567517925,-142.78,-143.96,-1.1800000000000068,9.902901323652022,0.4741587582351034,9.12619470809165,11.11441417034654,1.9882194622548912,9.914246373476907,10.621979461945877,10.239768244447724,-0.3822112174981527,0.0743554394930713,0.03281325369103485,0.022570334512363788,0.13990214437241483,0.11733180986005104,0.08127386418769567,0.04031736598539146,0.11136220184604828,0.07104483586065682,0.1,0.0006324555320344488,0.09899999999999665,0.1010000000000062,0.0020000000000095497,0.10000199998000041,0.10000000000000142,0.10099999999999909,0.0009999999999976694,0.1,2.0,-0.7131432263035364,1.948091088724091,60.1
-0.327195,0.7924764952192588,-2.5285,0.9968,3.5253,0.8573654783696392,-0.0081,-0.5819,-0.5738,0.28978000000000004,0.7625338802964758,-1.2422,1.3779,2.6201,0.815739153774048,0.1539,-0.0931,-0.247,9.81418,0.42267052842610175,9.0716,10.7799,1.7082999999999995,9.823277429045767,9.7258,10.2264,0.5006000000000004,0.01756999999999999,0.04282153780517462,-0.0707,0.0796,0.1503,0.04628594819164883,0.0796,-0.0317,-0.11130000000000001,0.022330000000000003,0.05765729008546968,-0.0813,0.1517,0.23299999999999998,0.06183034853532689,-0.0268,0.1517,0.1785,-0.0025300000000000006,0.04230193967184011,-0.0981,0.0816,0.17970000000000003,0.042377529423032675,0.0184,-0.0269,-0.0453,-0.004845,0.01747985912414628,-0.0412,0.0248,0.066,0.018138894674152556,-0.0054,-0.0059,-0.0004999999999999996,0.0002249999999999998,0.007200407974552553,-0.0153,0.0152,0.0305,0.007203922542615238,0.0075,-0.0048,-0.012299999999999998,9.80659,2.9999999999930076e-05,9.8065,9.8066,9.999999999976694e-05,9.806590000045889,9.8066,9.8066,0.0,-17.7775,0.38425089459882816,-18.37,-16.94,1.4299999999999997,17.781652201075133,-18.31,-17.56,0.75,-27.639,0.3528583285115996,-28.25,-27.0,1.25,27.64125232329389,-27.5,-27.81,-0.3099999999999987,1.6395,0.49063708583840254,0.88,2.44,1.56,1.7113401181530221,1.13,0.88,-0.2499999999999999,296.2975,1.5666520832654587,292.44,298.14,5.699999999999989,296.3016417521172,296.62,296.31,-0.3100000000000023,-80.2585,0.1921269111811242,-80.61,-79.9,0.7099999999999937,80.25872996129455,-80.32,-80.54,-0.22000000000001307,-144.6165,0.7076883141609733,-145.86,-143.06,2.8000000000000114,144.61823154429734,-143.06,-143.18,-0.12000000000000455,9.883970614360676,0.45211754329449005,9.12619470809165,11.11441417034654,1.9882194622548912,9.894305704722287,9.727020944770295,10.243365276118977,0.516344331348682,0.08020426921724802,0.036448747568705316,0.022570334512363788,0.15729396046892583,0.13472362595656204,0.08809787738646147,0.08598232376482971,0.15729396046892583,0.07131163670409611,0.1,0.0006324555320344488,0.09899999999999665,0.1010000000000062,0.0020000000000095497,0.10000199998000041,0.09899999999999665,0.10000000000000142,0.0010000000000047748,0.1,2.0,-0.7386071211091618,1.9398101189195103,60.2
-0.372425,0.7987633985574202,-2.5285,0.9968,3.5253,0.8813190951636076,0.9968,-0.9127,-1.9095,0.34315,0.7880817651107022,-1.2422,1.3779,2.6201,0.8595491789304438,0.6823,1.2213,0.539,9.83353,0.42701767773711674,9.0716,10.7799,1.7082999999999995,9.842797181594266,9.309,10.1128,0.8038000000000007,0.013379999999999994,0.040588651123189594,-0.0707,0.0794,0.1501,0.042737138416136376,0.0286,-0.0042,-0.0328,0.02438,0.056593087917165295,-0.0813,0.1517,0.23299999999999998,0.061621116510495004,0.05,0.0142,-0.0358,0.0008349999999999996,0.046319048727278496,-0.0981,0.0857,0.18380000000000002,0.046326574447070876,-0.0367,0.0857,0.12240000000000001,-0.004189999999999999,0.017690955316206076,-0.0412,0.0248,0.066,0.018180374033556074,-0.0124,0.0077,0.0201,-0.00059,0.007253130358679623,-0.0153,0.0152,0.0305,0.007277087329419649,0.0025,-0.0088,-0.011300000000000001,9.80659,2.9999999999930076e-05,9.8065,9.8066,9.999999999976694e-05,9.806590000045889,9.8066,9.8066,0.0,-17.7465,0.364544578892623,-18.37,-16.94,1.4299999999999997,17.750243801142563,-17.75,-17.69,0.05999999999999872,-27.648500000000002,0.3515433828135583,-28.25,-27.0,1.25,27.6507348003629,-27.75,-27.69,0.05999999999999872,1.6454999999999997,0.4850719018867203,0.88,2.44,1.56,1.7155072136251717,1.38,1.25,-0.1299999999999999,296.33450000000005,1.582490047362069,292.44,298.14,5.699999999999989,296.3387253887011,295.02,297.36,2.340000000000032,-80.26749999999998,0.198893815891796,-80.61,-79.9,0.7099999999999937,80.26774641784831,-80.25,-80.5,-0.25,-144.573,0.8198725510712024,-145.86,-142.19,3.670000000000016,144.57532472728533,-143.89,-142.19,1.6999999999999886,9.908973942335672,0.45655219483937776,9.12619470809165,11.11441417034654,1.9882194622548912,9.919486100423752,9.387045569826537,10.227087504270216,0.8400419344436791,0.08025364989574106,0.0364572102390161,0.022570334512363788,0.15729396046892583,0.13472362595656204,0.08814633571510502,0.06829970717360362,0.08696993733469054,0.018670230161086918,0.10004999999999989,0.0005894913061281345,0.09899999999999665,0.1010000000000062,0.0020000000000095497,0.1000517366166124,0.1010000000000062,0.09999999999999432,-0.0010000000000118803,0.10004999999999989,2.0009999999999977,-0.7880908678723202,1.909112503971997,60.3
-0.55058,0.8678705454156167,-2.5663,0.813,3.3792999999999997,1.0277828661735902,-0.5722,-2.5663,-1.9941,0.3491000000000001,0.7910634620559844,-1.2422,1.3779,2.6201,0.864668844702988,0.1916,0.8013,0.6097,9.847710000000001,0.41387051344593284,9.0716,10.7799,1.7082999999999995,9.856403048069819,9.7899,9.5926,-0.19730000000000025,0.016904999999999993,0.04461867854385649,-0.0707,0.0991,0.1698,0.047713787315617685,0.0476,0.0991,0.05149999999999999,0.026145,0.05789996092399373,-0.0813,0.1517,0.23299999999999998,0.06352925703957193,0.0177,0.0853,0.0676,0.004404999999999999,0.04603919498644606,-0.0981,0.0857,0.18380000000000002,0.046249448645362255,-0.0319,0.0347,0.06659999999999999,-0.00289,0.017992606815022662,-0.0412,0.0248,0.066,0.01822322693707127,-0.0171,0.0136,0.030699999999999998,-0.0013000000000000002,0.0076024995889509926,-0.0153,0.0152,0.0305,0.007712846426579489,0.0068,-0.0117,-0.0185,9.806585,3.570714214263103e-05,9.8065,9.8066,9.999999999976694e-05,9.806585000065008,9.8066,9.8065,-9.999999999976694e-05,-17.7465,0.364544578892623,-18.37,-16.94,1.4299999999999997,17.750243801142563,-18.19,-17.75,0.4400000000000013,-27.6295,0.35578750680708277,-28.25,-27.0,1.25,27.631790658587438,-28.0,-27.37,0.629999999999999,1.636,0.491989837293414,0.88,2.44,1.56,1.7083764222208173,2.13,1.19,-0.94,296.508,1.6186679708945881,292.44,298.49,6.050000000000011,296.5124182053764,297.86,298.49,0.6299999999999955,-80.27349999999998,0.20008185824806726,-80.61,-79.9,0.7099999999999937,80.27374935182733,-80.19,-80.37,-0.18000000000000682,-144.45299999999997,1.0534282130264017,-145.86,-141.49,4.3700000000000045,144.4568410287308,-144.5,-141.49,3.009999999999991,9.937732977056564,0.44060657476087134,9.12619470809165,11.11441417034654,1.9882194622548912,9.947495708820385,9.808479260823258,9.962226264244352,0.1537470034210937,0.08360272212108544,0.03823831002992382,0.022570334512363788,0.15729396046892583,0.13472362595656204,0.09193249425529582,0.059972160207883124,0.13528115168049096,0.07530899147260783,0.1,0.0005477225575051869,0.09899999999999665,0.10099999999999909,0.0020000000000024443,0.10000149998875017,0.09899999999999665,0.10000000000000853,0.0010000000000118803,0.1,2.0,-0.8167639016740793,1.8923596591664094,60.400000000000006
-0.5228700000000001,0.8755513355023793,-2.5663,0.813,3.3792999999999997,1.019795655021142,-0.6275,-0.018,0.6094999999999999,0.39943000000000006,0.8112068294214491,-1.2422,1.3779,2.6201,0.9042128316939546,-0.5639,1.1982,1.7620999999999998,9.857175000000002,0.41460414478753116,9.0716,10.7799,1.7082999999999995,9.86589051112468,9.6894,9.9792,0.2898000000000014,0.017874999999999995,0.04547803728174732,-0.0707,0.0991,0.1698,0.048864787935690455,0.0374,0.067,0.0296,0.030535,0.060369100332868963,-0.0813,0.1517,0.23299999999999998,0.06765215813261244,-0.0502,0.1055,0.1557,0.00488,0.04571000546926241,-0.0981,0.0857,0.18380000000000002,0.04596976180055755,0.0266,-0.0224,-0.049,-0.0020450000000000004,0.01769987217467968,-0.0412,0.0248,0.066,0.01781761768587484,-0.0137,-0.0002,0.0135,-0.001415,0.007495750462762218,-0.0153,0.0152,0.0305,0.007628138698267094,0.0105,0.0045,-0.006000000000000001,9.806585,3.570714214263103e-05,9.8065,9.8066,9.999999999976694e-05,9.806585000065008,9.8066,9.8066,0.0,-17.6995,0.3649311578914573,-18.37,-16.94,1.4299999999999997,17.703261705120898,-17.69,-17.25,0.4400000000000013,-27.598000000000003,0.34942238050817515,-28.25,-27.0,1.25,27.600211955707877,-27.12,-27.37,-0.25,1.592,0.48514533904800117,0.88,2.44,1.56,1.6642806253754203,1.94,1.25,-0.69,296.497,1.6101680036567612,292.44,298.49,6.050000000000011,296.50137208788766,298.14,297.64,-0.5,-80.28200000000001,0.19996499693696312,-80.61,-79.9,0.7099999999999937,80.2822490342666,-80.39,-80.36,0.030000000000001137,-144.30949999999999,1.2196207402303387,-145.86,-141.49,4.3700000000000045,144.31465367383868,-145.04,-141.63,3.4099999999999966,9.949853638601116,0.4402183218768876,9.12619470809165,11.11441417034654,1.9882194622548912,9.959587320792965,9.726058390735684,10.050892491714356,0.3248341009786717,0.08695254108120924,0.038949410772444536,0.022570334512363788,0.15729396046892583,0.13472362595656204,0.09527749471937222,0.06801735072759009,0.12696853941035946,0.05895118868276937,0.10004999999999989,0.0004974937185530075,0.09899999999999665,0.10099999999999909,0.0020000000000024443,0.10005123687391365,0.09999999999999432,0.09999999999999432,0.0,0.10004999999999989,2.0009999999999977,-0.8624648140884119,1.8982103304035292,60.5
-0.5635000000000001,0.898029796833045,-2.5663,0.813,3.3792999999999997,1.0601838359454459,0.1785,-1.4401,-1.6185999999999998,0.49607999999999997,0.8058089467113156,-1.2422,1.3779,2.6201,0.9462681570252695,0.2391,1.3691,1.13,9.869229999999998,0.41305287688139886,9.0716,10.7799,1.7082999999999995,9.877869885354839,10.0856,9.9305,-0.15509999999999913,0.014704999999999992,0.04621030702126961,-0.0707,0.0991,0.1698,0.04849360267086783,0.0559999999999999,-0.026,-0.08199999999999989,0.040845000000000006,0.06324000691808944,-0.0813,0.156,0.2373,0.07528354733937555,-0.0264,0.156,0.1824,0.0020949999999999988,0.0459977442381689,-0.0981,0.0857,0.18380000000000002,0.046045428654753556,0.0038,-0.0291,-0.0329,-0.0012800000000000003,0.01750921471682839,-0.0412,0.0248,0.066,0.01755593916599166,0.0062,0.0016,-0.0046,-0.0014150000000000002,0.007495750462762218,-0.0153,0.0152,0.0305,0.007628138698267095,0.0018,0.0105,0.008700000000000001,9.806585,3.570714214263103e-05,9.8065,9.8066,9.999999999976694e-05,9.806585000065008,9.8066,9.8066,0.0,-17.674500000000002,0.38147706353069216,-18.37,-16.94,1.4299999999999997,17.678616320289326,-18.06,-17.19,0.8699999999999974,-27.645,0.34515938347378,-28.25,-27.0,1.25,27.64715464564121,-27.94,-28.06,-0.11999999999999744,1.5545000000000002,0.4857826159919682,0.88,2.44,1.56,1.6286359323065422,1.88,1.19,-0.69,296.4305,1.5678471704856958,292.44,298.49,6.050000000000011,296.4346462122807,296.94,296.81,-0.12999999999999545,-80.28299999999999,0.20055173896029826,-80.61,-79.9,0.7099999999999937,80.28325049473271,-80.31,-80.41,-0.09999999999999432,-144.15350000000004,1.3122281623254404,-145.86,-141.49,4.3700000000000045,144.15947247753093,-145.49,-141.92,3.5700000000000216,9.969918058724982,0.4387032770672464,9.12619470809165,11.11441417034654,1.9882194622548912,9.97956545461775,10.09001280574014,10.12734679321292,0.03733398747278116,0.09159201091337342,0.04183690998203002,0.022570334512363788,0.16080674737087372,0.13823641285850993,0.10069470442878314,0.06202741329444578,0.16080674737087372,0.09877933407642794,0.1,0.0005477225575051869,0.09899999999999665,0.10099999999999909,0.0020000000000024443,0.10000149998875017,0.10000000000000853,0.09899999999999665,-0.0010000000000118803,0.1,2.0,-0.8818664083864647,1.9033390821127867,60.599
-0.641785,0.8981786343901752,-2.5663,0.813,3.3792999999999997,1.1039079877870257,-0.4986,-1.3872,-0.8886000000000001,0.552845,0.8254551220236022,-1.2422,1.3779,2.6201,0.9934856579236562,0.1203,1.3744,1.2541,9.829089999999999,0.42878394081401894,9.0716,10.7799,1.7082999999999995,9.838438183776935,10.1889,9.2828,-0.9061000000000003,0.009760000000000001,0.04681444648823694,-0.0707,0.0991,0.1698,0.04782102048262877,0.043,-0.0429,-0.0859,0.049030000000000004,0.06458628414764238,-0.0813,0.156,0.2373,0.08108840237666542,0.025,0.1373,0.11230000000000001,0.0009350000000000004,0.04623205895263589,-0.0981,0.0857,0.18380000000000002,0.046241512734771124,0.0137,-0.0194,-0.033100000000000004,-0.00259,0.017876825780881792,-0.0412,0.0248,0.066,0.018063471427164825,0.0124,-0.02,-0.0324,-0.0010450000000000001,0.007820899884284417,-0.0153,0.0152,0.0305,0.007890405566255768,-0.0094,0.0092,0.0186,9.80658,3.9999999999906775e-05,9.8065,9.8066,9.999999999976694e-05,9.80658000008158,9.8066,9.8065,-9.999999999976694e-05,-17.5745,0.5083549448957884,-18.37,-16.06,2.3100000000000023,17.581850727383625,-17.44,-16.06,1.3800000000000026,-27.610500000000002,0.3484174938202729,-28.25,-27.0,1.25,27.612698256418188,-27.87,-27.25,0.620000000000001,1.542,0.4804331379078675,0.88,2.44,1.56,1.6151099033811909,1.31,1.63,0.31999999999999984,296.58750000000003,1.7568320209968842,292.44,300.08,7.639999999999986,296.59270323964483,292.44,300.08,7.639999999999986,-80.291,0.20461915843830364,-80.61,-79.9,0.7099999999999937,80.29126073241098,-80.22,-80.47,-0.25,-144.0125,1.3125504752199066,-145.86,-141.49,4.3700000000000045,144.01848126195472,-145.47,-142.67,2.8000000000000114,9.939716045465293,0.45004158643377445,9.12619470809165,11.11441417034654,1.9882194622548912,9.949899119790109,10.201801667352685,9.485972540546383,-0.7158291268063017,0.09574806058924049,0.04281080930558465,0.022570334512363788,0.16080674737087372,0.13823641285850993,0.10488306107279668,0.05159156907867796,0.14514840681178695,0.093556837733109,0.1,0.0005477225575051869,0.09899999999999665,0.10099999999999909,0.0020000000000024443,0.10000149998875017,0.09999999999999432,0.10000000000000853,1.4210854715202004e-14,0.1,2.0,-0.9171172712091433,1.9281252574463252,60.699000000000005
-0.653815,0.8977914709301934,-2.5663,0.813,3.3792999999999997,1.1106320630613904,0.7228,-0.7392,-1.462,0.679415,0.9360881637297845,-1.2422,2.6517,3.8939,1.1566614856992516,-0.9167,2.6517,3.5684,9.8019,0.42229826663153625,9.0716,10.7799,1.7082999999999995,9.810992785442256,10.0024,9.6451,-0.3573000000000004,0.0118,0.04905386834898956,-0.0707,0.0991,0.1698,0.0504531664021199,-0.0489,0.0838,0.13269999999999998,0.05323,0.0656101828986934,-0.0813,0.156,0.2373,0.08448744877199216,0.1113,0.109,-0.0022999999999999965,0.0014449999999999997,0.04642591383053219,-0.0981,0.0857,0.18380000000000002,0.046448396097174334,-0.0672,0.0239,0.0911,-0.004465000000000001,0.01817045059980627,-0.0412,0.0248,0.066,0.018710999438832764,0.0149,-0.0251,-0.04,-0.0004250000000000002,0.007622983339874227,-0.0153,0.0152,0.0305,0.007634821543428503,-0.0153,0.003,0.0183,9.80658,3.9999999999906775e-05,9.8065,9.8066,9.999999999976694e-05,9.80658000008158,9.8066,9.8066,0.0,-17.512,0.5911480356052956,-18.37,-16.06,2.3100000000000023,17.521974774550955,-17.87,-16.19,1.6799999999999997,-27.610500000000002,0.34841749382027287,-28.25,-27.0,1.25,27.612698256418188,-27.37,-27.87,-0.5,1.5705,0.482726371767692,0.88,2.44,1.56,1.6430139987230783,2.25,1.88,-0.3700000000000001,296.9530000000001,1.610233212922897,294.0,300.08,6.079999999999984,296.95736572780953,297.77,299.75,1.9800000000000182,-80.31450000000001,0.22141533370568425,-80.69,-79.9,0.789999999999992,80.31480520427102,-80.16,-80.69,-0.5300000000000011,-143.8785,1.2935775005773729,-145.86,-141.49,4.3700000000000045,143.88431500688324,-145.04,-142.79,2.25,9.93113838352907,0.4465861789124131,9.12619470809165,11.11441417034654,1.9882194622548912,9.941174417944794,10.070292175006642,10.030248428628276,-0.04004374637836605,0.10014606230324445,0.04256607458005352,0.022570334512363788,0.16080674737087372,0.13823641285850993,0.10881683922996478,0.13890550745020874,0.13955160335875758,0.0006460959085488327,0.1,0.0005477225575051869,0.09899999999999665,0.10099999999999909,0.0020000000000024443,0.10000149998875017,0.10000000000000142,0.09999999999999432,-7.105427357601002e-15,0.1,2.0,-0.9266699336156989,1.9425315215166208,60.799
-0.735195,0.8413103181793268,-2.5663,0.813,3.3792999999999997,1.1172800631444204,-0.8433,-0.9048,-0.0615,0.8118699999999999,0.8870041933948226,-1.2422,2.6517,3.8939,1.2024597024432877,0.3615,1.7324,1.3709,9.778940000000002,0.4232551670092169,9.0716,10.7799,1.7082999999999995,9.788095445999696,10.3728,9.5432,-0.8295999999999992,0.01937,0.05075506969751888,-0.0707,0.1025,0.1732,0.05432562931066698,0.036,0.1025,0.0665,0.055900000000000005,0.06892197762687893,-0.0813,0.1647,0.246,0.08874147282978799,-0.0038,0.1647,0.1685,0.005220000000000001,0.04367902929324323,-0.0981,0.0857,0.18380000000000002,0.043989839736011775,0.0224,0.0083,-0.0141,-0.004495000000000001,0.018138921550081195,-0.0412,0.0248,0.066,0.01868757608680163,0.0104,0.0143,0.0039000000000000007,0.00013,0.006888475883677027,-0.0117,0.0152,0.0269,0.006889702460919484,-0.0088,-0.0042,0.004600000000000001,9.80658,3.9999999999906775e-05,9.8065,9.8066,9.999999999976694e-05,9.80658000008158,9.8066,9.8066,0.0,-17.4215,0.6635305192679535,-18.37,-16.06,2.3100000000000023,17.434131323355345,-18.0,-16.06,1.9400000000000013,-27.617,0.3450666602266871,-28.25,-27.0,1.25,27.619155671381414,-27.94,-27.5,0.4400000000000013,1.5645,0.47492604687466866,0.88,2.44,1.56,1.6349969418931645,2.0,2.13,0.1299999999999999,297.07550000000003,1.7544613845850257,294.0,300.22,6.220000000000027,297.08068068287446,297.69,300.22,2.5300000000000296,-80.34450000000001,0.23844234103866638,-80.76,-79.9,0.8599999999999994,80.34485381777728,-80.06,-80.76,-0.7000000000000028,-143.777,1.2780066509999095,-145.86,-141.49,4.3700000000000045,143.78267986791732,-144.46,-143.01,1.450000000000017,9.91468778248204,0.4472166269286001,9.12619470809165,11.11441417034654,1.9882194622548912,9.924768840406308,10.413300004321396,9.741280154065995,-0.6720198502554009,0.10290918921947341,0.046595362153229576,0.022570334512363788,0.19416804577478758,0.1715977112624238,0.11296649503281936,0.042569942447694235,0.19416804577478758,0.15159810332709334,0.10005000000000024,0.0005894913061281045,0.09899999999999665,0.1010000000000062,0.0020000000000095497,0.10005173661661275,0.10000000000000142,0.1010000000000062,0.0010000000000047748,0.10005000000000024,2.0010000000000048,-0.9396120942918031,1.992903387931534,60.900000000000006
-0.722865,0.8414426488329433,-2.5663,0.813,3.3792999999999997,1.1093058818468422,-0.2912,-0.5967,-0.3055,0.86793,0.8921842315912111,-1.2422,2.6517,3.8939,1.244706868302734,1.293,1.4827,0.18969999999999998,9.762365,0.4058058147377882,9.0716,10.7799,1.7082999999999995,9.770795707233878,9.612,10.0413,0.42929999999999957,0.016,0.05176651427322492,-0.0707,0.1025,0.1732,0.05418276478733805,0.0061,-0.0314,-0.0375,0.06726,0.07645781451231784,-0.0813,0.2234,0.30469999999999997,0.10183174848739464,0.0269,0.2234,0.19649999999999998,0.0005699999999999982,0.0464640839789186,-0.0981,0.0857,0.18380000000000002,0.04646758009623484,0.0353,-0.0706,-0.1059,-0.0041800000000000006,0.01844694012566854,-0.0412,0.0248,0.066,0.01891459753735194,-0.0021,0.0167,0.0188,-7.000000000000001e-05,0.007196047526246614,-0.0128,0.0152,0.028,0.007196387982870296,0.0058,-0.0128,-0.0186,9.80658,3.999999999990678e-05,9.8065,9.8066,9.999999999976694e-05,9.80658000008158,9.8066,9.8066,0.0,-17.312,0.7357961674268221,-18.37,-15.81,2.5600000000000005,17.327629382001454,-17.56,-15.81,1.7499999999999982,-27.638500000000004,0.3764873835867544,-28.37,-27.0,1.370000000000001,27.641064107591806,-27.75,-28.37,-0.620000000000001,1.549,0.465423463095706,0.88,2.44,1.56,1.6174115122627264,1.63,1.69,0.06000000000000005,297.187,1.8577892776092797,294.0,300.22,6.220000000000027,297.19280669289424,297.05,299.92,2.8700000000000045,-80.37899999999999,0.24462011364562763,-80.76,-79.9,0.8599999999999994,80.37937222944703,-79.97,-80.75,-0.7800000000000011,-143.69099999999997,1.2869922299687762,-145.86,-141.49,4.3700000000000045,143.6967634638999,-144.88,-142.74,2.1399999999999864,9.902407862372575,0.43660280258126716,9.12619470809165,11.11441417034654,1.9882194622548912,9.912028222316561,9.702947512998305,10.167701602132116,0.46475408913381067,0.11259994334240875,0.052782248524350844,0.022570334512363788,0.23638502490640137,0.21381469039403758,0.12435719922867353,0.04479854908364778,0.23638502490640137,0.1915864758227536,0.1,0.0006324555320344488,0.09899999999999665,0.1010000000000062,0.0020000000000095497,0.10000199998000041,0.09999999999999432,0.09899999999999665,-0.0009999999999976694,0.1,2.0,-0.9550391530552389,2.033898805203009,60.999
-0.72385,0.8409481467367652,-2.5663,0.813,3.3792999999999997,1.1095731647800429,0.813,-0.3109,-1.1239,0.881335,0.9004460096391121,-1.2422,2.6517,3.8939,1.2599819040367206,-1.1879,1.5611,2.7489999999999997,9.738775000000002,0.42701973476058463,9.0716,10.7799,1.7082999999999995,9.748132352122637,9.6329,9.1402,-0.49269999999999925,0.014525,0.052443435003821016,-0.0707,0.1025,0.1732,0.05441773148524293,0.0794,-0.0234,-0.1028,0.07361999999999999,0.07810864612832565,-0.0813,0.2234,0.30469999999999997,0.10733529242518512,-0.0813,0.1541,0.2354,-0.0017799999999999997,0.045832385929602225,-0.0981,0.0857,0.18380000000000002,0.045866937983693665,0.0816,-0.0117,-0.09330000000000001,-0.0029400000000000008,0.01935619797377574,-0.0412,0.0248,0.066,0.019578202164652402,0.0051,0.0227,0.0176,-0.0008300000000000002,0.007337240625739353,-0.0128,0.0152,0.028,0.0073840368363111515,-0.0022,-0.0094,-0.0072,9.806574999999999,4.330127018912102e-05,9.8065,9.8066,9.999999999976694e-05,9.806575000095599,9.8066,9.8065,-9.999999999976694e-05,-17.19,0.8738878646599918,-18.37,-15.12,3.2500000000000018,17.21219858123883,-18.0,-15.12,2.880000000000001,-27.653999999999996,0.38699353999776265,-28.37,-27.0,1.370000000000001,27.656707685478402,-28.06,-28.06,0.0,1.5675,0.475519452809241,0.88,2.44,1.56,1.6380399873018971,2.38,2.0,-0.3799999999999999,297.32300000000004,1.940500193249154,294.0,300.22,6.220000000000027,297.32933234042014,296.69,299.77,3.079999999999984,-80.4115,0.23091719295019983,-80.76,-79.9,0.8599999999999994,80.41183156103335,-79.9,-80.62,-0.7199999999999989,-143.5555,1.2972951668760677,-145.86,-141.49,4.3700000000000045,143.56136163675797,-145.09,-142.17,2.920000000000016,9.881148803184717,0.4557298435710352,9.12619470809165,11.11441417034654,1.9882194622548912,9.891652610206243,9.739858203279963,9.277766329241107,-0.46209187403885643,0.1181752670038336,0.05119117862066313,0.022570334512363788,0.23638502490640137,0.21381469039403758,0.12878637544398866,0.13990214437241483,0.15630502231214452,0.016402877939729693,0.1000500000000006,0.0006689544080141321,0.09899999999999665,0.1010000000000062,0.0020000000000095497,0.10005223635681573,0.10000000000000853,0.1010000000000062,0.0009999999999976694,0.1000500000000006,2.001000000000012,-0.9445001357166376,2.0762790328457967,61.10000000000001
-0.815035,0.7647861343375676,-2.5663,0.4777,3.044,1.1176671608757234,-0.0817,-1.0107,-0.9289999999999999,1.0466349999999998,0.8036613934207615,-1.2422,2.6517,3.8939,1.3195895037851733,1.3779,2.1181,0.7402000000000002,9.750210000000001,0.4270935704269031,9.0716,10.7799,1.7082999999999995,9.759559619265614,9.177,9.8616,0.6845999999999997,0.01184,0.05038760164961218,-0.0707,0.1025,0.1732,0.05175998454404715,0.0339,0.0257,-0.008199999999999999,0.08407499999999998,0.07027387049963876,-0.0741,0.2234,0.2975,0.10957655999345844,-0.0741,0.1278,0.2019,-0.004315000000000001,0.04242604477205011,-0.0981,0.0857,0.18380000000000002,0.042644911771511494,0.0373,0.0309,-0.0063999999999999994,-0.0036850000000000008,0.019319116827639923,-0.0412,0.0248,0.066,0.019667422301867625,-0.0381,-0.0098,0.028300000000000002,-0.000775,0.007330885007964591,-0.0128,0.0152,0.028,0.00737173656610164,0.0079,-0.0011,-0.009000000000000001,9.806574999999999,4.330127018912102e-05,9.8065,9.8066,9.999999999976694e-05,9.806575000095599,9.8065,9.8066,9.999999999976694e-05,-17.046,0.9614489065987856,-18.37,-15.12,3.2500000000000018,17.0730928656761,-17.19,-15.12,2.070000000000002,-27.6445,0.37916322342758924,-28.37,-27.0,1.370000000000001,27.647100119180674,-27.06,-27.87,-0.8100000000000023,1.5299999999999998,0.4380639222761902,0.88,2.44,1.56,1.5914773011262209,2.44,1.63,-0.81,297.5005,2.034562545118731,294.0,300.24,6.240000000000009,297.50745695696435,297.49,300.24,2.75,-80.446,0.2016035713969377,-80.76,-80.03,0.730000000000004,80.44625261626548,-80.03,-80.59,-0.5600000000000023,-143.38649999999998,1.3065116723550547,-145.86,-141.49,4.3700000000000045,143.39245222465513,-144.67,-141.71,2.9599999999999795,9.90100650380263,0.4577887227291611,9.12619470809165,11.11441417034654,1.9882194622548912,9.911584146996887,9.280226953043766,10.137012215638293,0.8567852625945278,0.11787869320679105,0.05108151023471442,0.022570334512363788,0.23638502490640137,0.21381469039403758,0.1284706464527987,0.08961757640106097,0.13397066843156377,0.044353092030502805,0.09999999999999964,0.0007071067811884166,0.09899999999998954,0.1010000000000062,0.002000000000016655,0.10000249996875044,0.09999999999999432,0.09899999999998954,-0.0010000000000047748,0.09999999999999964,1.999999999999993,-0.939486102560835,2.1246764481032443,61.199
-0.7881250000000001,0.7988270994871168,-2.5663,0.4777,3.044,1.1221701076485686,-2.5285,0.4565,2.9850000000000003,1.11336,0.8801540980987362,-1.2422,2.7124,3.9546,1.419239840900755,0.9647,2.7124,1.7477,9.759950000000002,0.41598710496841124,9.0716,10.7799,1.7082999999999995,9.768811047102917,10.7799,9.3718,-1.4080999999999992,0.009784999999999999,0.050284006155039,-0.0707,0.1025,0.1732,0.051227214447010484,0.0309,-0.0072,-0.0381,0.09784000000000001,0.06468298385201475,0.0086,0.2234,0.2148,0.11728833701609039,0.0599,0.2012,0.14129999999999998,-0.004239999999999999,0.04250080469826424,-0.0981,0.0857,0.18380000000000002,0.04271177823504894,-0.0405,0.0388,0.07930000000000001,-0.0016800000000000003,0.017652325625820524,-0.0412,0.0248,0.066,0.017732089555379537,-0.0412,0.002,0.0432,-0.0015199999999999953,0.007166700775112628,-0.0128,0.0152,0.028,0.007326117662172778,-0.0003,-0.0069999999999999,-0.0066999999999999005,9.80658,3.9999999999906775e-05,9.8065,9.8066,9.999999999976694e-05,9.80658000008158,9.8065,9.8066,9.999999999976694e-05,-16.9585,1.0220825553740758,-18.37,-15.12,3.2500000000000018,16.989272350515783,-18.25,-15.44,2.8100000000000005,-27.6975,0.3676666288909015,-28.37,-27.0,1.370000000000001,27.699940162390245,-27.75,-28.12,-0.370000000000001,1.536,0.45111417623479755,0.88,2.56,1.6800000000000002,1.6008747608729421,2.31,2.56,0.25,297.91700000000003,2.725191919847114,294.0,305.82,11.819999999999993,297.929464068259,297.95,305.82,7.8700000000000045,-80.47249999999998,0.1787141572455865,-80.76,-80.15,0.6099999999999994,80.47269844487633,-80.15,-80.56,-0.4099999999999966,-143.19750000000002,1.3785894058783443,-145.86,-140.89,4.970000000000027,143.20413581667256,-144.36,-140.89,3.4700000000000273,9.925349897219885,0.43658466333261836,9.12619470809165,11.11441417034654,1.9882194622548912,9.93494724447493,11.11441417034654,9.767094821388804,-1.3473193489577362,0.123649487420931,0.053998905179096224,0.022570334512363788,0.23638502490640137,0.21381469039403758,0.13492619278701967,0.07863249964232347,0.20503346068386005,0.12640096104153659,0.10000000000000035,0.0007071067811884166,0.09899999999998954,0.1010000000000062,0.002000000000016655,0.10000249996875114,0.10000000000000142,0.10000000000000853,7.105427357601002e-15,0.10000000000000035,2.000000000000007,-0.9234795934543456,2.210164780321648,61.29900000000001
-0.715255,0.6966872924598237,-2.5663,0.4777,3.044,0.9984802944975931,0.4777,-1.0711,-1.5488,1.1146099999999999,0.8799598137983348,-1.2422,2.7124,3.9546,1.4201002520949004,-1.2422,0.9897,2.2319,9.693880000000002,0.34815044391756855,9.0716,10.2264,1.1547999999999998,9.700129802533572,9.9593,9.4585,-0.5007999999999999,0.01013,0.050451086212290816,-0.0707,0.1025,0.1732,0.05145803144310905,-0.0212,0.0378,0.059,0.10355499999999998,0.06611200704108143,0.0086,0.2234,0.2148,0.12285941355875014,0.0819,0.1742,0.0923,-0.0010800000000000009,0.042034290763613466,-0.0981,0.0857,0.18380000000000002,0.04204816286117623,-0.0981,0.0227,0.1208,-0.0004849999999999999,0.015629596124020605,-0.0251,0.0248,0.0499,0.01563711929992222,0.0248,-0.0173,-0.0421,-0.002364999999999995,0.007928825575077306,-0.0172,0.0152,0.0324,0.008274025622392038,-0.005,-0.0172,-0.012199999999999999,9.806585,3.570714214263103e-05,9.8065,9.8066,9.999999999976694e-05,9.806585000065008,9.8066,9.8066,0.0,-16.7645,1.1218889205264488,-18.37,-14.37,4.000000000000002,16.80199675633822,-16.94,-14.37,2.570000000000002,-27.682000000000006,0.3716396103754279,-28.37,-27.0,1.370000000000001,27.684494577290014,-27.0,-27.44,-0.4400000000000013,1.5079999999999998,0.41839694071539285,0.88,2.56,1.6800000000000002,1.564966453314575,1.69,1.75,0.06000000000000005,298.155,2.918666647632098,294.0,305.82,11.819999999999993,298.1692852055691,298.04,302.71,4.669999999999959,-80.4875,0.16290718216211464,-80.76,-80.21,0.5500000000000114,80.48766486238746,-80.22,-80.45,-0.23000000000000398,-142.95149999999998,1.5742816615841029,-145.86,-139.44,6.420000000000016,142.9601682812384,-144.48,-139.44,5.039999999999992,9.848142468429462,0.34677908243731526,9.12619470809165,10.243365276118977,1.117170568027328,9.854246080269155,10.047831339149758,9.570265594538117,-0.47756574461164014,0.12870253967286166,0.054277700593848496,0.022570334512363788,0.23638502490640137,0.21381469039403758,0.13967967819264188,0.12954018681474874,0.17969354468093726,0.05015335786618852,0.10005000000000024,0.0007399324293491456,0.09899999999998954,0.1010000000000062,0.002000000000016655,0.10005273609452192,0.10099999999999909,0.10099999999999909,0.0,0.10005000000000024,2.0010000000000048,-0.9475049102633477,2.29275583328581,61.400000000000006
-0.7559799999999999,0.6478572262466477,-2.5663,0.4565,3.0228,0.9956027048978925,0.2852,-0.3368,-0.622,1.3027899999999997,0.748426882133452,-0.0931,2.7124,2.8055000000000003,1.5024661666739787,0.4544,2.5214,2.0669999999999997,9.629925000000004,0.406169247820413,8.6802,10.2264,1.5462000000000007,9.638486860679947,10.0149,8.6802,-1.3347000000000016,0.015044999999999998,0.05192615405554314,-0.0707,0.1025,0.1732,0.05406179334798282,-0.0388,0.0771,0.1159,0.10796999999999998,0.06745321415618383,0.0086,0.2234,0.2148,0.12730851110589583,0.0134,0.1702,0.1568,0.001575,0.03722414371076922,-0.0706,0.0857,0.1563,0.03725744891964559,-0.0262,-0.045,-0.018799999999999997,-0.003515,0.01629399505953037,-0.0358,0.0235,0.0593,0.016668818194461178,0.0235,-0.0358,-0.0593,-0.002599999999999995,0.008071802772615296,-0.0172,0.0152,0.0324,0.008480212261494398,0.0152,-0.0097,-0.0249,9.806585,3.570714214263103e-05,9.8065,9.8066,9.999999999976694e-05,9.806585000065008,9.8066,9.8066,0.0,-16.6235,1.2597153448299343,-18.37,-14.12,4.250000000000002,16.671161777152786,-18.37,-14.12,4.250000000000002,-27.750500000000006,0.365834320423877,-28.37,-27.12,1.25,27.75291128872789,-27.56,-28.37,-0.8100000000000023,1.5234999999999999,0.430421595647802,0.88,2.56,1.6800000000000002,1.5831345489250115,1.31,2.0,0.69,298.39849999999996,3.0966373294268736,294.0,305.82,11.819999999999993,298.4145672801514,294.0,302.91,8.910000000000025,-80.50249999999998,0.15095943163645112,-80.76,-80.21,0.5500000000000114,80.50264154051095,-80.22,-80.52,-0.29999999999999716,-142.668,1.7716591094225784,-145.86,-138.81,7.050000000000011,142.67899985632081,-144.75,-138.81,5.939999999999998,9.798014000342532,0.3846816093755151,9.045261977411156,10.243365276118977,1.1981032987078208,9.805562619834722,10.029259215415664,9.045261977411156,-0.9839972380045072,0.13183508937507726,0.056015722877290335,0.022570334512363788,0.23638502490640137,0.21381469039403758,0.14324193520055498,0.048697433197243574,0.19219118085906023,0.14349374766181666,0.09995000000000047,0.0007399324293490016,0.09899999999998954,0.1010000000000062,0.002000000000016655,0.09995273883191043,0.09899999999999665,0.09900000000000375,7.105427357601002e-15,0.09995000000000047,1.9990000000000094,-0.9874028615779409,2.3829154485394,61.49900000000001
-0.7611549999999999,0.6398840554936496,-2.5663,0.4565,3.0228,0.9943885249237343,-0.5173,0.1817,0.699,1.3412899999999999,0.7231732281410865,-0.0931,2.7124,2.8055000000000003,1.5238236059334427,0.852,1.2244,0.37239999999999995,9.620755000000003,0.39938791353144387,8.6802,10.2264,1.5462000000000007,9.629041358074021,9.0716,9.8315,0.7599,0.017064999999999997,0.05056005612140872,-0.0707,0.1025,0.1732,0.0533622853708497,-0.0203,0.0016,0.0219,0.114405,0.06418407493296137,0.0086,0.2234,0.2148,0.13117964590591025,0.0097,0.1421,0.13240000000000002,6.999999999999993e-05,0.03888798143385691,-0.0706,0.0857,0.1563,0.03888804443527599,-0.0018,-0.0563,-0.0545,-0.004314999999999999,0.015311116059908893,-0.0358,0.0227,0.058499999999999996,0.015907529663652997,-0.0226,0.0075,0.0301,-0.0036949999999999947,0.00699667599650005,-0.0172,0.0105,0.027700000000000002,0.007912426934891716,-0.0025,-0.0067,-0.004200000000000001,9.806585,3.570714214263103e-05,9.8065,9.8066,9.999999999976694e-05,9.806585000065008,9.8066,9.8066,0.0,-16.3485,1.4363783450052428,-18.06,-12.87,5.1899999999999995,16.411478757260113,-17.19,-12.87,4.320000000000002,-27.762999999999998,0.36337446250390226,-28.37,-27.12,1.25,27.765377901264014,-27.69,-27.81,-0.11999999999999744,1.552,0.4341958083630011,0.88,2.56,1.6800000000000002,1.6115923802252232,1.56,1.88,0.31999999999999984,298.8205,3.043094600895608,294.05,305.82,11.769999999999982,298.8359945605616,295.85,302.44,6.589999999999975,-80.52199999999999,0.13782597723216158,-80.76,-80.21,0.5500000000000114,80.522117955255,-80.21,-80.61,-0.4000000000000057,-142.36700000000002,1.8991658695332554,-145.86,-138.73,7.130000000000024,142.37966680674597,-145.86,-138.73,7.130000000000024,9.7920067956691,0.3819519728580103,9.045261977411156,10.243365276118977,1.1981032987078208,9.79945327025952,9.12619470809165,9.909115121947066,0.7829204138554164,0.13704296918310938,0.052793348041939324,0.022570334512363788,0.23638502490640137,0.21381469039403758,0.14686018180568888,0.022570334512363788,0.15285502935788536,0.13028469484552158,0.1,0.000707106781187914,0.09899999999998954,0.1010000000000062,0.002000000000016655,0.10000249996875078,0.10000000000000853,0.09999999999998721,-2.1316282072803006e-14,0.1,2.0,-1.0245823457742347,2.4970389243945945,61.599
-0.8061549999999998,0.6526711687174483,-2.5663,0.4565,3.0228,1.0372393834115634,-0.7609,-1.4173,-0.6564,1.4333699999999998,0.7706929823866311,-0.0931,2.7124,2.8055000000000003,1.6274265666997083,0.2781,2.6936,2.4154999999999998,9.655645,0.37989419510569006,8.6802,10.2264,1.5462000000000007,9.663115437864747,9.5276,9.7694,0.24179999999999957,0.015619999999999998,0.05199977499951322,-0.0707,0.1025,0.1732,0.054295128694939104,-0.0707,-0.0492,0.0215,0.119605,0.05953506088852181,0.0086,0.2234,0.2148,0.13360306695581506,0.0395,0.1137,0.07419999999999999,-0.0018649999999999997,0.03988298227314502,-0.0706,0.0857,0.1563,0.03992656383912845,-0.0245,-0.0405,-0.016,-0.0019950000000000002,0.015869892091630616,-0.0358,0.0238,0.0596,0.01599479602870884,-0.012,0.0238,0.0358,-0.0024949999999999946,0.008898397327609053,-0.0172,0.0215,0.0387,0.009241563720496653,0.0001,0.0215,0.0214,9.806585,3.570714214263103e-05,9.8065,9.8066,9.999999999976694e-05,9.806585000065008,9.8066,9.8066,0.0,-16.136000000000003,1.6010977484213762,-18.06,-12.87,5.1899999999999995,16.215240053727236,-17.81,-12.94,4.869999999999999,-27.803500000000003,0.3966015002493054,-28.5,-27.12,1.379999999999999,27.806328506295113,-27.37,-28.5,-1.129999999999999,1.5805,0.45212249446361324,0.88,2.56,1.6800000000000002,1.6438962862662596,1.06,2.13,1.0699999999999998,299.155,3.065791088773012,294.05,305.82,11.769999999999982,299.17070896062,294.05,302.54,8.490000000000009,-80.5505,0.1290145340649655,-80.78,-80.33,0.45000000000000284,80.55060331865927,-80.33,-80.78,-0.45000000000000284,-142.0235,1.8571463997218949,-145.38,-138.73,6.650000000000006,142.0356418121874,-145.38,-138.99,6.389999999999986,9.847325335015826,0.3610629866871124,9.045261977411156,10.243365276118977,1.1981032987078208,9.853942496990735,9.561980452814154,10.232565495026162,0.6705850422120072,0.1424314648097888,0.045881900921146364,0.04557751638692043,0.23638502490640137,0.19080750851948095,0.14963913592372818,0.08461081491157026,0.13034024704595276,0.045729432134382506,0.09999999999999964,0.000707106781187914,0.09899999999998954,0.1010000000000062,0.002000000000016655,0.10000249996875044,0.10099999999999199,0.10000000000000142,-0.000999999999990564,0.09999999999999964,1.999999999999993,-1.0726481195313653,2.6126199029245427,61.699
-0.721705,0.754405376090998,-2.5663,0.9281,3.4944,1.0440237442223237,-0.8762,0.9281,1.8043,1.57595,0.8067111946043639,-0.0931,3.1297,3.2228000000000003,1.7704240605007604,0.6107,3.1297,2.519,9.671584999999999,0.3808741436157095,8.6802,10.2264,1.5462000000000007,9.679081646804102,9.8699,9.8464,-0.0235000000000003,0.010289999999999999,0.06452841932048235,-0.1773,0.1025,0.2798,0.06534371431132455,-0.0089,-0.1773,-0.16840000000000002,0.12192,0.05723078367452257,0.0086,0.2234,0.2148,0.13468425668948839,0.0237,0.0858,0.0621,-0.0002299999999999999,0.039590745130648905,-0.0706,0.0857,0.1563,0.03959141321044249,0.0379,0.0082,-0.029700000000000004,-0.00218,0.016006423710498235,-0.0358,0.0238,0.0596,0.01615419450173855,-0.0067,-0.0157,-0.008999999999999998,-0.0016049999999999958,0.009942357617788647,-0.0172,0.0215,0.0387,0.010071072435445985,-0.0022,0.0179,0.0201,9.80658,3.9999999999906775e-05,9.8065,9.8066,9.999999999976694e-05,9.80658000008158,9.8066,9.8065,-9.999999999976694e-05,-15.9175,1.6550162385910299,-18.06,-12.87,5.1899999999999995,16.003308564168847,-17.56,-13.44,4.119999999999999,-27.8505,0.3981391088551837,-28.5,-27.12,1.379999999999999,27.85334566977547,-28.25,-28.31,-0.05999999999999872,1.668,0.5087199622582154,0.88,2.81,1.9300000000000002,1.7438520579452832,1.44,2.81,1.37,299.9695,3.699706035619586,294.7,310.34,15.639999999999986,299.9923144932216,294.7,310.34,15.639999999999986,-80.5725,0.12703838002745474,-80.78,-80.36,0.4200000000000017,80.57260015042334,-80.49,-80.77,-0.28000000000000114,-141.61950000000002,1.9590928385352213,-144.54,-137.3,7.239999999999981,141.63304990361536,-144.54,-137.3,7.239999999999981,9.887897654990073,0.3721403262773048,9.045261977411156,10.373426852299099,1.3281648748879427,9.89489810245664,9.9275176625378,10.373426852299099,0.44590918976129856,0.14805792284680128,0.04534293199927241,0.04557751638692043,0.23638502490640137,0.19080750851948095,0.15484550364799102,0.04557751638692043,0.19713997565181957,0.15156245926489914,0.09995000000000047,0.0006689544080150614,0.09899999999998954,0.1010000000000062,0.002000000000016655,0.09995223859424109,0.10000000000000853,0.10000000000000853,0.0,0.09995000000000047,1.9990000000000094,-1.1519631634373297,2.7708786278345556,61.79900000000001
-0.754195,0.7740949285940322,-2.5663,0.9281,3.4944,1.0807557802297427,-0.4742,-1.526,-1.0518,1.7178099999999996,0.8713685522785408,-0.0931,3.4479,3.5410000000000004,1.926176095272704,0.8739,3.4479,2.5740000000000003,9.66061,0.3781542818744752,8.6802,10.2264,1.5462000000000007,9.668008390201159,9.1884,9.6504,0.46199999999999974,-0.0009700000000000056,0.08369611759215598,-0.2341,0.1025,0.3366,0.08370173833320309,0.0527,-0.2341,-0.2868,0.13445000000000001,0.06161969246920987,0.0086,0.2743,0.2657,0.14789790059361896,0.0086,0.2743,0.2657,-0.0045650000000000005,0.03992358043813205,-0.0706,0.0857,0.1563,0.0401837218286211,0.0514,-0.0488,-0.10020000000000001,-0.0014450000000000008,0.016119102797612524,-0.0358,0.0238,0.0596,0.01618374184173734,-0.0177,0.008,0.0257,-0.0014949999999999952,0.009947335070258766,-0.0172,0.0215,0.0387,0.010059050651030639,0.0016,0.0,-0.0016,9.80658,3.9999999999906775e-05,9.8065,9.8066,9.999999999976694e-05,9.80658000008158,9.8066,9.8066,0.0,-15.699000000000002,1.7112594776947185,-18.06,-12.87,5.1899999999999995,15.791991957951346,-17.75,-13.19,4.5600000000000005,-27.8565,0.4049601832279315,-28.5,-27.12,1.379999999999999,27.859443372041735,-27.87,-28.37,-0.5,1.7305,0.5518285512729474,0.88,2.81,1.9300000000000002,1.816354866208693,0.88,2.69,1.81,300.7765,4.1900576070025535,295.26,310.84,15.579999999999984,300.8056840137832,295.26,310.84,15.579999999999984,-80.59450000000001,0.14732532029491802,-80.93,-80.36,0.5700000000000074,80.59463465392719,-80.61,-80.93,-0.3200000000000074,-141.2525,2.062398785395297,-144.23,-137.2,7.030000000000001,141.26755552850764,-144.23,-137.2,7.030000000000001,9.909563542790009,0.38616580753237234,9.045261977411156,10.373426852299099,1.3281648748879427,9.917084936587969,9.242037730392578,10.36083541853648,1.1187976881439017,0.16397415213844596,0.06005812959523282,0.07411619256275918,0.36390210221981406,0.28978590965705486,0.17462674909646575,0.07411619256275918,0.36390210221981406,0.28978590965705486,0.1,0.0007071067811884165,0.09899999999998954,0.1010000000000062,0.002000000000016655,0.1000024999687508,0.09899999999999665,0.10099999999999909,0.0020000000000024443,0.1,2.0,-1.2387192359971806,2.9301343392379167,61.900000000000006
-0.70435,0.8211830590678304,-2.5663,0.9281,3.4944,1.081873624320327,-1.3563,0.5227,1.879,1.778235,0.852448861970617,-0.0931,3.4479,3.5410000000000004,1.9720012113332994,1.346,2.0824,0.7363999999999997,9.659279999999999,0.3798556944419816,8.6802,10.2264,1.5462000000000007,9.666746115782704,10.0599,9.1618,-0.8981000000000012,0.003014999999999998,0.0879460873205852,-0.2341,0.1324,0.3665,0.08799775281221675,0.0607,0.1324,0.07169999999999999,0.14619999999999997,0.05884470239537286,0.0142,0.2743,0.2601,0.15759802981002013,0.0899,0.2436,0.1537,-0.01103,0.04079697415250303,-0.0779,0.0857,0.1636,0.04226173209890953,-0.0252,-0.0779,-0.0527,-0.00035500000000000006,0.015715071587492052,-0.0358,0.0238,0.0596,0.015719080761927524,0.0007,0.0041,0.0034000000000000002,-0.0029849999999999955,0.01148513278112186,-0.0282,0.0215,0.049699999999999994,0.011866697097339255,-0.0047,-0.0282,-0.0235,9.80658,3.9999999999906775e-05,9.8065,9.8066,9.999999999976694e-05,9.80658000008158,9.8066,9.8066,0.0,-15.461500000000001,1.739512216111172,-18.06,-12.87,5.1899999999999995,15.559045118515465,-18.06,-13.0,5.059999999999999,-27.9005,0.4494048842636224,-28.75,-27.12,1.629999999999999,27.904119140370657,-27.12,-28.75,-1.629999999999999,1.827,0.5632947718557311,0.88,2.81,1.9300000000000002,1.9118655810490444,1.19,2.81,1.62,301.56850000000003,4.553730640914104,296.08,311.1,15.020000000000039,301.60287905621857,296.08,311.1,15.020000000000039,-80.6055,0.1560280423513675,-80.93,-80.36,0.5700000000000074,80.60565101157611,-80.6,-80.83,-0.23000000000000398,-140.85500000000005,2.2109941202997345,-143.96,-136.28,7.680000000000007,140.87235186508386,-143.96,-136.28,7.680000000000007,9.917961880207628,0.3731647441122827,9.045261977411156,10.373426852299099,1.3281648748879427,9.924979586049535,10.239768244447724,9.410004478744948,-0.8297637657027757,0.17466791976104698,0.06211211883641107,0.08696993733469054,0.36390210221981406,0.2769321648851235,0.18538284036015845,0.11136220184604828,0.2879915450147799,0.17662934316873163,0.10004999999999989,0.0006689544080147162,0.09899999999998954,0.1010000000000062,0.002000000000016655,0.10005223635681504,0.10099999999999909,0.09999999999999432,-0.0010000000000047748,0.10004999999999989,2.0009999999999977,-1.3236753459808455,3.1195793940818533,62.0
-0.638155,0.8193190700056968,-2.5663,0.9281,3.4944,1.0385208435558722,-0.5819,-0.0324,0.5495,1.780185,0.8515019631656758,-0.0931,3.4479,3.5410000000000004,1.9733510147715738,-0.0931,1.385,1.4781,9.686995,0.4255479038545485,8.6802,10.6142,1.934000000000001,9.696337615228753,10.2264,10.6142,0.38780000000000037,0.0019249999999999966,0.08735751184071122,-0.2341,0.1324,0.3665,0.08737871880498134,-0.0317,0.0389,0.0706,0.14592499999999997,0.05911937816824531,0.0142,0.2743,0.2601,0.15744588435395826,0.1517,0.0844,-0.0673,-0.011819999999999994,0.04121455568121534,-0.0779,0.0857,0.1636,0.042876007276797586,-0.0269,-0.0409999999999999,-0.014099999999999897,-0.00023,0.015732898652187396,-0.0358,0.0238,0.0596,0.015734579752888223,-0.0059,0.0032,0.0091,-0.0030149999999999947,0.011490355738618363,-0.0282,0.0215,0.049699999999999994,0.011879330789232192,-0.0048,-0.0053,-0.0005000000000000004,9.80658,3.999999999990678e-05,9.8065,9.8066,9.999999999976694e-05,9.80658000008158,9.8066,9.8066,0.0,-15.1865,1.7417240740140214,-17.75,-12.56,5.1899999999999995,15.286051975575642,-17.56,-12.56,4.999999999999998,-27.966500000000007,0.426266055416098,-28.75,-27.25,1.5,27.96974839000165,-27.81,-28.44,-0.6300000000000026,1.905,0.5775162335380712,0.88,2.81,1.9300000000000002,1.990615482708803,0.88,2.75,1.87,302.3550000000001,4.884272207811515,296.31,311.81,15.5,302.3944479318362,296.31,311.81,15.5,-80.613,0.15915715503866018,-80.93,-80.36,0.5700000000000074,80.61315711470431,-80.54,-80.75,-0.20999999999999375,-140.464,2.3162737316647184,-143.18,-136.14,7.0400000000000205,140.48309656325205,-143.18,-136.14,7.0400000000000205,9.941184913116976,0.40551873164555746,9.045261977411156,10.704228902634696,1.65896692522354,9.949452392895804,10.243365276118977,10.704228902634696,0.4608636265157191,0.1741785816659896,0.06264519685358326,0.08696993733469054,0.36390210221981406,0.2769321648851235,0.18510159102503684,0.15729396046892583,0.10157543994490002,-0.0557185205240258,0.10000000000000035,0.0006324555320355723,0.09899999999998954,0.1010000000000062,0.002000000000016655,0.10000199998000076,0.10000000000000142,0.10000000000000853,7.105427357601002e-15,0.10000000000000035,2.000000000000007,-1.4290462554340309,3.323305046782309,62.10000000000001
-0.6126750000000001,0.828544429029005,-2.5663,0.9281,3.4944,1.0304642286367829,-0.9127,-0.0723,0.8403999999999999,1.889125,0.7364745792456112,0.8013,3.4479,2.6466000000000003,2.0276064883255827,1.2213,2.0857,0.8644000000000001,9.692385000000002,0.43296396417600397,8.6802,10.6142,1.934000000000001,9.702050545245577,10.1128,10.3342,0.22139999999999915,0.0034449999999999993,0.08702305714579327,-0.2341,0.1324,0.3665,0.0870912194196407,-0.0042,-0.0013,0.0029,0.144055,0.059497424103905544,0.0142,0.2743,0.2601,0.15585822564112553,0.0142,0.1143,0.1001,-0.015684999999999994,0.04581521881427611,-0.1042,0.0857,0.1899,0.048425752446399836,0.0857,-0.1042,-0.1899,0.0002999999999999999,0.0157114926089153,-0.0358,0.0238,0.0596,0.015714356493347095,0.0077,0.0047,-0.003,-0.0023599999999999953,0.011740587719530907,-0.0282,0.0215,0.049699999999999994,0.011975433186319396,-0.0088,0.0083,0.0171,9.80658,3.999999999990678e-05,9.8065,9.8066,9.999999999976694e-05,9.80658000008158,9.8066,9.8066,0.0,-14.974,1.697891044796456,-17.75,-12.56,5.1899999999999995,15.069953881813971,-17.69,-13.31,4.380000000000001,-28.004,0.44349069888781184,-28.75,-27.25,1.5,28.007511492455023,-27.69,-28.56,-0.8699999999999974,2.0425,0.6409904445465626,1.19,3.63,2.44,2.14071833738117,1.25,3.63,2.38,303.3860000000001,5.6202832668825495,296.81,316.93,20.120000000000005,303.43805394182186,297.36,316.93,19.569999999999993,-80.6215,0.15957051732698022,-80.93,-80.36,0.5700000000000074,80.62165791522771,-80.5,-80.71,-0.20999999999999375,-140.111,2.4114723718093876,-143.01,-136.12,6.889999999999986,140.13175057780447,-142.19,-136.12,6.069999999999993,9.956157667967325,0.4216086705410878,9.045261977411156,10.704228902634696,1.65896692522354,9.965080500452569,10.227087504270216,10.542820373125968,0.31573286885575236,0.17404754706940637,0.06268310664862396,0.08696993733469054,0.36390210221981406,0.2769321648851235,0.18499113627414693,0.08696993733469054,0.15467326853726213,0.06770333120257159,0.09994999999999976,0.0006689544080155395,0.09899999999998954,0.1010000000000062,0.002000000000016655,0.09995223859424038,0.09999999999999432,0.09899999999998954,-0.0010000000000047748,0.09994999999999976,1.9989999999999952,-1.5520096867542321,3.5229946582574527,62.199
-0.531845,0.8729949132011023,-2.5663,0.9281,3.4944,1.0222422523550863,-2.5663,0.7039,3.2702,1.90335,0.7261128331740185,0.8013,3.4479,2.6466000000000003,2.0371502323098314,0.8013,1.5058,0.7045,9.658805000000001,0.4250263926805017,8.6802,10.6142,1.934000000000001,9.668151915567938,9.5926,9.4412,-0.15139999999999887,0.007439999999999997,0.08840344676538353,-0.2341,0.1324,0.3665,0.08871596812299351,0.0991,0.0757,-0.02339999999999999,0.14926499999999998,0.051986462420518666,0.0844,0.2743,0.18989999999999999,0.1580589526094615,0.0853,0.1184,0.033100000000000004,-0.023619999999999995,0.04106549159574252,-0.1042,0.0388,0.14300000000000002,0.04737382188508755,0.0347,-0.073,-0.10769999999999999,-0.0008550000000000002,0.015971959021986,-0.0358,0.0238,0.0596,0.015994827288845603,0.0136,-0.0154,-0.028999999999999998,-0.001174999999999995,0.012217154947040655,-0.0282,0.0215,0.049699999999999994,0.012273528425029207,-0.0117,0.0149,0.0266,9.80658,3.999999999990678e-05,9.8065,9.8066,9.999999999976694e-05,9.80658000008158,9.8065,9.8066,9.999999999976694e-05,-14.705000000000002,1.6722694160929932,-17.75,-12.31,5.4399999999999995,14.799780741619113,-17.75,-12.31,5.4399999999999995,-28.009999999999998,0.4399999999999999,-28.75,-27.25,1.5,28.013455695433223,-27.37,-27.81,-0.4399999999999977,2.1645,0.7073151702034957,1.19,3.69,2.5,2.277137457423245,1.19,3.69,2.5,304.34950000000003,6.133008621386406,296.81,316.93,20.120000000000005,304.4112874796202,298.49,316.63,18.139999999999986,-80.6385,0.16377652456930497,-80.93,-80.36,0.5700000000000074,80.63866631461609,-80.37,-80.84,-0.46999999999999886,-139.86849999999998,2.4339685186953406,-143.01,-136.12,6.889999999999986,139.88967615589078,-141.49,-137.34,4.150000000000006,9.924123557008311,0.4241383963197736,9.045261977411156,10.704228902634696,1.65896692522354,9.933182861198116,9.962226264244352,9.586405285089922,-0.3758209791544296,0.17761707552468237,0.059578594999036935,0.10157543994490002,0.36390210221981406,0.262326662274914,0.1873430930138605,0.13528115168049096,0.15836050644021066,0.0230793547597197,0.09995000000000047,0.0006689544080155925,0.09899999999998954,0.1010000000000062,0.002000000000016655,0.09995223859424109,0.10000000000000853,0.10000000000000853,0.0,0.09995000000000047,1.9990000000000094,-1.686588194668417,3.718244038496131,62.29900000000001
-0.3514799999999999,0.8039467007208873,-1.526,1.041,2.567,0.877421499622616,-0.018,1.041,1.059,1.9520050000000002,0.6818931239387885,0.9897,3.4479,2.4582,2.067680282949954,1.1982,1.7744,0.5762,9.644185,0.43202362467230887,8.6802,10.6142,1.934000000000001,9.65385667629782,9.9792,9.3002,-0.6790000000000003,-0.0038049999999999994,0.09031216127964162,-0.2341,0.1324,0.3665,0.09039228119701372,0.067,-0.1258,-0.1928,0.151275,0.050221657429837974,0.0844,0.2743,0.18989999999999999,0.1593936651815247,0.1055,0.1255,0.020000000000000004,-0.027159999999999997,0.038878906877637384,-0.1042,0.0388,0.14300000000000002,0.047426100408952024,-0.0224,-0.0361,-0.0137,-0.000815,0.016009068523808623,-0.0358,0.0238,0.0596,0.01602980037305518,-0.0002,0.0144,0.0146,-0.0002799999999999949,0.012068081869128992,-0.0282,0.0215,0.049699999999999994,0.012071329669924516,0.0045,0.0062,0.0017000000000000001,9.80658,3.9999999999906775e-05,9.8065,9.8066,9.999999999976694e-05,9.80658000008158,9.8066,9.8065,-9.999999999976694e-05,-14.4175,1.61742967389621,-17.25,-12.0,5.25,14.507942135258192,-17.25,-12.0,5.25,-28.063500000000005,0.4236776486906053,-28.75,-27.25,1.5,28.066697971083098,-27.37,-28.44,-1.0700000000000003,2.2925,0.7497457902516026,1.19,3.75,2.56,2.4119856964750017,1.25,3.75,2.5,305.2205,6.466894521329385,296.81,316.93,20.120000000000005,305.2890013495409,297.64,315.91,18.27000000000004,-80.6645,0.16032700957730192,-80.93,-80.36,0.5700000000000074,80.66465933108502,-80.36,-80.89,-0.5300000000000011,-139.692,2.43797169794893,-143.01,-136.12,6.889999999999986,139.71327270520865,-141.63,-137.96,3.6699999999999875,9.90226295613152,0.43279015079536937,9.045261977411156,10.704228902634696,1.65896692522354,9.911716247300465,10.050892491714356,9.525014246708505,-0.5258782450058508,0.1799193154208865,0.058782479859900094,0.10157543994490002,0.36390210221981406,0.262326662274914,0.1892784720986515,0.12696853941035946,0.18132594960457257,0.05435741019421311,0.09994999999999976,0.0006689544080155395,0.09899999999998954,0.1010000000000062,0.002000000000016655,0.09995223859424038,0.09999999999999432,0.09999999999999432,0.0,0.09994999999999976,1.9989999999999952,-1.8503241208674837,3.9428410078725094,62.399
-0.35824500000000004,0.801678147684593,-1.526,1.041,2.567,0.8780816206367151,-1.4401,-0.1533,1.2868,1.9467500000000002,0.6880591606104812,0.9897,3.4479,2.4582,2.064766565740544,1.3691,1.0931,-0.276,9.639054999999999,0.4286107552021997,8.6802,10.6142,1.934000000000001,9.648579609066818,9.9305,9.8766,-0.0539000000000005,-0.012355,0.09129331013278028,-0.2341,0.1324,0.3665,0.09212553663344382,-0.026,-0.104,-0.078,0.15538,0.04966459100808139,0.0844,0.2743,0.18989999999999999,0.16312423486410596,0.156,0.1876,0.03159999999999999,-0.028819999999999995,0.039346189142024916,-0.1042,0.0388,0.14300000000000002,0.04877207192646217,-0.0291,-0.0556,-0.026499999999999996,-0.00054,0.016064414088288438,-0.0358,0.0238,0.0596,0.01607348748716345,0.0016,0.0053,0.0037,-0.00043999999999999476,0.012024782742320125,-0.0282,0.0215,0.049699999999999994,0.012032830091046741,0.0105,0.0013,-0.0092,9.806574999999999,4.3301270189121006e-05,9.8065,9.8066,9.999999999976694e-05,9.806575000095599,9.8066,9.8065,-9.999999999976694e-05,-14.148500000000002,1.5706854395454235,-17.19,-11.87,5.320000000000002,14.235417275232926,-17.19,-11.87,5.320000000000002,-28.10450000000001,0.39315995472580884,-28.75,-27.25,1.5,28.107249865470653,-28.06,-28.19,-0.13000000000000256,2.4050000000000002,0.7536743328520615,1.19,3.75,2.56,2.52032735968961,1.19,3.5,2.31,306.184,6.697119828702486,296.81,316.93,20.120000000000005,306.25723382477025,296.81,316.91,20.100000000000023,-80.6995,0.16632723769725843,-81.06,-80.41,0.6500000000000057,80.69967140577464,-80.41,-81.06,-0.6500000000000057,-139.48600000000002,2.439576602609557,-143.01,-136.12,6.889999999999986,139.5073321729005,-141.92,-137.51,4.409999999999997,9.896622739002606,0.4315496933801826,9.045261977411156,10.704228902634696,1.65896692522354,9.906027295338934,10.12734679321292,9.93808814913613,-0.18925864407679072,0.18465027471495915,0.058134512535069176,0.10157543994490002,0.36390210221981406,0.262326662274914,0.1935854991986745,0.16080674737087372,0.22158772529181303,0.06078097792093931,0.09995000000000047,0.0006689544080155925,0.09899999999998954,0.1010000000000062,0.002000000000016655,0.09995223859424109,0.09899999999999665,0.10000000000000853,0.0010000000000118803,0.09995000000000047,1.9990000000000094,-1.9743927379089854,4.189260804597957,62.49900000000001
-0.31132,0.7635397288943123,-1.526,1.041,2.567,0.824568408320377,-1.3872,-0.5016,0.8855999999999999,1.94828,0.6868058507322139,0.9897,3.4479,2.4582,2.0657921567766686,1.3744,1.3997,0.025299999999999878,9.6097,0.42774881414213173,8.6802,10.6142,1.934000000000001,9.619215307809675,9.2828,9.3434,0.060600000000000875,-0.010135000000000002,0.09147417272104734,-0.2341,0.1324,0.3665,0.09203392037721744,-0.0429,0.0184,0.0613,0.155805,0.049704431140492895,0.0844,0.2743,0.18989999999999999,0.1635412134600939,0.1373,0.1645,0.027200000000000002,-0.028315,0.039404127639119234,-0.1042,0.0388,0.14300000000000002,0.04852241234728545,-0.0194,-0.019,0.00040000000000000105,-0.0024650000000000006,0.017895062866612122,-0.0369,0.0238,0.060700000000000004,0.01806403886178282,-0.02,-0.0369,-0.016900000000000002,-0.0013049999999999952,0.011827319011508903,-0.0282,0.0215,0.049699999999999994,0.011899096604364548,0.0092,-0.0068,-0.016,9.806569999999999,4.5825756949451594e-05,9.8065,9.8066,9.999999999976694e-05,9.80657000010707,9.8065,9.8065,0.0,-13.838999999999999,1.5506060105649015,-16.19,-11.0,5.190000000000001,13.92559873039576,-16.06,-11.0,5.059999999999999,-28.1045,0.39315995472580884,-28.75,-27.25,1.5,28.107249865470653,-27.25,-28.06,-0.8099999999999987,2.4955,0.7097356902396835,1.63,3.75,2.12,2.594464299234044,1.63,3.0,1.37,307.0315,6.527583990267763,299.75,316.93,17.180000000000007,307.1008813810211,300.08,313.76,13.680000000000007,-80.74749999999999,0.2089228326440182,-81.37,-80.45,0.9200000000000017,80.74777027881328,-80.47,-81.37,-0.9000000000000057,-139.172,2.509244109288691,-143.01,-135.64,7.3700000000000045,139.1946187537435,-142.67,-135.64,7.030000000000001,9.863303721952875,0.43812455022578,9.045261977411156,10.704228902634696,1.65896692522354,9.873029597494378,9.485972540546383,9.460966452218294,-0.02500608832808915,0.18494057507710573,0.05802912363761339,0.10157543994490002,0.36390210221981406,0.262326662274914,0.19383084248901153,0.14514840681178695,0.166612754613805,0.021464347802018058,0.1000500000000006,0.0006689544080151943,0.09899999999998954,0.1010000000000062,0.002000000000016655,0.10005223635681575,0.10000000000000853,0.10099999999999909,0.000999999999990564,0.1000500000000006,2.001000000000012,-2.093554143879288,4.418478236500924,62.60000000000001
-0.2531549999999999,0.7225759299028719,-1.526,1.041,2.567,0.7656392286841107,-0.7392,-0.2239,0.5153,1.9450600000000002,0.6896340068471102,0.9897,3.4479,2.4582,2.063698976837465,2.6517,1.31,-1.3417,9.620639999999998,0.4220076591722003,8.6802,10.6142,1.934000000000001,9.629891197412357,9.6451,9.5016,-0.14349999999999952,-0.007405000000000002,0.09127010723670703,-0.2341,0.1324,0.3665,0.09157000873648533,0.0838,0.0117,-0.0721,0.153335,0.05174806542277691,0.0844,0.2743,0.18989999999999999,0.1618316548145016,0.109,0.0879,-0.021099999999999994,-0.024749999999999998,0.04310132828579648,-0.1042,0.0519,0.15610000000000002,0.04970198185183363,0.0239,0.0519,0.028,-0.0025449999999999995,0.0179766647351504,-0.0369,0.0238,0.060700000000000004,0.018155921898928735,-0.0251,-0.0216,0.0034999999999999996,-0.0020199999999999953,0.011600715495175284,-0.0282,0.0215,0.049699999999999994,0.01177527069752538,0.003,-0.0051,-0.0081,9.806574999999999,4.330127018912101e-05,9.8065,9.8066,9.999999999976694e-05,9.806575000095599,9.8066,9.8066,0.0,-13.595500000000001,1.565025479025821,-16.19,-11.0,5.190000000000001,13.685281327031609,-16.19,-11.19,5.000000000000002,-28.164000000000005,0.34663237009835085,-28.75,-27.44,1.3099999999999987,28.166133032420337,-27.87,-28.44,-0.5700000000000003,2.6015,0.7305633100560143,1.63,3.75,2.12,2.702133416395275,1.88,3.75,1.87,308.1065,7.044182191709694,299.75,321.58,21.829999999999984,308.1870144003475,299.75,321.58,21.829999999999984,-80.791,0.23549734605723374,-81.37,-80.45,0.9200000000000017,80.79134322438266,-80.69,-81.34,-0.6500000000000057,-138.793,2.524678395360486,-143.01,-135.09,7.9199999999999875,138.81596035759,-142.79,-135.09,7.699999999999989,9.868709779523277,0.434083698198394,9.045261977411156,10.704228902634696,1.65896692522354,9.878251938956609,10.030248428628276,9.594093691954441,-0.436154736673835,0.18282049597493918,0.06017893528035562,0.10157543994490002,0.36390210221981406,0.262326662274914,0.19247035615907193,0.13955160335875758,0.10274682476845697,-0.03680477859030061,0.09999999999999964,0.0007071067811894214,0.09899999999998954,0.1010000000000062,0.002000000000016655,0.10000249996875045,0.09999999999999432,0.09899999999998954,-0.0010000000000047748,0.09999999999999964,1.999999999999993,-2.2219942154808905,4.688800838648248,62.699
-0.21693,0.7154262897741457,-1.526,1.041,2.567,0.7475917341704629,-0.9048,-0.0147,0.8901,1.8928950000000004,0.6734789302383558,0.9897,3.4479,2.4582,2.00913547340641,1.7324,1.6084,-0.12399999999999989,9.618644999999999,0.4219816222005408,8.6802,10.6142,1.934000000000001,9.627896973145278,9.5432,9.6052,0.06199999999999939,-0.00905,0.08989762232673343,-0.2341,0.1324,0.3665,0.09035200606516713,0.1025,0.0509,-0.05159999999999999,0.15202500000000002,0.05316602180904642,0.0828,0.2743,0.1915,0.1610534895616981,0.1647,0.0828,-0.08190000000000001,-0.025389999999999996,0.04246451342003108,-0.1042,0.0519,0.15610000000000002,0.049476125555665725,0.0083,0.0111,0.0028000000000000004,-0.00129,0.01721838842633073,-0.0369,0.0238,0.060700000000000004,0.017266644144129456,0.0143,0.0,-0.0143,-0.002584999999999995,0.01161762776990208,-0.0282,0.0215,0.049699999999999994,0.011901743569746406,-0.0042,-0.0083,-0.0041,9.806569999999999,4.5825756949451594e-05,9.8065,9.8066,9.999999999976694e-05,9.80657000010707,9.8066,9.8065,-9.999999999976694e-05,-13.332999999999998,1.5480345603377206,-16.06,-10.94,5.119999999999999,13.42256681860813,-16.06,-10.94,5.119999999999999,-28.201500000000003,0.3533026323139981,-28.75,-27.44,1.3099999999999987,28.20371296478533,-27.5,-28.62,-1.120000000000001,2.7045000000000003,0.7659404350208965,1.63,3.94,2.31,2.810869082685994,2.13,3.94,1.81,309.2095,7.368964292897609,299.77,321.81,22.04000000000002,309.2972947262876,300.22,321.81,21.589999999999975,-80.818,0.2526974475533945,-81.37,-80.45,0.9200000000000017,80.81839505954075,-80.76,-81.23,-0.46999999999999886,-138.36700000000002,2.533101063913557,-143.01,-134.27,8.73999999999998,138.39018494821084,-143.01,-134.27,8.73999999999998,9.854144566960546,0.4333055855189572,9.045261977411156,10.704228902634696,1.65896692522354,9.86366660410823,9.741280154065995,9.738944177373645,-0.0023359766923505276,0.18073419886975692,0.06232774549835041,0.09782566125511241,0.36390210221981406,0.2660764409647016,0.19117949288561262,0.19416804577478758,0.09782566125511241,-0.09634238451967517,0.10004999999999989,0.0007399324293501299,0.09899999999998954,0.1010000000000062,0.002000000000016655,0.10005273609452157,0.1010000000000062,0.10099999999999909,-7.105427357601002e-15,0.10004999999999989,2.0009999999999977,-2.366627741831252,4.992246123284339,62.8
-0.17191499999999998,0.698860854730754,-1.526,1.041,2.567,0.719695255993813,-0.5967,-0.0045,0.5922000000000001,1.8556050000000006,0.7014014003942394,0.9866,3.4479,2.4613,1.9837423825940705,1.4827,0.9866,-0.4960999999999999,9.660214999999999,0.4523596194124757,8.6802,10.6142,1.934000000000001,9.67080053932972,10.0413,10.3746,0.3332999999999995,-0.01739,0.08684748067733457,-0.2341,0.1324,0.3665,0.08857142315668186,-0.0314,-0.0643,-0.0329,0.14798,0.05509050371888063,0.0828,0.2743,0.1915,0.15790200758698417,0.2234,0.0838,-0.1396,-0.026144999999999995,0.04199039741417077,-0.1042,0.0519,0.15610000000000002,0.0494646793176707,-0.0706,-0.0068,0.0638,-0.0025549999999999995,0.016953892620870287,-0.0369,0.0238,0.060700000000000004,0.017145334642403455,0.0167,-0.011,-0.0277,-0.002789999999999995,0.011680321057231258,-0.0282,0.0215,0.049699999999999994,0.012008913356336613,-0.0128,-0.0083,0.0045000000000000005,9.806569999999999,4.5825756949451594e-05,9.8065,9.8066,9.999999999976694e-05,9.80657000010707,9.8066,9.8066,0.0,-13.110999999999999,1.4567151403071226,-15.81,-10.94,4.870000000000001,13.191676921453162,-15.81,-11.62,4.190000000000001,-28.2485,0.3175732199036942,-28.75,-27.44,1.3099999999999987,28.250285042809747,-28.37,-28.44,-0.07000000000000028,2.8259999999999996,0.8529618983284071,1.63,4.56,2.9299999999999997,2.951918020541898,1.69,4.56,2.8699999999999997,310.65700000000004,8.251478715963584,299.77,329.17,29.400000000000034,310.76656601056686,299.92,329.17,29.25,-80.83749999999999,0.26233328038966147,-81.37,-80.45,0.9200000000000017,80.83792565992772,-80.75,-81.15,-0.4000000000000057,-137.8835,2.5235872780627178,-142.74,-133.34,9.400000000000006,137.90659181126912,-142.74,-133.34,9.400000000000006,9.888150911920878,0.44949940664956456,9.045261977411156,10.704228902634696,1.65896692522354,9.898362398573816,10.167701602132116,10.421407053272604,0.2537054511404886,0.17631804799227915,0.06431672762347558,0.09782566125511241,0.36390210221981406,0.2660764409647016,0.1876824325822745,0.23638502490640137,0.10584502822523124,-0.1305399966811701,0.1,0.000707106781188919,0.09899999999998954,0.1010000000000062,0.002000000000016655,0.1000024999687508,0.09899999999999665,0.10000000000000853,0.0010000000000118803,0.1,2.0,-2.5452043825589925,5.21170108830993,62.900000000000006
-0.11520000000000001,0.7080525157076982,-1.526,1.041,2.567,0.717362812668736,-0.3109,0.5376,0.8485,1.87667,0.6961927801263096,0.9866,3.4479,2.4613,2.001642994142562,1.5611,1.904,0.3429,9.63708,0.44403351067233643,8.6802,10.6142,1.934000000000001,9.647304114881006,9.1402,9.5786,0.4383999999999997,-0.018045,0.08699993951147324,-0.2341,0.1324,0.3665,0.08885162632163802,-0.0234,-0.0445,-0.021099999999999997,0.144135,0.05230564286002037,0.0828,0.2743,0.1915,0.15333224872804807,0.1541,0.1465,-0.007599999999999996,-0.025214999999999998,0.04119393492979276,-0.1042,0.0519,0.15610000000000002,0.04829841094694524,-0.0117,-0.052,-0.040299999999999996,-0.003275,0.01641818732381867,-0.0369,0.0238,0.060700000000000004,0.016741639704640644,0.0227,0.0023,-0.0204,-0.0020649999999999952,0.011484871570897079,-0.0282,0.0215,0.049699999999999994,0.011669040234740814,-0.0094,0.0017,0.0111,9.80657,4.5825756949451594e-05,9.8065,9.8066,9.999999999976694e-05,9.806570000107072,9.8065,9.8066,9.999999999976694e-05,-12.870499999999998,1.3866379303913476,-15.44,-10.94,4.5,12.94498107375982,-15.12,-11.0,4.119999999999999,-28.2175,0.3340340551500702,-28.75,-27.44,1.3099999999999987,28.21947705043451,-28.06,-27.75,0.3099999999999987,2.957,0.8694659280270849,1.63,4.56,2.9299999999999997,3.082177801490368,2.0,4.31,2.3099999999999996,311.856,8.345896836170455,299.77,329.17,29.400000000000034,311.96765654471295,299.77,323.9,24.129999999999995,-80.85600000000002,0.26848463643195825,-81.37,-80.45,0.9200000000000017,80.85644575418833,-80.62,-81.12,-0.5,-137.403,2.467411801868507,-142.17,-133.13,9.039999999999992,137.42515246489634,-142.17,-133.13,9.039999999999992,9.868805216015586,0.44535870300642943,9.045261977411156,10.704228902634696,1.65896692522354,9.878849162022872,9.277766329241107,9.780787684026272,0.5030213547851652,0.1725837364498882,0.06287273187157945,0.09782566125511241,0.36390210221981406,0.2660764409647016,0.18367941229217824,0.15630502231214452,0.16169879405858287,0.005393771746438347,0.10000000000000035,0.0007071067811884166,0.09899999999998954,0.1010000000000062,0.002000000000016655,0.10000249996875114,0.1010000000000062,0.09900000000000375,-0.0020000000000024443,0.10000000000000035,2.000000000000007,-2.7574410191346175,5.426045718097207,62.99900000000001
-0.13554,0.7191383993363167,-1.526,1.041,2.567,0.7317999241596025,-1.0107,-0.7177,0.2929999999999999,1.837385,0.7340310860413203,0.7754,3.4479,2.6725000000000003,1.978581631750381,2.1181,0.7754,-1.3427000000000002,9.6645,0.4291877572811227,8.6802,10.6142,1.934000000000001,9.674025138534631,9.8616,9.6886,-0.17300000000000004,-0.013440000000000002,0.08900890067852764,-0.2341,0.1324,0.3665,0.09001787600249185,0.0257,0.0687,0.043,0.14258,0.05244837080405834,0.0828,0.2743,0.1915,0.15192066350566008,0.1278,0.123,-0.004799999999999999,-0.026749999999999996,0.041233693746740664,-0.1042,0.0519,0.15610000000000002,0.0491505849405681,0.0309,-0.0424,-0.0733,-0.00373,0.01580674223235136,-0.0369,0.0238,0.060700000000000004,0.016240874360698685,-0.0098,0.0136,0.023399999999999997,-0.0015349999999999954,0.011378236902086366,-0.0282,0.0215,0.049699999999999994,0.011481310900763899,-0.0011,0.0012,0.0023,9.806574999999999,4.330127018912102e-05,9.8065,9.8066,9.999999999976694e-05,9.806575000095599,9.8066,9.8066,0.0,-12.651999999999997,1.3589834436077577,-15.44,-10.75,4.6899999999999995,12.724776618864473,-15.12,-10.75,4.369999999999999,-28.2615,0.36674616562412776,-28.94,-27.44,1.5,28.263879510781955,-27.87,-28.94,-1.0700000000000003,3.0665,0.8798879189987779,1.63,4.56,2.9299999999999997,3.190239019258588,1.63,4.19,2.5600000000000005,312.99899999999997,8.176058280124964,300.24,329.17,28.930000000000007,313.1057679602852,300.24,322.63,22.389999999999986,-80.877,0.2656143821407285,-81.37,-80.45,0.9200000000000017,80.87743616114447,-80.59,-81.04,-0.45000000000000284,-136.96450000000002,2.3581401039802525,-141.71,-133.13,8.580000000000013,136.98479873694015,-141.71,-133.4,8.310000000000002,9.892218932203713,0.4255389298882366,9.045261977411156,10.704228902634696,1.65896692522354,9.901367520878113,10.137012215638293,9.746040653003659,-0.3909715626346344,0.17212485162478067,0.0630231818710166,0.09782566125511241,0.36390210221981406,0.2660764409647016,0.18329998908892495,0.13397066843156377,0.14712732580999358,0.013156657378429804,0.0999499999999994,0.0006689544080144507,0.09899999999998954,0.10099999999999909,0.0020000000000095497,0.09995223859424002,0.09899999999998954,0.09999999999998721,0.0009999999999976694,0.0999499999999994,1.9989999999999881,-2.9507749145684556,5.726803919603427,63.099
-0.06520500000000003,0.6986018268477402,-1.526,1.041,2.567,0.7016382290753547,0.4565,0.396,-0.0605,1.76653,0.7709797027808191,0.701,3.4479,2.7469,1.9274433695961082,2.7124,0.701,-2.0114,9.635205,0.4346950488273359,8.6802,10.6142,1.934000000000001,9.645005711636463,9.3718,9.2757,-0.09609999999999985,-0.012050000000000005,0.08982262242887368,-0.2341,0.1324,0.3665,0.09062729169516212,-0.0072,0.0535,0.0607,0.13572500000000004,0.062018504295089226,-0.0093,0.2743,0.28359999999999996,0.14922322372874808,0.2012,-0.0093,-0.2105,-0.025979999999999993,0.04242951331325873,-0.1042,0.0519,0.15610000000000002,0.04975162308910132,0.0388,0.0463,0.0075,-0.003295,0.015753332187191382,-0.0369,0.0238,0.060700000000000004,0.01609423809939445,0.002,-0.0011,-0.0031000000000000003,-0.0015649999999999948,0.011377841403359424,-0.0282,0.0215,0.049699999999999994,0.011484968437048488,-0.0069999999999999,-0.0017,0.0052999999999999,9.806575,4.330127018912102e-05,9.8065,9.8066,9.999999999976694e-05,9.8065750000956,9.8066,9.8066,0.0,-12.446,1.279180987976291,-15.44,-10.75,4.6899999999999995,12.511563451463608,-15.44,-11.0,4.4399999999999995,-28.290000000000003,0.35723941551850097,-28.94,-27.44,1.5,28.292255477427034,-28.12,-28.44,-0.3200000000000003,3.229,0.8994770703025174,1.75,4.88,3.13,3.351939736928455,2.56,4.88,2.32,314.502,8.450771917404943,302.44,330.3,27.860000000000014,314.6155170203784,305.82,330.3,24.480000000000018,-80.89950000000002,0.2593352077909999,-81.37,-80.45,0.9200000000000017,80.89991566744678,-80.56,-81.04,-0.480000000000004,-136.55450000000002,2.205315113538198,-140.89,-133.13,7.759999999999991,136.57230643508953,-140.89,-133.51,7.3799999999999955,9.850897126894672,0.439653409333198,9.045261977411156,10.704228902634696,1.65896692522354,9.860703287544961,9.767094821388804,9.31057610945746,-0.45651871193134497,0.1689943814033154,0.06630987523823857,0.07136126400225826,0.36390210221981406,0.29254083821755583,0.18153815163761033,0.20503346068386005,0.07136126400225826,-0.1336721966816018,0.10005000000000024,0.0006689544080141586,0.09899999999998954,0.1010000000000062,0.002000000000016655,0.10005223635681539,0.10000000000000853,0.1010000000000062,0.0009999999999976694,0.10005000000000024,2.0010000000000048,-3.116087239816096,6.118011135877289,63.2
-0.09611,0.6884367711707444,-1.526,1.041,2.567,0.6951131706420185,-1.0711,-0.1616,0.9095,1.65763,0.7834055182981545,0.5344,3.4479,2.9135,1.8334288704501192,0.9897,0.5344,-0.45530000000000004,9.67208,0.4420058976982093,8.6802,10.6142,1.934000000000001,9.682174380788647,9.4585,10.1093,0.6507999999999985,-0.011800000000000001,0.08984272925507104,-0.2341,0.1324,0.3665,0.09061432557824398,0.0378,-0.0022,-0.04,0.12739999999999999,0.06381961297281581,-0.0093,0.2743,0.28359999999999996,0.14249106287764154,0.1742,0.0347,-0.13949999999999999,-0.024204999999999994,0.045717551060834395,-0.1042,0.0743,0.1785,0.05172984148438887,0.0227,0.0743,0.05160000000000001,-0.00397,0.01580114236376598,-0.0369,0.0238,0.060700000000000004,0.016292237415407376,-0.0173,-0.0115,0.0058,-0.0010900000000000003,0.011339263644522955,-0.0282,0.0215,0.049699999999999994,0.011391531942631775,-0.0172,0.0025,0.0197,9.806574999999999,4.330127018912103e-05,9.8065,9.8066,9.999999999976694e-05,9.8065750000956,9.8066,9.8066,0.0,-12.208499999999999,1.133963293056702,-14.37,-10.69,3.6799999999999997,12.261049914261013,-14.37,-10.69,3.6799999999999997,-28.284000000000002,0.36103185455026016,-28.94,-27.44,1.5,28.286304106404568,-27.44,-28.0,-0.5599999999999987,3.3289999999999997,0.930192990728268,1.75,4.88,3.13,3.4565155865408737,1.75,4.56,2.8099999999999996,315.7195,8.856562242202108,302.44,330.3,27.860000000000014,315.8436976971363,302.71,330.17,27.460000000000036,-80.92349999999999,0.24880263262272997,-81.37,-80.45,0.9200000000000017,80.92388247606513,-80.45,-81.04,-0.5900000000000034,-136.19,2.0560107003612607,-139.44,-133.13,6.310000000000002,136.20551853724575,-139.44,-133.6,5.840000000000003,9.868777618720967,0.44313970171054873,9.045261977411156,10.704228902634696,1.65896692522354,9.878721804110084,9.570265594538117,10.124704657914718,0.5544390633766003,0.16284436047528644,0.06835458844433902,0.07136126400225826,0.36390210221981406,0.29254083821755583,0.1766087073164854,0.17969354468093726,0.08203304212328104,-0.09766050255765622,0.10004999999999953,0.0006689544080142118,0.09899999999998954,0.1010000000000062,0.002000000000016655,0.10005223635681468,0.10099999999999909,0.09999999999999432,-0.0010000000000047748,0.10004999999999953,2.0009999999999906,-3.290438195244093,6.521330999809628,63.3
0.022074999999999994,0.7133533429339207,-1.526,1.2926,2.8186,0.7136948209844317,-0.3368,1.2926,1.6294,1.630755,0.8144620865792342,0.4522,3.4479,2.9957000000000003,1.8228303158824195,2.5214,0.4522,-2.0692,9.696814999999999,0.44320198022459234,8.6802,10.6142,1.934000000000001,9.706938195924604,8.6802,9.9532,1.2730000000000015,-0.004945000000000002,0.09820672825728388,-0.2341,0.1749,0.40900000000000003,0.09833114715083924,0.0771,0.1749,0.0978,0.12452499999999997,0.06293560101405245,-0.0093,0.2743,0.28359999999999996,0.1395255012533551,0.1702,0.1167,-0.05349999999999999,-0.025189999999999997,0.04490129062733052,-0.1042,0.0743,0.1785,0.051484580215827726,-0.045,0.003,0.048,-0.002305,0.01606111686651959,-0.0369,0.0238,0.060700000000000004,0.016225674100018156,-0.0358,0.016,0.0518,-0.000635,0.010855978767481077,-0.0282,0.0215,0.049699999999999994,0.010874534472794687,-0.0097,-0.0081,0.0016000000000000007,9.806575,4.330127018912102e-05,9.8065,9.8066,9.999999999976694e-05,9.8065750000956,9.8066,9.8066,0.0,-12.012,1.0816820235170779,-14.12,-10.44,3.6799999999999997,12.06060446246373,-14.12,-10.44,3.6799999999999997,-28.346500000000002,0.3147423549508397,-28.94,-27.75,1.1900000000000013,28.34824730031823,-28.37,-28.69,-0.3200000000000003,3.479,0.9050187843354413,1.88,4.88,3.0,3.594787893603738,2.0,4.75,2.75,317.1695,8.98101579722472,302.44,331.71,29.269999999999982,317.2966283700475,302.91,331.71,28.799999999999955,-80.951,0.22411827234743975,-81.37,-80.52,0.8500000000000085,80.95131024263907,-80.52,-81.0,-0.480000000000004,-135.89000000000001,1.996792427870259,-138.99,-133.13,5.860000000000014,135.90466982410868,-138.81,-133.44,5.3700000000000045,9.892612549501473,0.4392456521650946,9.045261977411156,10.704228902634696,1.65896692522354,9.902359304605142,9.045261977411156,10.046964210148259,1.0017022327371023,0.16437370958703118,0.06905306362934471,0.07136126400225826,0.36390210221981406,0.29254083821755583,0.1782892088714289,0.19219118085906023,0.21028052691583213,0.0180893460567719,0.09994999999999976,0.0006689544080139461,0.09899999999998954,0.1010000000000062,0.002000000000016655,0.09995223859424036,0.09900000000000375,0.09900000000000375,0.0,0.09994999999999976,1.9989999999999952,-3.480949481806988,6.914333331105482,63.399
0.040565,0.7085883969378839,-1.526,1.2926,2.8186,0.7097485720309693,0.1817,0.033,-0.1487,1.5304450000000003,0.8220992132796381,0.4522,3.4479,2.9957000000000003,1.7372705645638504,1.2244,0.5152,-0.7091999999999999,9.760784999999998,0.37962261428292166,9.1618,10.6142,1.4524000000000008,9.768164471665084,9.8315,9.9596,0.12809999999999988,-0.011855000000000004,0.09704593487107022,-0.2341,0.1749,0.40900000000000003,0.09776734884407984,0.0016,-0.0611,-0.0627,0.11888499999999998,0.06364006815678311,-0.0093,0.2743,0.28359999999999996,0.13484695584254025,0.1421,0.0574,-0.0847,-0.021539999999999997,0.04609382171180862,-0.1042,0.0743,0.1785,0.05087840406302068,-0.0563,0.0279999999999999,0.0842999999999999,0.0006649999999999998,0.015053115126112602,-0.0369,0.0238,0.060700000000000004,0.015067796786524564,0.0075,0.0236,0.0161,-0.0003600000000000002,0.01069127681804189,-0.0282,0.0215,0.049699999999999994,0.010697336116996605,-0.0067,-0.0042,0.0025000000000000005,9.80657,4.5825756949451594e-05,9.8065,9.8066,9.999999999976694e-05,9.806570000107072,9.8066,9.8065,-9.999999999976694e-05,-11.834,1.0107343864735185,-13.44,-10.44,3.0,11.877084659124055,-12.87,-10.56,2.3099999999999987,-28.346500000000002,0.31474235495083963,-28.94,-27.75,1.1900000000000013,28.34824730031823,-27.81,-28.37,-0.5600000000000023,3.5730000000000004,0.8419566497154113,1.88,4.88,3.0,3.6708609344403116,1.88,3.88,2.0,318.2025,8.45418291439214,302.44,331.71,29.269999999999982,318.3147879301243,302.44,323.57,21.129999999999995,-80.9735,0.2011286901463859,-81.37,-80.61,0.7600000000000051,80.9737497896695,-80.61,-80.97,-0.35999999999999943,-135.606,1.9649641218098621,-138.99,-133.13,5.860000000000014,135.6202356582527,-138.73,-133.13,5.599999999999994,9.938998004724878,0.3939642846437515,9.31057610945746,10.704228902634696,1.3936527931772371,9.946802963540597,9.909115121947066,9.972971081879262,0.06385595993219617,0.15918341801731398,0.07064989333555344,0.07136126400225826,0.36390210221981406,0.29254083821755583,0.17415730820152223,0.15285502935788536,0.08838534946471613,-0.06446967989316923,0.10004999999999953,0.0006689544080142118,0.09899999999998954,0.1010000000000062,0.002000000000016655,0.10005223635681468,0.09999999999998721,0.10099999999999909,0.0010000000000118803,0.10004999999999953,2.0009999999999906,-3.670976562933518,7.331307356519176,63.5
0.03380499999999998,0.7078542402747899,-1.526,1.2926,2.8186,0.7086609933529572,-1.4173,0.0465,1.4638,1.4950050000000001,0.8493547341806015,0.4522,3.4479,2.9957000000000003,1.7194311310721344,2.6936,0.5156,-2.178,9.72369,0.4062163523296419,9.0896,10.6142,1.5245999999999995,9.732171337425168,9.7694,9.0896,-0.6797999999999984,-0.016605,0.09858386518594206,-0.2341,0.1749,0.40900000000000003,0.09997251872389731,-0.0492,-0.0934,-0.044199999999999996,0.11430499999999999,0.06508425673694061,-0.0093,0.2743,0.28359999999999996,0.13153552181825257,0.1137,0.0505,-0.06319999999999999,-0.016639999999999995,0.04733056517727207,-0.1042,0.0743,0.1785,0.0501704295377267,-0.0405,0.0417,0.0822,-0.0016600000000000005,0.017248779666979342,-0.039,0.0238,0.0628,0.017328473677736305,0.0238,-0.039,-0.0628,-5.49999999999998e-05,0.010592614172148442,-0.0282,0.0215,0.049699999999999994,0.01059275695935671,0.0215,-0.0006,-0.022099999999999998,9.806565,4.7696960070736126e-05,9.8065,9.8066,9.999999999976694e-05,9.806565000115993,9.8066,9.8065,-9.999999999976694e-05,-11.6935,1.0514431748791753,-13.44,-10.06,3.379999999999999,11.740676087857972,-12.94,-10.06,2.879999999999999,-28.3935,0.3010029069627073,-28.94,-27.75,1.1900000000000013,28.39509543917752,-28.5,-28.75,-0.25,3.7009999999999996,0.7660150129077106,2.13,4.88,2.75,3.779441757720312,2.13,4.44,2.3100000000000005,319.26899999999995,7.711213847378373,302.54,331.71,29.16999999999996,319.3621098064077,302.54,323.77,21.22999999999996,-80.9875,0.18438749957630213,-81.37,-80.71,0.6600000000000108,80.98770990094732,-80.78,-80.89,-0.10999999999999943,-135.32150000000001,1.9029957304208558,-138.99,-133.04,5.950000000000017,135.33488003837002,-138.99,-133.04,5.950000000000017,9.898758773398978,0.4340247747038299,9.104330495429085,10.704228902634696,1.599898407205611,9.908269412919696,10.232565495026162,9.104330495429085,-1.1282349995970762,0.15724432765435922,0.0713259519426731,0.07136126400225826,0.36390210221981406,0.29254083821755583,0.17266490668343698,0.13034024704595276,0.11407322209879056,-0.0162670249471622,0.1000500000000006,0.0006689544080141321,0.09899999999998954,0.1010000000000062,0.002000000000016655,0.10005223635681573,0.10000000000000142,0.10000000000000853,7.105427357601002e-15,0.1000500000000006,2.001000000000012,-3.921011353389602,7.661702386366329,63.60000000000001
0.094495,0.6284144702940886,-1.526,1.2926,2.8186,0.6354793871558699,0.9281,-0.2035,-1.1316,1.41155,0.8085023045730916,0.4522,3.4479,2.9957000000000003,1.6266989208209366,3.1297,1.0245,-2.1052,9.713615,0.40745462971354224,9.0896,10.6142,1.5245999999999995,9.722156943986246,9.8464,9.5679,-0.2784999999999993,-0.008124999999999999,0.10262682336991631,-0.2341,0.1749,0.40900000000000003,0.1029479504409874,-0.1773,0.1204,0.2977,0.11015,0.0675944117512683,-0.0093,0.2743,0.28359999999999996,0.12923632229369575,0.0858,0.0306,-0.0552,-0.010659999999999998,0.05132508548458541,-0.1042,0.0791,0.18330000000000002,0.052420415870155015,0.0082,0.0791,0.0709,-0.004685,0.01781429973364095,-0.039,0.0236,0.0626,0.018420057003169128,-0.0157,-0.0367,-0.021000000000000005,-0.0010799999999999998,0.009379637519648614,-0.0282,0.0179,0.0461,0.009441610032192602,0.0179,0.001,-0.0169,9.80656,4.898979485554939e-05,9.8065,9.8066,9.999999999976694e-05,9.806560000122367,9.8065,9.8065,0.0,-11.5745,1.038231549318359,-13.44,-10.06,3.379999999999999,11.62097134494359,-13.44,-10.56,2.879999999999999,-28.406,0.310216053743194,-28.94,-27.75,1.1900000000000013,28.407693852194342,-28.31,-28.75,-0.4400000000000013,3.8319999999999994,0.7079802257125547,2.69,4.88,2.19,3.896852576118322,2.81,4.75,1.94,320.7805,7.231809230752702,310.34,332.77,22.430000000000007,320.8620081047303,310.34,332.77,22.430000000000007,-80.99750000000002,0.17818178919294977,-81.37,-80.71,0.6600000000000108,80.99769598575011,-80.77,-80.98,-0.21000000000000796,-134.9445,1.8856815081025762,-137.96,-131.45,6.510000000000019,134.95767438348958,-137.3,-131.45,5.850000000000023,9.86836776577793,0.4308557918318876,9.104330495429085,10.704228902634696,1.599898407205611,9.877768932000789,10.373426852299099,9.624745342605175,-0.7486815096939239,0.1580909641937457,0.07110171967183229,0.07136126400225826,0.36390210221981406,0.29254083821755583,0.17334418796140816,0.19713997565181957,0.14727297783368135,-0.04986699781813822,0.1,0.0007071067811884166,0.09899999999998954,0.1010000000000062,0.002000000000016655,0.1000024999687508,0.10000000000000853,0.09899999999998954,-0.0010000000000189857,0.1,2.0,-4.250407976938959,7.921693053005917,63.699
0.012164999999999976,0.6216346968075382,-1.526,1.2926,2.8186,0.6217537161127387,-1.526,-0.7185,0.8075,1.32001,0.7059241707860697,0.4522,3.4479,2.9957000000000003,1.4969152731534274,3.4479,1.2989,-2.149,9.72242,0.41210514629157435,9.0896,10.6142,1.5245999999999995,9.731150050636359,9.6504,10.0225,0.37210000000000143,0.006159999999999999,0.09785754135476733,-0.2341,0.1749,0.40900000000000003,0.09805123150679954,-0.2341,0.1084,0.3425,0.10682499999999999,0.0702921679492104,-0.0093,0.2743,0.28359999999999996,0.12787716567081084,0.2743,0.0193,-0.255,-0.007965,0.05360892906037202,-0.1042,0.0791,0.18330000000000002,0.05419740307431712,-0.0488,0.0621,0.1109,-0.002550000000000001,0.01889236618319685,-0.039,0.027,0.066,0.01906368275019284,0.008,0.027,0.019,-0.002845,0.008953629152472197,-0.0282,0.0149,0.0431,0.009394759177328602,0.0,-0.0174,-0.0174,9.80656,4.898979485554939e-05,9.8065,9.8066,9.999999999976694e-05,9.806560000122367,9.8066,9.8065,-9.999999999976694e-05,-11.3995,1.0034314874469508,-13.31,-9.94,3.370000000000001,11.443577893298933,-13.19,-9.94,3.25,-28.4375,0.3302101603524644,-28.94,-27.75,1.1900000000000013,28.43941710021498,-28.37,-28.94,-0.5700000000000003,3.9289999999999994,0.694074203525819,2.69,4.88,2.19,3.9898345830372466,2.69,4.75,2.06,321.976,7.381802896311982,310.84,334.25,23.410000000000025,322.06060856615176,310.84,334.25,23.410000000000025,-80.99800000000002,0.1775556250869025,-81.37,-80.71,0.6600000000000108,80.99819460950965,-80.93,-80.78,0.15000000000000568,-134.6595,1.9381524062880102,-137.96,-131.45,6.510000000000019,134.6734471787219,-137.2,-131.6,5.599999999999994,9.856287702475004,0.4197702377967592,9.104330495429085,10.704228902634696,1.599898407205611,9.865222467157038,10.36083541853648,10.131825586240616,-0.2290098322958638,0.15455445985383875,0.07083001439565112,0.07136126400225826,0.36390210221981406,0.29254083821755583,0.1700116819515647,0.36390210221981406,0.12640988885368104,-0.23749221336613302,0.1,0.0007071067811884165,0.09899999999998954,0.1010000000000062,0.002000000000016655,0.1000024999687508,0.10099999999999909,0.10000000000000853,-0.000999999999990564,0.1,2.0,-4.609158996319152,8.117899224369758,63.79900000000001
0.06465499999999999,0.5265946605074913,-0.7185,1.2926,2.0111,0.5305489661661777,0.5227,-0.4762,-0.9989000000000001,1.190215,0.515788782618428,0.4522,2.0857,1.6335000000000002,1.2971699250676452,2.0824,0.852,-1.2304,9.748664999999999,0.42324640846083955,9.0896,10.6142,1.5245999999999995,9.757848472101829,9.1618,10.1753,1.0135000000000005,0.009864999999999997,0.0897584830252829,-0.16,0.1749,0.3349,0.09029896732521364,0.1324,-0.16,-0.2924,0.095555,0.059827648081802444,-0.0093,0.2436,0.2529,0.112739103686343,0.2436,0.0489,-0.1947,-0.005344999999999998,0.05282391006921013,-0.1042,0.0791,0.18330000000000002,0.053093638978694985,-0.0779,0.0036,0.0815,-0.0014000000000000006,0.020157231952825268,-0.039,0.031,0.07,0.020205791249045407,0.0041,0.031,0.0269,-0.00377,0.009547832214696695,-0.0282,0.0149,0.0431,0.01026518387560593,-0.0282,-0.0185,0.0097,9.806555,4.974937185521505e-05,9.8065,9.8066,9.999999999976694e-05,9.806555000126192,9.8066,9.8065,-9.999999999976694e-05,-11.271,0.927603902535991,-13.31,-9.94,3.370000000000001,11.30910650758936,-13.0,-10.62,2.380000000000001,-28.484499999999997,0.38034819573648576,-29.31,-27.75,1.5599999999999987,28.487039245944814,-28.75,-29.31,-0.5599999999999987,4.031999999999999,0.6542751714683966,2.75,4.88,2.13,4.084739893799848,2.81,4.75,1.94,323.0595,7.257050003272675,311.1,334.25,23.149999999999977,323.1409991242213,311.1,332.51,21.409999999999968,-80.98700000000001,0.18793881983241503,-81.37,-80.71,0.6600000000000108,80.98721806556884,-80.83,-80.71,0.12000000000000455,-134.3645,1.9776285672491691,-137.96,-131.3,6.659999999999997,134.37905296213393,-136.28,-131.3,4.97999999999999,9.849346216546145,0.41245355024305475,9.104330495429085,10.704228902634696,1.599898407205611,9.857978434978442,9.410004478744948,10.22200569995928,0.8120012212143308,0.14472657799790703,0.05231788528807075,0.07136126400225826,0.2879915450147799,0.21663028101252166,0.15389263627607397,0.2879915450147799,0.16734446510117984,-0.12064707991360007,0.09994999999999976,0.0006689544080150084,0.09899999999998954,0.1010000000000062,0.002000000000016655,0.09995223859424036,0.09999999999999432,0.09999999999999432,0.0,0.09994999999999976,1.9989999999999952,-4.967146639031327,8.319674941598464,63.899
0.008639999999999976,0.5344184497189445,-0.7185,1.2926,2.0111,0.5344882870559466,-0.0324,-0.5976,-0.5652,1.1608550000000002,0.4796114546953607,0.4522,2.0857,1.6335000000000002,1.2560300468141676,1.385,1.4952,0.11020000000000008,9.74649,0.4263569712107448,9.0896,10.6142,1.5245999999999995,9.755810965112024,10.6142,9.1183,-1.4959000000000007,-0.0027400000000000007,0.08936617033307402,-0.16,0.1749,0.3349,0.08940816517522322,0.0389,-0.1197,-0.1586,0.08517,0.05053285169075658,-0.0093,0.1876,0.1969,0.09903281274405974,0.0844,0.0359,-0.0485,0.0001899999999999999,0.05068796602745073,-0.1042,0.0791,0.18330000000000002,0.05068832212650168,-0.0409999999999999,0.0328,0.0737999999999999,-0.0033650000000000012,0.021402389469402712,-0.039,0.031,0.07,0.021665306367554555,0.0032,-0.0352,-0.038400000000000004,-0.0019599999999999995,0.008060421825190043,-0.0185,0.0149,0.0334,0.00829529987402505,-0.0053,0.008,0.0133,9.80655,4.999999999988348e-05,9.8065,9.8066,9.999999999976694e-05,9.806550000127466,9.8066,9.8065,-9.999999999976694e-05,-11.171000000000001,0.8394337377065567,-13.31,-9.94,3.370000000000001,11.20249481142482,-12.56,-11.0,1.5600000000000005,-28.496999999999996,0.3927734716092726,-29.31,-27.75,1.5599999999999987,28.499706665157102,-28.44,-29.0,-0.5599999999999987,4.1385,0.6191064125011143,2.75,4.94,2.1900000000000004,4.184551947341555,2.75,4.94,2.1900000000000004,324.17449999999997,7.043888468026729,311.81,334.25,22.439999999999998,324.25101821736814,311.81,333.4,21.589999999999975,-80.98100000000001,0.19465096968677326,-81.37,-80.71,0.6600000000000108,80.98123393725241,-80.75,-80.71,0.04000000000000625,-134.087,2.0763022419676775,-137.96,-130.73,7.230000000000018,134.10307453597028,-136.14,-130.73,5.409999999999997,9.841815062013108,0.42167888212702537,9.104330495429085,10.704228902634696,1.599898407205611,9.850844471135456,10.704228902634696,9.259381388084195,-1.444847514550501,0.13678702009698424,0.040742301518044144,0.07136126400225826,0.22158772529181303,0.15022646128955477,0.14272569495364174,0.10157543994490002,0.12920038699632444,0.027624947051424417,0.09995000000000047,0.0006689544080150613,0.09899999999998954,0.1010000000000062,0.002000000000016655,0.09995223859424109,0.10000000000000853,0.10000000000000853,0.0,0.09995000000000047,1.9990000000000094,-5.303385008511469,8.647586095286904,63.99900000000001
-0.030025000000000003,0.563188569552863,-0.8057,1.2926,2.0983,0.563988355819515,-0.0723,-0.8057,-0.7333999999999999,1.105575,0.5131348418057382,0.2794,2.0857,1.8063000000000002,1.2188533326450726,2.0857,0.2794,-1.8063000000000002,9.672410000000001,0.3968493856616132,9.0896,10.3746,1.2849999999999984,9.6805477449884,10.3342,9.1326,-1.2015999999999991,0.0015549999999999995,0.09324426778628271,-0.16,0.1749,0.3349,0.09325723296345435,-0.0013,0.1248,0.1261,0.08274000000000001,0.051667246878462574,-0.0093,0.1876,0.1969,0.09754697330004658,0.1143,0.0358,-0.0785,0.003554999999999995,0.05007197294894619,-0.1042,0.0791,0.18330000000000002,0.050198012908879173,-0.1042,0.0263,0.1305,-0.005785,0.02318532456102351,-0.0452,0.031,0.07619999999999999,0.02389613985563359,0.0047,-0.0452,-0.0499,-0.0011899999999999997,0.008431601271407465,-0.0185,0.0149,0.0334,0.008515162946180184,0.0083,0.0101,0.0017999999999999995,9.806545,4.974937185521506e-05,9.8065,9.8066,9.999999999976694e-05,9.80654500012619,9.8066,9.8065,-9.999999999976694e-05,-11.074000000000002,0.7835521680143576,-13.31,-9.94,3.370000000000001,11.101685908005145,-13.31,-10.62,2.6900000000000013,-28.5,0.3925557285278105,-29.31,-27.75,1.5599999999999987,28.50270338055673,-28.56,-28.5,0.05999999999999872,4.244999999999999,0.5504952315869774,3.0,4.94,1.9400000000000004,4.280545525981472,3.63,4.88,1.25,325.423,6.95402768185459,313.76,336.78,23.019999999999982,325.49729250794087,316.93,336.78,19.849999999999966,-80.9835,0.1919707008894877,-81.37,-80.71,0.6600000000000108,80.98372753214068,-80.71,-80.8,-0.09000000000000341,-133.7295,2.295964884313347,-137.96,-128.99,8.969999999999999,133.74920794157998,-136.12,-128.99,7.1299999999999955,9.765220013257473,0.3964455166548005,9.104330495429085,10.542820373125968,1.4384898776968829,9.77326408908508,10.542820373125968,9.172327927522,-1.3704924456039684,0.13833176114041484,0.03995607412886309,0.07136126400225826,0.22158772529181303,0.15022646128955477,0.14398667993949996,0.15467326853726213,0.1324702608135124,-0.022203007723749724,0.1,0.0007071067811884166,0.09899999999998954,0.1010000000000062,0.002000000000016655,0.1000024999687508,0.09899999999998954,0.10099999999999909,0.0020000000000095497,0.1,2.0,-5.623281542653501,9.007322047363587,64.10000000000001
-0.027350000000000013,0.5631084713445537,-0.8057,1.2926,2.0983,0.563772270513547,0.7039,-0.0188,-0.7227,0.9835800000000001,0.5540211977893986,-0.3542,1.904,2.2582,1.128879579051725,1.5058,-0.3542,-1.86,9.682585,0.4158412476835358,9.0896,10.5377,1.4480999999999984,9.691510523416873,9.4412,10.5377,1.096499999999999,0.008815,0.09825723014109444,-0.16,0.1749,0.3349,0.098651849957312,0.0757,0.1439,0.0682,0.07750500000000002,0.05347682184834847,-0.0093,0.1876,0.1969,0.09416366337393633,0.1184,0.0096,-0.10880000000000001,0.008574999999999996,0.0436365658020885,-0.073,0.0791,0.1521,0.044471119841982834,-0.073,-0.0038,0.0692,-0.004485,0.024432156576937696,-0.0452,0.031,0.07619999999999999,0.024840400560377444,-0.0154,0.0307,0.0461,-0.0019049999999999998,0.008199663102835384,-0.0185,0.0149,0.0334,0.00841804609158206,0.0149,-0.006,-0.020900000000000002,9.80654,4.898979485554939e-05,9.8065,9.8066,9.999999999976694e-05,9.806540000122368,9.8066,9.8065,-9.999999999976694e-05,-10.946000000000002,0.5939983164959308,-12.31,-9.94,2.370000000000001,10.962105181031607,-12.31,-10.75,1.5600000000000005,-28.515500000000003,0.40065540056262827,-29.31,-27.75,1.5599999999999987,28.51831455398443,-27.81,-28.87,-1.0600000000000023,4.325999999999999,0.5727774436899554,3.0,5.25,2.25,4.363754117729366,3.69,5.25,1.56,326.39649999999995,7.058963999766531,313.76,336.78,23.019999999999982,326.47282304198006,316.63,336.4,19.769999999999982,-80.989,0.18552358340653374,-81.37,-80.71,0.6600000000000108,80.98921249154111,-80.84,-80.82,0.020000000000010232,-133.37,2.451173188495663,-137.96,-128.93,9.030000000000001,133.39252284142466,-137.34,-128.93,8.409999999999997,9.76526238861601,0.3965286672884256,9.104330495429085,10.543667880296685,1.4393373848675992,9.773309802850823,9.586405285089922,10.543667880296685,0.9572625952067622,0.1378115937452967,0.03980738787437947,0.07136126400225826,0.22158772529181303,0.15022646128955477,0.1434456813570907,0.15836050644021066,0.14426992063489882,-0.014090585805311834,0.10005000000000024,0.0006689544080141585,0.09899999999998954,0.1010000000000062,0.002000000000016655,0.10005223635681539,0.10000000000000853,0.09999999999999432,-1.4210854715202004e-14,0.10005000000000024,2.0010000000000048,-5.9514550309596785,9.357213083864636,64.2
-0.08011499999999999,0.541129464430648,-0.8057,1.2926,2.0983,0.5470278882287447,1.041,-0.3514,-1.3923999999999999,0.9383000000000001,0.546445362319052,-0.3542,1.904,2.2582,1.085822003829357,1.7744,0.6002,-1.1742,9.751859999999999,0.4802723585633467,9.0896,10.8267,1.7370999999999999,9.763679378082836,9.3002,10.8267,1.5265000000000004,0.0008849999999999997,0.09893684993469319,-0.16,0.1749,0.3349,0.09894080806219444,-0.1258,-0.0829,0.042899999999999994,0.07420500000000001,0.05288452963769272,-0.0093,0.1876,0.1969,0.09112165220187791,0.1255,0.0524,-0.0731,0.011034999999999994,0.04022165181839254,-0.0556,0.0791,0.1347,0.04170794288861535,-0.0361,-0.0238,0.012299999999999998,-0.0008800000000000002,0.02766148224517262,-0.0452,0.0567,0.10189999999999999,0.02767547650899619,0.0144,0.0567,0.042300000000000004,-0.0037599999999999995,0.008382565239829632,-0.0222,0.0101,0.0323,0.009187219383469626,0.0062,-0.0222,-0.0284,9.806529999999999,5.567764362817046e-05,9.8064,9.8066,0.00019999999999953388,9.806530000158057,9.8065,9.8064,-9.999999999976694e-05,-10.855500000000001,0.5114340133389642,-12.0,-9.94,2.0600000000000005,10.867540890192224,-12.0,-10.5,1.5,-28.572000000000003,0.37610636793332813,-29.31,-27.75,1.5599999999999987,28.574475323267094,-28.44,-28.94,-0.5,4.385499999999999,0.5653801818245843,3.0,5.25,2.25,4.421794319051939,3.75,4.88,1.13,327.3644999999999,6.9802925977354215,313.76,336.78,23.019999999999982,327.4389108597205,315.91,335.99,20.079999999999984,-80.98,0.19657059800489307,-81.37,-80.66,0.710000000000008,80.98023857707508,-80.89,-80.66,0.23000000000000398,-133.02349999999998,2.353342888318656,-137.96,-128.93,9.030000000000001,133.04431507960044,-137.96,-130.41,7.550000000000011,9.828392939850806,0.458667801781193,9.104330495429085,10.84901630978588,1.744685814356794,9.839089588600157,9.525014246708505,10.84901630978588,1.3240020630773746,0.13493950986170972,0.04029044772997117,0.07136126400225826,0.22158772529181303,0.15022646128955477,0.14082610375921076,0.18132594960457257,0.10091882876847115,-0.08040712083610142,0.1,0.0007071067811874116,0.09899999999998954,0.1010000000000062,0.002000000000016655,0.1000024999687508,0.09999999999999432,0.09900000000000375,-0.000999999999990564,0.1,2.0,-6.267100956036174,9.715486218297883,64.299
-0.140255,0.476122838640408,-0.8057,1.2926,2.0983,0.4963511080878132,-0.1533,-0.1618,-0.008500000000000008,0.8638450000000001,0.528607866452061,-0.3542,1.904,2.2582,1.0127459999921005,1.0931,0.2853,-0.8078,9.79785,0.47885736237422505,9.0896,10.8267,1.7370999999999999,9.809544790457915,9.8766,10.22,0.3434000000000008,0.0020949999999999996,0.09751789822899178,-0.16,0.1749,0.3349,0.09754039932253712,-0.104,-0.1016,0.0023999999999999994,0.06945000000000001,0.05233114273546872,-0.0093,0.1876,0.1969,0.08695890408693063,0.1876,0.0304,-0.15719999999999998,0.010444999999999992,0.040987979640377495,-0.0556,0.0791,0.1347,0.04229790183921656,-0.0556,-0.0479,0.0076999999999999985,-0.00196,0.027464784725171252,-0.0452,0.0567,0.10189999999999999,0.027534632737699623,0.0053,-0.0072,-0.0125,-0.003025,0.009755658614363255,-0.0222,0.0209,0.0431,0.010213887604629298,0.0013,0.0209,0.0196,9.806535,5.722761571116461e-05,9.8064,9.8066,0.00019999999999953388,9.80653500016698,9.8065,9.8066,9.999999999976694e-05,-10.768,0.45469330322757107,-11.87,-9.94,1.9299999999999997,10.777595743021726,-11.87,-10.25,1.6199999999999992,-28.5935,0.3802140844313898,-29.31,-27.75,1.5599999999999987,28.5960277835926,-28.19,-28.87,-0.6799999999999997,4.472999999999999,0.5949041939673984,3.0,5.5,2.5,4.512387394716903,3.5,5.5,2.0,328.72200000000004,7.255262641696713,313.76,343.06,29.30000000000001,328.8020561371233,316.91,343.06,26.149999999999977,-80.98,0.19657059800489307,-81.37,-80.66,0.710000000000008,80.98023857707508,-81.06,-80.89,0.1700000000000017,-132.68099999999998,2.094167853826428,-137.51,-128.93,8.579999999999984,132.69752559863352,-137.51,-131.11,6.399999999999977,9.86340530883947,0.4608943399059757,9.104330495429085,10.84901630978588,1.744685814356794,9.874167705634738,9.93808814913613,10.22526162648174,0.28717347734561116,0.1316915304374145,0.039018377862893534,0.07136126400225826,0.22158772529181303,0.15022646128955477,0.13735025664337144,0.22158772529181303,0.11636636111866694,-0.10522136417314609,0.1,0.0007071067811874117,0.09899999999998954,0.1010000000000062,0.002000000000016655,0.1000024999687508,0.10000000000000853,0.09999999999999432,-1.4210854715202004e-14,0.1,2.0,-6.550207589061756,10.13244862340926,64.399
-0.16055499999999998,0.4848219203738627,-0.8057,1.2926,2.0983,0.5107153830657541,-0.5016,-0.5593,-0.057699999999999974,0.83966,0.5286308564584553,-0.3542,1.904,2.2582,0.9922094022936893,1.3997,0.6094,-0.7902999999999999,9.825904999999999,0.4986758601286008,9.0896,10.8267,1.7370999999999999,9.838551045885772,9.3434,10.4377,1.0942999999999987,0.01204,0.09632584492232601,-0.16,0.1749,0.3349,0.09707538307933686,0.0184,0.0949,0.0765,0.06111,0.0457095493305283,-0.0093,0.1645,0.1738,0.07631379298658925,0.1645,0.0208,-0.1437,0.011394999999999995,0.039644375073899195,-0.052,0.0791,0.1311,0.04124951514866569,-0.019,-0.0366,-0.0176,-0.00269,0.027456145031668232,-0.0452,0.0567,0.10189999999999999,0.02758760591280077,-0.0369,-0.0093,0.027600000000000003,-0.00241,0.010376844414367982,-0.0222,0.0209,0.0431,0.010653027738629051,-0.0068,0.0136,0.020399999999999998,9.806535,5.722761571116461e-05,9.8064,9.8066,0.00019999999999953388,9.80653500016698,9.8065,9.8065,0.0,-10.712,0.37802909940902696,-11.62,-9.94,1.6799999999999997,10.718668294149232,-11.0,-10.75,0.25,-28.6245,0.3712206217332222,-29.31,-27.75,1.5599999999999987,28.62690701071284,-28.06,-28.81,-0.75,4.5699999999999985,0.5864469285451157,3.0,5.5,2.5,4.607474362381194,3.0,5.44,2.4400000000000004,329.4805,6.756563827123962,313.76,343.06,29.30000000000001,329.5497701941241,313.76,332.08,18.319999999999993,-80.97550000000001,0.19571599321466107,-81.37,-80.66,0.710000000000008,80.97573652026884,-81.37,-80.97,0.4000000000000057,-132.39999999999998,1.7809828747071075,-135.64,-128.93,6.7099999999999795,132.41197793251183,-135.64,-131.89,3.75,9.890022071298455,0.4794369741993266,9.104330495429085,10.84901630978588,1.744685814356794,9.901636045775465,9.460966452218294,10.470423398315848,1.0094569460975542,0.12580305208955667,0.03350432188468061,0.07136126400225826,0.21028052691583213,0.13891926291357387,0.13018812349826692,0.166612754613805,0.10381815833465743,-0.06279459627914757,0.1,0.0007071067811874117,0.09899999999998954,0.1010000000000062,0.002000000000016655,0.1000024999687508,0.10099999999999909,0.10000000000000853,-0.000999999999990564,0.1,2.0,-6.920716752215654,10.497823493576476,64.49900000000001
-0.164435,0.4878368961804755,-0.8057,1.2926,2.0983,0.514804532322706,-0.2239,-0.5792,-0.35530000000000006,0.7988,0.5151750828601864,-0.3542,1.904,2.2582,0.9505192296844919,1.31,0.5825,-0.7275,9.874970000000001,0.4970608696125656,9.0896,10.8267,1.7370999999999999,9.887471972602503,9.5016,10.3247,0.8231000000000002,0.014694999999999996,0.09719244556548622,-0.16,0.1749,0.3349,0.09829707269293425,0.0117,0.0715,0.05979999999999999,0.052384999999999994,0.04161242933307307,-0.01,0.1465,0.1565,0.06690128922524588,0.0879,-0.01,-0.0979,0.011374999999999996,0.03965980175189987,-0.052,0.0791,0.1311,0.041258823298780584,0.0519,-0.0194,-0.0713,0.00015499999999999976,0.02670152570547234,-0.0452,0.0567,0.10189999999999999,0.026701975582342215,-0.0216,0.02,0.0416,-0.0021049999999999997,0.010332883189120063,-0.0222,0.0209,0.0431,0.010545117353543298,-0.0051,-0.0007,0.0044,9.806535,5.722761571116461e-05,9.8064,9.8066,0.00019999999999953388,9.80653500016698,9.8066,9.8065,-9.999999999976694e-05,-10.668000000000001,0.3928689348879597,-11.62,-9.94,1.6799999999999997,10.675231613412423,-11.19,-10.12,1.0700000000000003,-28.656,0.347985631887295,-29.31,-27.75,1.5599999999999987,28.658112812954034,-28.44,-28.69,-0.25,4.7139999999999995,0.5345502782713709,3.75,5.88,2.13,4.744211209463592,3.75,5.88,2.13,330.8315,6.152494026815466,321.58,343.06,21.480000000000018,330.8887042118543,321.58,340.78,19.19999999999999,-80.9585,0.17430648295459672,-81.34,-80.66,0.6800000000000068,80.95868764376063,-81.34,-81.03,0.3100000000000023,-132.24949999999998,1.6208068206914716,-135.09,-128.93,6.159999999999997,132.25943166746183,-135.09,-132.63,2.460000000000008,9.934840065848642,0.47912982323018793,9.104330495429085,10.84901630978588,1.744685814356794,9.946386907892734,9.594093691954441,10.357326343221981,0.7632326512675398,0.12121026467689681,0.03388892498968675,0.07136126400225826,0.21028052691583213,0.13891926291357387,0.12585860121580886,0.10274682476845697,0.0747570063606081,-0.027989818407848865,0.1,0.0007071067811874116,0.09899999999998954,0.1010000000000062,0.002000000000016655,0.1000024999687508,0.09899999999998954,0.10099999999999909,0.0020000000000095497,0.1,2.0,-7.288646312856869,10.835299942043235,64.60000000000001
-0.19437,0.5084987582089064,-0.8226,1.2926,2.1151999999999997,0.5443810099553437,-0.0147,-0.8226,-0.8079,0.7400899999999999,0.5204523800502789,-0.3542,1.904,2.2582,0.904767311522692,1.6084,0.1358,-1.4726000000000001,9.925135000000001,0.5073690109525807,9.0896,10.8267,1.7370999999999999,9.938094791331988,9.6052,10.5049,0.8996999999999993,0.004284999999999997,0.10755334153339914,-0.1965,0.1749,0.3714,0.10763866637969835,0.0509,-0.1965,-0.2474,0.048705000000000005,0.041563318864113824,-0.01,0.1465,0.1565,0.06402879430381303,0.0828,0.0143,-0.0685,0.006764999999999996,0.0400380977944757,-0.052,0.0791,0.1311,0.04060559690486029,0.0111,-0.0403,-0.0514,0.0017500000000000003,0.02630417267279091,-0.0452,0.0567,0.10189999999999999,0.02636232159731005,0.0,0.0103,0.0103,-0.002085,0.01032745249323375,-0.0222,0.0209,0.0431,0.010535819854192649,-0.0083,-0.0047,0.0036,9.806535,5.722761571116461e-05,9.8064,9.8066,0.00019999999999953388,9.80653500016698,9.8065,9.8066,9.999999999976694e-05,-10.602,0.4101292479207012,-11.62,-9.87,1.75,10.609929782991026,-10.94,-9.87,1.0700000000000003,-28.684000000000005,0.35198579516793,-29.31,-27.75,1.5599999999999987,28.686159554739984,-28.62,-29.0,-0.379999999999999,4.757999999999999,0.4875407675261629,3.88,5.88,2.0,4.782913338123533,3.94,4.63,0.69,331.3445,5.775928907976619,321.81,343.06,21.25,331.394838576282,321.81,331.84,10.029999999999973,-80.94250000000001,0.1517852100831994,-81.23,-80.66,0.5700000000000074,80.94264231540751,-81.23,-81.02,0.21000000000000796,-132.1645,1.510431974635069,-134.27,-128.93,5.340000000000003,132.17313064689057,-134.27,-133.39,0.8800000000000239,9.982032041920732,0.489611037015961,9.104330495429085,10.84901630978588,1.744685814356794,9.994032352033887,9.738944177373645,10.537933213396258,0.7989890360226131,0.126127876198184,0.03776694779480558,0.07136126400225826,0.21028052691583213,0.13891926291357387,0.1316608654840154,0.09782566125511241,0.20109905519420027,0.10327339393908785,0.10005000000000024,0.0006689544080130964,0.09899999999998954,0.1010000000000062,0.002000000000016655,0.10005223635681539,0.10099999999999909,0.09999999999999432,-0.0010000000000047748,0.10005000000000024,2.0010000000000048,-7.638282662023826,11.234371701465179,64.7
-0.263915,0.5705035672763142,-1.4056,1.2926,2.6982,0.6285900472486022,-0.0045,-1.4056,-1.4011,0.7236450000000001,0.4974437520715282,-0.3542,1.904,2.2582,0.8781300430460172,0.9866,1.2795,0.29290000000000005,9.906580000000002,0.5252024120279722,9.0896,10.8267,1.7370999999999999,9.920492168738404,10.3746,9.2341,-1.1404999999999994,-0.004085000000000006,0.1100839101549359,-0.1965,0.1749,0.3714,0.110159677287109,-0.0643,-0.1165,-0.05220000000000001,0.046360000000000005,0.040891140849822226,-0.01,0.1465,0.1565,0.06181694751441549,0.0838,0.0359,-0.0479,0.004004999999999996,0.04151932652392136,-0.052,0.0791,0.1311,0.04171204262560154,-0.0068,-0.0441,-0.0373,0.0011500000000000002,0.026473562283908826,-0.0452,0.0567,0.10189999999999999,0.026498528261018568,-0.011,-0.012,-0.0010000000000000009,-0.0011600000000000002,0.0105553493547111,-0.0222,0.0209,0.0431,0.010618898247935141,-0.0083,0.0102,0.018500000000000003,9.806540000000002,5.83095189483171e-05,9.8064,9.8066,0.00019999999999953388,9.806540000173355,9.8066,9.8066,0.0,-10.5645,0.4117945482883425,-11.62,-9.87,1.75,10.572522641262113,-11.62,-10.19,1.4299999999999997,-28.690500000000004,0.3519442427430799,-29.31,-27.75,1.5599999999999987,28.69265855580483,-28.44,-28.75,-0.3099999999999987,4.817499999999999,0.45565200537252115,3.88,5.88,2.0,4.839000413308517,4.56,5.13,0.5700000000000003,331.8645,5.346314127508782,322.63,343.06,20.430000000000007,331.9075615815343,329.17,332.21,3.0399999999999636,-80.9365,0.14238240762116944,-81.15,-80.66,0.4900000000000091,80.93662523851609,-81.15,-81.11,0.04000000000000625,-132.1145,1.4554568870289468,-133.6,-128.93,4.6699999999999875,132.1225168735443,-133.34,-133.27,0.06999999999999318,9.966469586783012,0.5018831195898886,9.104330495429085,10.84901630978588,1.744685814356794,9.979098290426846,10.421407053272604,9.427695074619246,-0.9937119786533586,0.1277184659357848,0.03720722321014812,0.07136126400225826,0.21028052691583213,0.13891926291357387,0.1330277565021676,0.10584502822523124,0.1296374560071278,0.023792427781896566,0.09995000000000047,0.0006689544080129372,0.09899999999998954,0.1010000000000062,0.002000000000016655,0.09995223859424107,0.10000000000000853,0.09900000000000375,-0.0010000000000047748,0.09995000000000047,1.9990000000000094,-7.994678365113813,11.631006908520945,64.799
-0.32548499999999997,0.6046125952004309,-1.4056,1.2926,2.6982,0.6866563008521803,0.5376,-1.2359,-1.7734999999999999,0.7277799999999999,0.499949788078763,-0.3542,1.904,2.2582,0.8829572577424118,1.904,1.0693,-0.8347,9.871885,0.5159775026830142,9.0896,10.8267,1.7370999999999999,9.885360197610403,9.5786,9.6807,0.10210000000000008,0.0031049999999999954,0.11061103685889577,-0.1965,0.1749,0.3714,0.11065460903188805,-0.0445,0.0795,0.124,0.04032,0.0437374050441953,-0.037,0.1465,0.1835,0.05948666237065246,0.1465,-0.037,-0.1835,0.004689999999999996,0.04144836426205502,-0.052,0.0791,0.1311,0.04171286372331681,-0.052,0.0069,0.058899999999999994,0.0005600000000000001,0.026866343256945105,-0.0452,0.0567,0.10189999999999999,0.02687217892170265,0.0023,-0.0228,-0.0251,-0.0007199999999999999,0.010431231950254008,-0.0222,0.0209,0.0431,0.01045605087975379,0.0017,0.0005,-0.0012,9.80654,5.8309518948317106e-05,9.8064,9.8066,0.00019999999999953388,9.806540000173355,9.8066,9.8066,0.0,-10.486500000000001,0.34714946348799103,-11.0,-9.87,1.1300000000000008,10.492244516784766,-11.0,-10.06,0.9399999999999995,-28.731,0.36706811357021996,-29.31,-27.75,1.5599999999999987,28.73334474091034,-27.75,-29.25,-1.5,4.8175,0.45565200537252115,3.88,5.88,2.0,4.839000413308517,4.31,4.56,0.25,332.10299999999995,5.327153179701143,322.63,343.06,20.430000000000007,332.1457227934751,323.9,333.94,10.04000000000002,-80.9395,0.14739318166048443,-81.21,-80.66,0.5499999999999972,80.93963420352232,-81.12,-81.21,-0.0899999999999892,-132.06300000000002,1.4291679397467576,-133.6,-128.93,4.6699999999999875,132.07073290475827,-133.13,-132.31,0.8199999999999932,9.93628314043023,0.4916645037034287,9.104330495429085,10.84901630978588,1.744685814356794,9.94843990940288,9.780787684026272,9.817678126217013,0.03689044219074056,0.12682418564766626,0.037930125689302534,0.07136126400225826,0.21028052691583213,0.13891926291357387,0.1323747275729019,0.16169879405858287,0.08795942246286068,-0.07373937159572219,0.1,0.0007071067811864068,0.09899999999998954,0.1010000000000062,0.002000000000016655,0.10000249996875078,0.09900000000000375,0.10099999999999909,0.001999999999995339,0.1,2.0,-8.304989561655844,12.134451141719481,64.9
-0.441855,0.6495995293063258,-1.7898,1.2926,3.0824,0.7856305680789158,-0.7177,-1.7898,-1.0721,0.667165,0.42091094815293173,-0.3542,1.4952,1.8494000000000002,0.7888441946924627,0.7754,0.6917,-0.0837,9.924940000000001,0.5372095861021096,9.0896,10.8267,1.7370999999999999,9.939468202222894,9.6886,10.6397,0.9511000000000003,0.004384999999999995,0.11020010106619685,-0.1965,0.1749,0.3714,0.11028730888003388,0.0687,-0.0189,-0.0876,0.032985,0.037115256633896525,-0.037,0.123,0.16,0.049654330123363864,0.123,-0.0002,-0.1232,0.007639999999999989,0.039355347794168966,-0.0479,0.0791,0.127,0.0400900611124503,-0.0424,0.0069999999999999,0.0493999999999999,0.0003950000000000002,0.02686528382504082,-0.0452,0.0567,0.10189999999999999,0.02686818750865045,0.0136,-0.001,-0.014599999999999998,-0.00139,0.010681615046424394,-0.0222,0.0209,0.0431,0.010771675821338107,0.0012,-0.0117,-0.0129,9.806535,5.722761571116461e-05,9.8064,9.8066,0.00019999999999953388,9.806535000166981,9.8066,9.8065,-9.999999999976694e-05,-10.4335,0.34561937156357436,-11.0,-9.87,1.1300000000000008,10.43922291169223,-10.75,-9.94,0.8100000000000005,-28.808999999999997,0.3119278762791165,-29.31,-28.0,1.3099999999999987,28.81068864154413,-28.94,-29.31,-0.36999999999999744,4.824,0.44924826098717396,3.88,5.88,2.0,4.844873579362004,4.19,4.44,0.25,332.2355,5.151537124975416,322.63,343.06,20.430000000000007,332.27543664104934,322.63,326.55,3.920000000000016,-80.94449999999999,0.15493466364890865,-81.22,-80.66,0.5600000000000023,80.94464827893194,-81.04,-81.22,-0.1799999999999926,-131.9965,1.4087699421836029,-133.6,-128.93,4.6699999999999875,132.00401753355843,-133.4,-131.8,1.5999999999999943,9.987810701713007,0.5255055496824926,9.104330495429085,10.84901630978588,1.744685814356794,10.001625802638289,9.746040653003659,10.811338909681815,1.0652982566781564,0.11974702816327445,0.04355117961736472,0.02015564437074634,0.21028052691583213,0.19012488254508578,0.12742078323413336,0.14712732580999358,0.02015564437074634,-0.12697168143924722,0.1,0.0007071067811864068,0.09899999999998954,0.1010000000000062,0.002000000000016655,0.1000024999687508,0.09999999999998721,0.09900000000000375,-0.0009999999999834586,0.1,2.0,-8.629387232765367,12.64286399655164,64.99900000000001
-0.48450999999999994,0.6928790781225826,-1.7898,1.2926,3.0824,0.8454769996871587,0.396,-1.5708,-1.9668,0.6574600000000002,0.42054100679957485,-0.3542,1.4952,1.8494000000000002,0.7804539640491296,0.701,0.5813,-0.11969999999999992,9.979740000000001,0.5654635579769928,9.0896,10.8267,1.7370999999999999,9.995747070779652,9.2757,10.7846,1.5088999999999988,-0.0024550000000000045,0.11024136916330458,-0.1965,0.1749,0.3714,0.11026870136171914,0.0535,-0.0681,-0.12159999999999999,0.028595000000000002,0.03087685986301068,-0.037,0.1167,0.1537,0.042083898346042044,-0.0093,0.0352,0.0445,0.00798499999999999,0.0389432571185308,-0.0479,0.0791,0.127,0.03975345896900041,0.0463,-0.0355,-0.0818,6.499999999999505e-05,0.026741302791748942,-0.0452,0.0567,0.10189999999999999,0.026741381789279324,-0.0011,0.0069999999999999,0.0080999999999999,-0.0015199999999999999,0.010665111344941506,-0.0222,0.0209,0.0431,0.010772882622585286,-0.0017,-0.0014,0.0002999999999999999,9.806535,5.722761571116461e-05,9.8064,9.8066,0.00019999999999953388,9.806535000166981,9.8066,9.8066,0.0,-10.421000000000001,0.33839178477025716,-11.0,-9.87,1.1300000000000008,10.426492698889689,-11.0,-10.5,0.5,-28.843,0.3580097764028237,-29.62,-28.0,1.620000000000001,28.845221788018897,-28.44,-29.62,-1.1799999999999997,4.842499999999999,0.4299636612552275,3.88,5.88,2.0,4.86155067853869,4.88,4.56,-0.3200000000000003,332.80649999999997,4.665150881804358,323.57,343.06,19.49000000000001,332.83919552090015,330.3,334.05,3.75,-80.9515,0.1620887102792806,-81.22,-80.66,0.5600000000000023,80.95166227447093,-81.04,-81.18,-0.14000000000000057,-131.919,1.3715717261594418,-133.6,-128.93,4.6699999999999875,131.92612997431553,-133.51,-131.85,1.6599999999999966,10.046202996250674,0.5591999714985266,9.104330495429085,10.913886543756995,1.8095560483279094,10.061754282927009,9.31057610945746,10.913886543756995,1.6033104342995355,0.11661467063223536,0.04372181484494058,0.02015564437074634,0.21028052691583213,0.19012488254508578,0.12454147301200512,0.07136126400225826,0.08448017518921229,0.013118911186954033,0.10000000000000035,0.0007071067811864068,0.09899999999998954,0.1010000000000062,0.002000000000016655,0.10000249996875114,0.1010000000000062,0.09999999999999432,-0.0010000000000118803,0.10000000000000035,2.000000000000007,-9.013094927156985,13.01372905923229,65.099
-0.6071300000000001,0.7415003493593243,-2.0564,1.2926,3.349,0.9583473300427148,-0.1616,-2.0564,-1.8948,0.6755000000000001,0.42966155518035354,-0.3542,1.4952,1.8494000000000002,0.8005681120304505,0.5344,1.0618,0.5274000000000001,10.012060000000002,0.542297847497111,9.0896,10.8267,1.7370999999999999,10.026735879587134,10.1093,9.9221,-0.18719999999999892,-0.006650000000000003,0.10962691047366062,-0.1965,0.1749,0.3714,0.10982842072979106,-0.0022,-0.0304,-0.0282,0.028795000000000005,0.03064282093737455,-0.037,0.1167,0.1537,0.042049191430989494,0.0347,-0.0053,-0.04,0.004694999999999989,0.038342176190195566,-0.0479,0.0791,0.127,0.03862855808854376,0.0743,-0.0195,-0.09380000000000001,0.0003549999999999951,0.026758540225505577,-0.0452,0.0567,0.10189999999999999,0.026760894977560075,-0.0115,0.0047,0.0162,-0.0017499999999999998,0.010715992721162141,-0.0222,0.0209,0.0431,0.0108579463988362,0.0025,-0.0063,-0.0088,9.806535,5.722761571116461e-05,9.8064,9.8066,0.00019999999999953388,9.806535000166981,9.8066,9.8066,0.0,-10.402000000000001,0.31522373007119886,-11.0,-9.87,1.1300000000000008,10.406775196957028,-10.69,-10.62,0.07000000000000028,-28.908499999999997,0.3960968947113823,-29.75,-28.0,1.75,28.91121348196924,-28.0,-29.75,-1.75,4.8549999999999995,0.4344824507388072,3.88,5.88,2.0,4.874402527489908,4.56,5.13,0.5700000000000003,332.888,4.634789747119062,323.57,343.06,19.49000000000001,332.92026345658206,330.17,331.93,1.759999999999991,-80.9565,0.1662310139534754,-81.22,-80.66,0.5600000000000023,80.95667066400397,-81.04,-81.14,-0.09999999999999432,-131.8355,1.3221137432157615,-133.6,-128.93,4.6699999999999875,131.84212924934124,-133.6,-131.84,1.759999999999991,10.090096090115669,0.5336030343171593,9.104330495429085,10.913886543756995,1.8095560483279094,10.104195727815252,10.124704657914718,10.188437986757343,0.06373332884262517,0.11487177865696685,0.046120022421772724,0.02015564437074634,0.21028052691583213,0.19012488254508578,0.1237844174361216,0.08203304212328104,0.03650342449688796,-0.04552961762639308,0.09994999999999976,0.000668954408012353,0.09899999999998954,0.10099999999999909,0.0020000000000095497,0.09995223859424036,0.09999999999999432,0.09999999999999432,0.0,0.09994999999999976,1.9989999999999952,-9.405862568361215,13.380217930878501,65.199
-0.623475,0.735074427439154,-2.0564,1.2926,3.349,0.9638752458176316,1.2926,-0.4885,-1.7811,0.669845,0.43221810984154746,-0.3542,1.4952,1.8494000000000002,0.7971855608953288,0.4522,0.4213,-0.030899999999999983,9.977050000000002,0.5572849473115166,9.0896,10.8267,1.7370999999999999,9.992601924173703,9.9532,9.4091,-0.5441000000000003,-0.009750000000000005,0.11033158885831382,-0.1965,0.1749,0.3714,0.11076155470198132,0.1749,-0.0642,-0.23909999999999998,0.027825000000000006,0.030747420623525482,-0.037,0.1167,0.1537,0.041468475978748,0.1167,0.0153,-0.1014,0.0020399999999999906,0.03513476056557095,-0.0479,0.0791,0.127,0.035193934136438905,0.003,0.0212,0.0182,0.0010549999999999945,0.026622029881284405,-0.0452,0.0567,0.10189999999999999,0.026642925890374727,0.016,0.0025,-0.0135,-0.002255,0.010741763123435555,-0.0222,0.0209,0.0431,0.01097590542962174,-0.0081,-0.0076,0.0004999999999999996,9.806535,5.722761571116461e-05,9.8064,9.8066,0.00019999999999953388,9.806535000166981,9.8066,9.8066,0.0,-10.402,0.31522373007119886,-11.0,-9.87,1.1300000000000008,10.406775196957028,-10.44,-10.69,-0.25,-28.945999999999998,0.3398146553637731,-29.75,-28.37,1.379999999999999,28.94799457648146,-28.69,-28.75,-0.05999999999999872,4.895999999999999,0.443310275089581,3.88,5.88,2.0,4.916028885187718,4.75,5.38,0.6299999999999999,333.0095,4.593613474161707,323.57,343.06,19.49000000000001,333.041181199863,331.71,332.6,0.8900000000000432,-80.9565,0.1662310139534754,-81.22,-80.66,0.5600000000000023,80.95667066400397,-81.0,-81.04,-0.04000000000000625,-131.73700000000002,1.2588570212696886,-133.44,-128.93,4.509999999999991,131.7430145776238,-133.44,-131.63,1.8100000000000023,10.055420208601074,0.5524291370458057,9.104330495429085,10.913886543756995,1.8095560483279094,10.07058357410334,10.046964210148259,9.43118702762277,-0.6157771825254894,0.11423609322692652,0.04665280810678988,0.02015564437074634,0.21028052691583213,0.19012488254508578,0.12339517616179331,0.21028052691583213,0.06931933352247409,-0.14096119339335805,0.09995000000000047,0.0006689544080124061,0.09899999999998954,0.10099999999999909,0.0020000000000095497,0.09995223859424107,0.09900000000000375,0.10000000000000853,0.0010000000000047748,0.09995000000000047,1.9990000000000094,-9.755492770914657,13.78472978181233,65.299
-0.76803,0.619196885570333,-2.0564,0.0465,2.1029,0.9865469395827042,0.033,-1.5985,-1.6315,0.6733,0.43073816988978353,-0.3542,1.4952,1.8494000000000002,0.7992923501448016,0.5152,0.5213,0.006099999999999994,9.98282,0.557605459621765,9.0896,10.8267,1.7370999999999999,9.998380818962637,9.9596,10.0686,0.10899999999999999,-0.018475,0.10196717057465114,-0.1965,0.1439,0.34040000000000004,0.10362735883925635,-0.0611,0.0004,0.0615,0.02217,0.023405749293709865,-0.037,0.0574,0.0944,0.03223876548504921,0.0574,0.0036,-0.0538,0.00424499999999999,0.03648374261229239,-0.0479,0.0791,0.127,0.03672987203898211,0.0279999999999999,0.0471,0.019100000000000103,-0.0008800000000000052,0.026870720124328635,-0.0452,0.0567,0.10189999999999999,0.02688512599933279,0.0236,-0.0227,-0.0463,-0.0018199999999999998,0.010672188154263398,-0.0222,0.0209,0.0431,0.010826264360341476,-0.0042,0.0006,0.0048,9.806535,5.722761571116462e-05,9.8064,9.8066,0.00019999999999953388,9.806535000166981,9.8065,9.8066,9.999999999976694e-05,-10.3985,0.3151709853397042,-11.0,-9.87,1.1300000000000008,10.403275205434104,-10.56,-10.37,0.19000000000000128,-28.9615,0.33481748759585406,-29.75,-28.37,1.379999999999999,28.963435310750004,-28.37,-29.0,-0.629999999999999,4.905499999999999,0.4421139558982503,3.88,5.88,2.0,4.925382726245748,3.88,4.94,1.0600000000000005,333.1925,4.611069154762265,323.57,343.06,19.49000000000001,333.2244048910584,323.57,335.37,11.800000000000011,-80.95100000000001,0.16652026903653655,-81.22,-80.66,0.5600000000000023,80.95117127009343,-80.97,-80.89,0.0799999999999983,-131.6175,1.2037561007114326,-133.39,-128.93,4.4599999999999795,131.62300458126612,-133.13,-131.05,2.079999999999984,10.063472972573528,0.5534201444491476,9.104330495429085,10.913886543756995,1.8095560483279094,10.078678590271643,9.972971081879262,10.208019489597381,0.23504840771811963,0.10608402052166215,0.043280845531939,0.02015564437074634,0.20109905519420027,0.18094341082345392,0.11457334332208344,0.08838534946471613,0.0472390728105453,-0.04114627665417083,0.10005000000000024,0.0006689544080125653,0.09899999999998954,0.10099999999999909,0.0020000000000095497,0.10005223635681539,0.10099999999999909,0.10099999999999909,0.0,0.10005000000000024,2.0010000000000048,-10.130826599086149,14.196272680212772,65.4
-0.8613099999999999,0.6318913165252391,-2.0564,0.0465,2.1029,1.0682422721461644,0.0465,-1.8326,-1.8791,0.700985,0.4374289648331487,-0.3542,1.4952,1.8494000000000002,0.826271183994698,0.5156,1.0689,0.5533,9.980765,0.5577629606517448,9.0896,10.8267,1.7370999999999999,9.996337804691276,9.0896,9.9185,0.8288999999999991,-0.011330000000000003,0.10372156043947663,-0.1965,0.1439,0.34040000000000004,0.10433854033864955,-0.0934,0.0818,0.1752,0.017529999999999997,0.025098946193017748,-0.037,0.0524,0.08940000000000001,0.030614669686279485,0.0505,-0.0354,-0.0859,0.008094999999999995,0.04237457344918058,-0.0479,0.105,0.15289999999999998,0.04314085650517384,0.0417,0.105,0.0633,-0.0025650000000000056,0.026334070612041727,-0.0452,0.0567,0.10189999999999999,0.026458694223260526,-0.039,-0.0101,0.028900000000000002,-0.001845,0.010678317985525623,-0.0222,0.0209,0.0431,0.0108365354242027,-0.0006,-0.0047,-0.0041,9.806535,5.722761571116461e-05,9.8064,9.8066,0.00019999999999953388,9.806535000166981,9.8065,9.8065,0.0,-10.401500000000002,0.3169743680489008,-11.0,-9.87,1.1300000000000008,10.406328603306738,-10.06,-10.62,-0.5599999999999987,-28.993000000000002,0.30608985608804473,-29.75,-28.5,1.25,28.99461570705844,-28.75,-29.0,-0.25,4.973999999999999,0.3796366684080978,4.44,5.88,1.4399999999999995,4.988466698295178,4.44,5.25,0.8099999999999996,333.764,4.0582106894541585,323.77,343.06,19.29000000000002,333.788670823322,323.77,335.0,11.230000000000018,-80.94800000000001,0.16669133150827167,-81.22,-80.66,0.5600000000000023,80.94817162851795,-80.89,-80.91,-0.01999999999999602,-131.45700000000002,1.205388319173533,-133.39,-128.93,4.4599999999999795,131.46252625748525,-133.04,-129.92,3.1200000000000045,10.071967426466463,0.5532696333601804,9.104330495429085,10.913886543756995,1.8095560483279094,10.087151982943452,9.104330495429085,10.142860159737982,1.0385296643088964,0.10855122529479459,0.04360681124547803,0.02015564437074634,0.20109905519420027,0.18094341082345392,0.11698257348853289,0.11407322209879056,0.13772944492736475,0.023656222828574186,0.09995000000000047,0.000668954408012406,0.09899999999998954,0.10099999999999909,0.0020000000000095497,0.09995223859424107,0.10000000000000853,0.09900000000000375,-0.0010000000000047748,0.09995000000000047,1.9990000000000094,-10.521896562534423,14.552388842379557,65.49900000000001
-0.952435,0.6257873522811084,-2.0564,-0.0188,2.0376,1.1396237271573455,-0.2035,-1.776,-1.5725,0.722495,0.43836030668275616,-0.3542,1.4952,1.8494000000000002,0.8450791581266219,1.0245,0.9458,-0.07869999999999999,10.02542,0.5190345707175967,9.1183,10.8267,1.708400000000001,10.038846699795748,9.5679,9.9827,0.4147999999999996,-0.004925000000000001,0.10240264583984145,-0.1965,0.1439,0.34040000000000004,0.10252101004184458,0.1204,0.0347,-0.0857,0.01538,0.0240002833316609,-0.037,0.0524,0.08940000000000001,0.028505402996625042,0.0306,0.0075,-0.0231,0.007684999999999995,0.04208612924705716,-0.0479,0.105,0.15289999999999998,0.04278202309381827,0.0791,0.0335,-0.0456,-0.0008450000000000055,0.024987126185297897,-0.0452,0.0567,0.10189999999999999,0.025001409960240237,-0.0367,-0.0046,0.032100000000000004,-0.002155,0.010727556804790175,-0.0222,0.0209,0.0431,0.010941869127347483,0.001,-0.0068,-0.0078,9.806540000000002,5.83095189483171e-05,9.8064,9.8066,0.00019999999999953388,9.806540000173355,9.8065,9.8066,9.999999999976694e-05,-10.433,0.31274750198842527,-11.0,-9.87,1.1300000000000008,10.43768652527944,-10.56,-10.69,-0.129999999999999,-28.968,0.34309765373724127,-29.75,-28.25,1.5,28.97003175697258,-28.75,-28.25,0.5,5.020999999999999,0.3686448155067422,4.44,5.88,1.4399999999999995,5.034514872358606,4.75,5.38,0.6299999999999999,334.4115,3.3900903749015288,326.55,343.06,16.50999999999999,334.4286830476716,332.77,336.72,3.9500000000000455,-80.94300000000001,0.16982638193166696,-81.22,-80.66,0.5600000000000023,80.94317815603733,-80.98,-80.79,0.18999999999999773,-131.25500000000002,1.260438415790314,-133.39,-128.93,4.4599999999999795,131.26105183945464,-131.45,-129.0,2.4499999999999886,10.125924283093722,0.5069531517338224,9.172327927522,10.913886543756995,1.741558616234995,10.138606614569873,9.624745342605175,10.183467627974274,0.5587222853690985,0.10528815325809249,0.04547330847321791,0.02015564437074634,0.20109905519420027,0.18094341082345392,0.11468834727207469,0.14727297783368135,0.04881178136474841,-0.09846119646893293,0.1,0.0007071067811859044,0.09899999999998954,0.10099999999999909,0.0020000000000095497,0.10000249996875078,0.09899999999998954,0.10099999999999909,0.0020000000000095497,0.1,2.0,-10.924217724241316,14.90001469040861,65.60000000000001
-0.9990650000000001,0.6025586388684507,-2.0564,-0.0188,2.0376,1.1667080986690717,-0.7185,-1.1361,-0.4176000000000001,0.68145,0.4465168714617624,-0.3542,1.4952,1.8494000000000002,0.8147094077031394,1.2989,0.2036,-1.0953,10.06093,0.5107465683683052,9.1183,10.8267,1.708400000000001,10.073885770744077,10.0225,10.2781,0.2555999999999994,-0.016565000000000003,0.10071265201055923,-0.1965,0.1439,0.34040000000000004,0.10206584884279363,0.1084,-0.1124,-0.2208,0.014175000000000002,0.023810121272265707,-0.037,0.0524,0.08940000000000001,0.027710151569415857,0.0193,0.0065,-0.012800000000000002,0.004969999999999995,0.03903219312311313,-0.0479,0.105,0.15289999999999998,0.039347337902328285,0.0621,0.0248,-0.0373,0.0010299999999999947,0.023594429427303384,-0.0452,0.0567,0.10189999999999999,0.0236169007280803,0.027,0.0008,-0.0262,-0.0028650000000000004,0.01096258523342008,-0.0222,0.0209,0.0431,0.011330776672408647,-0.0174,-0.0132,0.004199999999999999,9.806545000000002,5.8949130612620594e-05,9.8064,9.8066,0.00019999999999953388,9.806545000177177,9.8065,9.8066,9.999999999976694e-05,-10.4645,0.35307895717530374,-11.19,-9.87,1.3200000000000003,10.470454861179622,-9.94,-11.19,-1.25,-28.968,0.3430976537372413,-29.75,-28.25,1.5,28.970031756972585,-28.94,-28.75,0.19000000000000128,5.0085,0.3816316941764665,4.44,5.88,1.4399999999999995,5.02301851479765,4.75,4.5,-0.25,334.62600000000003,3.415070131051482,326.55,343.06,16.50999999999999,334.64342602238577,334.25,337.06,2.8100000000000023,-80.92850000000001,0.1782210705837007,-81.22,-80.66,0.5600000000000023,80.92869623934394,-80.78,-80.69,0.09000000000000341,-131.10200000000003,1.4049220618952498,-133.39,-128.39,5.0,131.10952753328036,-131.6,-128.39,3.210000000000008,10.161822191183639,0.4954830807078543,9.172327927522,10.913886543756995,1.741558616234995,10.173894717781387,10.131825586240616,10.34270350440348,0.21087791816286305,0.10368884517867827,0.044521077991352465,0.02015564437074634,0.20109905519420027,0.18094341082345392,0.1128428243177208,0.12640988885368104,0.1152868162453973,-0.01112307260828374,0.1,0.0007071067811859044,0.09899999999998954,0.10099999999999909,0.0020000000000095497,0.10000249996875078,0.10000000000000853,0.09899999999998954,-0.0010000000000189857,0.1,2.0,-11.308483237341932,15.21741874900296,65.699
-1.035775,0.6066981859829482,-2.0564,-0.0188,2.0376,1.2003801645728738,-0.4762,-1.4527,-0.9765000000000001,0.672865,0.4360917819393069,-0.3542,1.4952,1.8494000000000002,0.801825012393602,0.852,1.1272,0.2752,10.054949999999998,0.5118604570583666,9.1183,10.8267,1.708400000000001,10.06797003521564,10.1753,9.9029,-0.2723999999999993,-0.023210000000000005,0.09654645462159654,-0.1965,0.1439,0.34040000000000004,0.09929713993867093,-0.16,-0.0245,0.1355,0.014185,0.023812313516330157,-0.037,0.0524,0.08940000000000001,0.027717151729569907,0.0489,0.0195,-0.0294,0.0006399999999999944,0.03721552632974576,-0.0479,0.105,0.15289999999999998,0.037221029002433556,0.0036,-0.0245,-0.0281,-0.00041500000000000553,0.022832351499571826,-0.0452,0.0567,0.10189999999999999,0.022836122700668777,0.031,-0.0019,-0.0329,-0.0021200000000000004,0.010443495583376285,-0.0222,0.0209,0.0431,0.010656500363627825,-0.0185,-0.0025,0.016,9.80655,5.916079783085827e-05,9.8064,9.8066,0.00019999999999953388,9.806550000178452,9.8065,9.8066,9.999999999976694e-05,-10.508,0.3390958566541326,-11.19,-9.87,1.3200000000000003,10.513469931473624,-10.62,-10.81,-0.19000000000000128,-28.964500000000005,0.34372190794303453,-29.75,-28.25,1.5,28.966539403249396,-29.31,-28.87,0.4399999999999977,5.052499999999999,0.39959823573184106,4.44,5.88,1.4399999999999995,5.068277320747159,4.75,5.63,0.8799999999999999,335.14,4.0368180538637075,326.55,344.53,17.97999999999996,335.16431119676207,332.51,344.53,12.019999999999982,-80.92049999999999,0.188028588251894,-81.22,-80.62,0.5999999999999943,80.92071845331084,-80.71,-80.62,0.0899999999999892,-130.927,1.5431723818161087,-133.39,-128.1,5.289999999999992,130.93609399245113,-131.3,-128.1,3.200000000000017,10.158838759159554,0.4958342317726277,9.172327927522,10.913886543756995,1.741558616234995,10.170931939601209,10.22200569995928,10.072156945758937,-0.14984875420034172,0.09935628307890733,0.04628062783437618,0.02015564437074634,0.20109905519420027,0.18094341082345392,0.10960642088855926,0.16734446510117984,0.039758646858262164,-0.12758581824291768,0.1,0.0007071067811859044,0.09899999999998954,0.10099999999999909,0.0020000000000095497,0.10000249996875078,0.09999999999999432,0.10000000000000853,1.4210854715202004e-14,0.1,2.0,-11.694988637015499,15.53486125818577,65.799
-1.053755,0.5950652900942888,-2.0564,-0.0188,2.0376,1.210166228044726,-0.5976,-0.8358,-0.23819999999999997,0.6726750000000001,0.4360145145233127,-0.3542,1.4952,1.8494000000000002,0.8016235478701957,1.4952,0.8482,-0.6470000000000001,10.013944999999998,0.5329896945298285,9.1183,10.8267,1.708400000000001,10.02811908971468,9.1183,9.3552,0.23690000000000033,-0.014030000000000004,0.09171111764666266,-0.1965,0.1439,0.34040000000000004,0.09277806852915185,-0.1197,0.0236,0.1433,0.011445,0.022791061296043236,-0.037,0.0524,0.08940000000000001,0.02550334291813526,0.0359,-0.0059,-0.041800000000000004,-0.0008200000000000053,0.03764110253433074,-0.0479,0.105,0.15289999999999998,0.03765003320051657,0.0328,-0.0256,-0.05840000000000001,-0.0015400000000000053,0.021787138407785452,-0.0452,0.0567,0.10189999999999999,0.021841497201428292,-0.0352,0.0085,0.0437,-0.0012800000000000003,0.009744465095632494,-0.0222,0.0209,0.0431,0.009828173787637253,0.008,-0.0017,-0.0097,9.806555,5.8949130612620594e-05,9.8064,9.8066,0.00019999999999953388,9.806555000177179,9.8065,9.8066,9.999999999976694e-05,-10.5145,0.3424102072076708,-11.19,-9.87,1.3200000000000003,10.520073906584496,-11.0,-10.75,0.25,-28.958500000000004,0.33864841650301575,-29.75,-28.25,1.5,28.96048005472285,-29.0,-29.19,-0.19000000000000128,5.027499999999999,0.4320633634086556,4.25,5.88,1.63,5.046031609096399,4.94,4.25,-0.6900000000000004,335.0075,4.162501501501225,326.55,344.53,17.97999999999996,335.033358749543,333.4,329.86,-3.5399999999999636,-80.9125,0.19984681633691406,-81.22,-80.55,0.6700000000000017,80.91274680172464,-80.71,-80.55,0.1599999999999966,-130.75949999999997,1.670178059369719,-133.39,-127.95,5.4399999999999835,130.77016607391764,-130.73,-127.95,2.779999999999987,10.119272597847246,0.5201895615617612,9.172327927522,10.913886543756995,1.741558616234995,10.13263416340983,9.259381388084195,9.43068247371313,0.17130108562893476,0.09275479621413993,0.04552211857189177,0.02015564437074634,0.20109905519420027,0.18094341082345392,0.10332335408802794,0.12920038699632444,0.03531472780583195,-0.0938856591904925,0.1,0.0007071067811859044,0.09899999999998954,0.10099999999999909,0.0020000000000095497,0.10000249996875078,0.10000000000000853,0.09999999999999432,-1.4210854715202004e-14,0.1,2.0,-12.07916467195841,15.861039175380427,65.899
-1.168995,0.7080204724970882,-2.9024,-0.0188,2.8836,1.3666902719709393,-0.8057,-2.9024,-2.0967000000000002,0.6208349999999999,0.39482855934569877,-0.3542,1.2795,1.6337000000000002,0.7357483866784894,0.2794,0.4584,0.179,10.074789999999998,0.49540603639842734,9.1326,10.8267,1.6941000000000006,10.08696290689125,9.1326,10.3352,1.2026000000000003,-0.007695000000000007,0.08851328982135959,-0.1965,0.1439,0.34040000000000004,0.0888471468309478,0.1248,0.0069999999999999,-0.1178000000000001,0.012095,0.023648498366703963,-0.037,0.0524,0.08940000000000001,0.026562012348464868,0.0358,0.0489,0.0131,-0.002725000000000005,0.03684714201942941,-0.0479,0.105,0.15289999999999998,0.0369477671855824,0.0263,-0.0053,-0.0316,-0.0007100000000000052,0.020782033105545758,-0.0452,0.0567,0.10189999999999999,0.020794157833391565,-0.0452,-0.0186,0.0266,-0.0018050000000000004,0.009510387741832611,-0.0222,0.0209,0.0431,0.0096801601226426,0.0101,-0.0025,-0.0126,9.806555,5.8949130612620594e-05,9.8064,9.8066,0.00019999999999953388,9.806555000177177,9.8065,9.8065,0.0,-10.532999999999998,0.37644521513760804,-11.37,-9.87,1.5,10.539724854093677,-10.62,-11.37,-0.75,-28.974,0.34718006855232914,-29.75,-28.25,1.5,28.97607996261744,-28.5,-29.31,-0.8099999999999987,5.0305,0.43165350687791243,4.25,5.88,1.63,5.0489855416707226,4.88,5.0,0.1200000000000001,335.149,4.1535429454864135,326.55,344.53,17.97999999999996,335.1747366971443,336.78,336.23,-0.5499999999999545,-80.90149999999998,0.21608505269916364,-81.22,-80.49,0.730000000000004,80.90178857726201,-80.8,-80.49,0.3100000000000023,-130.65799999999996,1.7295161172998657,-133.39,-127.95,5.4399999999999835,130.66944627570746,-128.99,-128.7,0.29000000000002046,10.19354280325455,0.4976683546473108,9.172327927522,10.913886543756995,1.741558616234995,10.205684135470781,9.172327927522,10.744785496230254,1.5724575687082538,0.08877887629872645,0.04563775436122409,0.02015564437074634,0.20109905519420027,0.18094341082345392,0.09982230963066323,0.1324702608135124,0.049681988688054735,-0.08278827212545767,0.1,0.0007071067811859044,0.09899999999998954,0.10099999999999909,0.0020000000000095497,0.10000249996875078,0.10099999999999909,0.10000000000000853,-0.000999999999990564,0.1,2.0,-12.465712147145169,16.164860543248324,65.99900000000001
-1.1676749999999998,0.7087208151839481,-2.9024,-0.0188,2.8836,1.365924631705571,-0.0188,-0.7793,-0.7605,0.4842299999999999,0.7770010566916882,-2.4527,1.2795,3.7322,0.9155377299707532,-0.3542,-2.4527,-2.0985,10.16729,0.48341570195846956,9.2341,10.9826,1.7485,10.178775795005999,10.5377,10.9826,0.4449000000000005,-0.02109500000000001,0.08772329493925773,-0.1965,0.1439,0.34040000000000004,0.09022402950433991,0.1439,-0.1432,-0.2871,0.01422,0.027309240194483626,-0.037,0.0783,0.11529999999999999,0.030789657354377945,0.0096,0.0783,0.0687,-0.013085000000000008,0.05287320942594652,-0.1809,0.105,0.2859,0.05446827975987492,-0.0038,-0.1809,-0.1771,0.002744999999999995,0.018742211048859737,-0.0228,0.0567,0.0795,0.01894216196742072,0.0307,0.0239,-0.0068000000000000005,-0.002255000000000001,0.009142235776876464,-0.0222,0.0209,0.0431,0.009416235978351435,-0.006,0.0011,0.0071,9.806560000000001,5.83095189483171e-05,9.8064,9.8066,0.00019999999999953388,9.806560000173354,9.8065,9.8066,9.999999999976694e-05,-10.558,0.3974116253961376,-11.37,-9.87,1.5,10.565476799463429,-10.75,-11.12,-0.3699999999999992,-29.014499999999998,0.3366077093591291,-29.75,-28.25,1.5,29.016452488200553,-28.87,-29.31,-0.4399999999999977,4.9959999999999996,0.46832040314297646,4.19,5.88,1.6899999999999995,5.017901952011418,5.25,4.19,-1.0599999999999996,334.7125,4.410007794777686,326.55,344.53,17.97999999999996,334.7415507895607,336.4,328.05,-8.349999999999966,-80.88300000000001,0.2386440864551225,-81.22,-80.43,0.789999999999992,80.88335205714462,-80.82,-80.43,0.38999999999998636,-130.65499999999997,1.7324563486564395,-133.39,-127.95,5.4399999999999835,130.66648548881997,-128.93,-128.93,0.0,10.298931168693453,0.49340946688776055,9.427695074619246,11.28009523630009,1.852400161680844,10.310743722908645,10.543667880296685,11.28009523630009,0.7364273560034054,0.09433751618764417,0.05617477226964051,0.02015564437074634,0.24364305859186713,0.22348741422112078,0.10979604728768701,0.14426992063489882,0.24364305859186713,0.09937313795696831,0.1,0.0007071067811859044,0.09899999999998954,0.10099999999999909,0.0020000000000095497,0.10000249996875078,0.09999999999999432,0.10099999999999909,0.0010000000000047748,0.1,2.0,-12.851454030020989,16.432150617015296,66.10000000000001
-1.2260449999999998,0.6579510676904476,-2.9024,-0.1618,2.7406,1.391433056061268,-0.3514,-1.1862,-0.8348,0.5221499999999999,0.7533025371655137,-2.4527,1.2795,3.7322,0.9165726021434417,0.6002,0.4042,-0.19599999999999995,10.110885000000001,0.5023482310857678,9.2341,10.9826,1.7485,10.123356618656679,10.8267,9.4096,-1.4171000000000014,-0.03372000000000001,0.0809794702378325,-0.1965,0.0949,0.2914,0.08771951322254358,-0.0829,-0.1086,-0.0257,0.011805,0.029646609839912557,-0.0387,0.0783,0.11699999999999999,0.03191049200498168,0.0524,-0.0387,-0.0911,-0.018360000000000008,0.05680058450403481,-0.1809,0.105,0.2859,0.059694187321715,-0.0238,-0.1093,-0.08549999999999999,0.0006399999999999945,0.01782608762460232,-0.0228,0.0567,0.0795,0.0178375727048273,0.0567,-0.0114,-0.0681,-0.0002600000000000005,0.012010761840949142,-0.0222,0.0339,0.0561,0.012013575654233838,-0.0222,0.0339,0.0561,9.806564999999999,5.722761571116461e-05,9.8064,9.8066,0.00019999999999953388,9.80656500016698,9.8064,9.8066,0.00019999999999953388,-10.589,0.4337038159850567,-11.37,-9.87,1.5,10.59787808950452,-10.5,-11.37,-0.8699999999999992,-29.043,0.3471325395292121,-29.75,-28.25,1.5,29.0450744533389,-28.94,-29.44,-0.5,5.0024999999999995,0.4726825044361172,4.19,5.88,1.6899999999999995,5.024782084827161,4.88,5.38,0.5,334.562,4.401202790147252,326.55,344.53,17.97999999999996,334.59094791999377,335.99,333.39,-2.6000000000000227,-80.8885,0.23839620382883606,-81.22,-80.43,0.789999999999992,80.88885130226538,-80.66,-80.93,-0.27000000000001023,-130.75799999999998,1.6874910370132354,-133.39,-127.95,5.4399999999999835,130.76888846357915,-130.41,-130.99,-0.5800000000000125,10.246381897556443,0.5198062354643496,9.427695074619246,11.28009523630009,1.852400161680844,10.259558495032815,10.84901630978588,9.492682457556452,-1.3563338522294277,0.09506727830353615,0.05690870843691682,0.02015564437074634,0.24364305859186713,0.22348741422112078,0.11079886506638956,0.10091882876847115,0.158865162952738,0.057946334184266854,0.1,0.0007071067811859044,0.09899999999998954,0.10099999999999909,0.0020000000000095497,0.10000249996875078,0.09900000000000375,0.09999999999999432,0.000999999999990564,0.1,2.0,-13.209016640098994,16.711921835481746,66.2
-1.2158099999999998,0.6728996506909481,-2.9024,-0.1467,2.7557,1.3895999050086323,-0.1618,-0.1467,0.015100000000000002,0.5055099999999999,0.7550682822765105,-2.4527,1.2795,3.7322,0.9086630128931187,0.2853,0.2674,-0.01789999999999997,10.037055,0.5002229617630521,9.2341,10.9826,1.7485,10.049512231173214,10.22,9.3501,-0.8699000000000012,-0.025560000000000006,0.08378653471769792,-0.1965,0.0949,0.2914,0.08759849884558524,-0.1016,0.0803,0.1819,0.002674999999999998,0.04149021420768999,-0.1302,0.0783,0.20850000000000002,0.04157635746430897,0.0304,-0.1302,-0.16060000000000002,-0.017620000000000004,0.05682129530378554,-0.1809,0.105,0.2859,0.059490537062628704,-0.0479,-0.009,0.0389,-0.0029800000000000048,0.012683792808146934,-0.0228,0.0239,0.046700000000000005,0.013029159604517858,-0.0072,-0.0157,-0.008499999999999999,0.00162,0.011354188654412962,-0.0132,0.0339,0.0471,0.011469176082003448,0.0209,0.0154,-0.005499999999999998,9.806574999999999,4.330127018912102e-05,9.8065,9.8066,9.999999999976694e-05,9.806575000095599,9.8066,9.8066,0.0,-10.620000000000001,0.44815176000993223,-11.37,-9.87,1.5,10.629451538061593,-10.25,-11.12,-0.8699999999999992,-29.039500000000004,0.3485035867821162,-29.75,-28.25,1.5,29.04159112376593,-28.87,-28.87,0.0,5.017999999999999,0.47349340016519764,4.19,5.88,1.6899999999999995,5.040289674215164,5.5,5.19,-0.3099999999999996,334.4305,4.395858818251554,326.55,344.53,17.97999999999996,334.45938902204557,343.06,333.36,-9.699999999999989,-80.90700000000001,0.2342669417566206,-81.22,-80.43,0.789999999999992,80.90733916030115,-80.89,-81.03,-0.14000000000000057,-130.7935,1.687264872508168,-133.39,-127.95,5.4399999999999835,130.80438259095143,-131.11,-131.12,-0.009999999999990905,10.171684739615651,0.5349598203324291,9.355073150970012,11.28009523630009,1.9250220853300775,10.185742606776396,10.22526162648174,9.355073150970012,-0.8701884755117284,0.09768311374779456,0.05830286261012772,0.02015564437074634,0.24364305859186713,0.22348741422112078,0.11375945894737721,0.11636636111866694,0.15323553765363962,0.03686917653497268,0.1,0.0007071067811859044,0.09899999999998954,0.10099999999999909,0.0020000000000095497,0.10000249996875078,0.09999999999999432,0.09900000000000375,-0.000999999999990564,0.1,2.0,-13.559630012182524,16.98177040512813,66.299
-1.2342799999999998,0.648336708508781,-2.9024,-0.1467,2.7557,1.394197836033323,-0.5593,-0.5312,0.028100000000000014,0.525555,0.7542772238872124,-2.4527,1.2795,3.7322,0.919316152637383,0.6094,0.6862,0.07679999999999998,9.986215000000001,0.5298401365270471,9.2032,10.9826,1.779399999999999,10.00026102641826,10.4377,9.2032,-1.2344999999999988,-0.015235000000000007,0.08646076725891345,-0.1965,0.1049,0.3014,0.08779276450824407,0.0949,0.1049,0.009999999999999995,-0.002900000000000001,0.04475305576159018,-0.1302,0.0783,0.20850000000000002,0.04484691739685126,0.0208,-0.0811,-0.1019,-0.014995000000000005,0.05657394696324448,-0.1809,0.105,0.2859,0.05852744228137772,-0.0366,0.0046,0.0412,-0.0029850000000000046,0.012685474961545583,-0.0228,0.0239,0.046700000000000005,0.013031941528413945,-0.0093,-0.0073,0.001999999999999999,0.0009899999999999996,0.010590840382141543,-0.0132,0.0339,0.0471,0.010637010858319173,0.0136,0.0083,-0.005299999999999999,9.806574999999999,4.330127018912103e-05,9.8065,9.8066,9.999999999976694e-05,9.8065750000956,9.8065,9.8066,9.999999999976694e-05,-10.666999999999998,0.4561041547716924,-11.37,-9.87,1.5,10.67674669550608,-10.75,-11.19,-0.4399999999999995,-29.049,0.3463365415314994,-29.75,-28.25,1.5,29.051064524385332,-28.81,-29.06,-0.25,4.977499999999999,0.4651007955271631,4.19,5.88,1.6899999999999995,4.999182433158446,5.44,4.69,-0.75,333.9225,3.9318213018905057,326.55,344.53,17.97999999999996,333.9456471119215,332.08,332.9,0.8199999999999932,-80.92300000000002,0.24331255619059136,-81.22,-80.43,0.789999999999992,80.92336578516739,-80.97,-81.21,-0.23999999999999488,-130.81899999999996,1.6956883558012674,-133.39,-127.95,5.4399999999999835,130.82998937552506,-131.89,-131.62,0.2699999999999818,10.122622734988706,0.5715412111910477,9.244021533942899,11.28009523630009,2.036073702357191,10.138745010650972,10.470423398315848,9.244021533942899,-1.2264018643729493,0.0984984937555358,0.05867131946607878,0.02015564437074634,0.24364305859186713,0.22348741422112078,0.1146484932303953,0.10381815833465743,0.1326739612734918,0.028855802938834357,0.10005000000000024,0.0007399324293467449,0.09899999999998954,0.10099999999999909,0.0020000000000095497,0.10005273609452192,0.10000000000000853,0.10099999999999909,0.000999999999990564,0.10005000000000024,2.0010000000000048,-13.89977859939954,17.254238365259155,66.4
-1.3225649999999998,0.6702610329379145,-2.9024,-0.1467,2.7557,1.4827096922526675,-0.5792,-2.325,-1.7458,0.5133399999999999,0.7547984601203159,-2.4527,1.2795,3.7322,0.9128190790074449,0.5825,0.3651,-0.21740000000000004,9.9761,0.5230114530294723,9.2032,10.9826,1.779399999999999,9.989800407916066,10.3247,10.2354,-0.08929999999999971,-0.023225000000000003,0.08323742472590079,-0.1965,0.1049,0.3014,0.08641683574396831,0.0715,-0.0649,-0.1364,-0.0029550000000000006,0.04472456232317987,-0.1302,0.0783,0.20850000000000002,0.044822076034025916,-0.01,0.0197,0.029699999999999997,-0.016690000000000007,0.05769263297857014,-0.1809,0.105,0.2859,0.06005827170340485,-0.0194,-0.0705,-0.05109999999999999,-0.003215000000000005,0.012838663287118324,-0.0228,0.0239,0.046700000000000005,0.013235085946075302,0.02,-0.0139,-0.0339,0.001305,0.011045156178162444,-0.0132,0.0339,0.0471,0.011121982736904424,-0.0007,0.0199,0.0206,9.80658,3.999999999990678e-05,9.8065,9.8066,9.999999999976694e-05,9.80658000008158,9.8065,9.8066,9.999999999976694e-05,-10.639,0.46720338183707527,-11.37,-9.87,1.5,10.64925349496386,-10.12,-10.19,-0.07000000000000028,-29.0305,0.36782434666563313,-29.75,-28.25,1.5,29.03283012384428,-28.69,-28.44,0.25,4.920999999999999,0.4740348088484642,4.19,5.88,1.6899999999999995,4.943778919005178,5.88,4.31,-1.5700000000000003,333.741,4.093158804639756,326.55,344.53,17.97999999999996,333.766099282117,340.78,328.45,-12.329999999999984,-80.94900000000001,0.2729267300943595,-81.49,-80.43,1.059999999999988,80.94946009702598,-81.03,-81.49,-0.45999999999999375,-130.795,1.6837146432813388,-133.39,-127.95,5.4399999999999835,130.80583671992622,-132.63,-131.41,1.2199999999999989,10.124226160216772,0.5725587736489073,9.244021533942899,11.28009523630009,2.036073702357191,10.140403290426866,10.357326343221981,10.502491902877145,0.14516555965516353,0.09819899412272282,0.05865868693795874,0.02015564437074634,0.24364305859186713,0.22348741422112078,0.1143848066834053,0.0747570063606081,0.09782816567839754,0.02307115931778944,0.1,0.0007745966692405955,0.09899999999998954,0.10099999999999909,0.0020000000000095497,0.10000299995500136,0.10099999999999909,0.09900000000000375,-0.001999999999995339,0.1,2.0,-14.221713824062817,17.532441149591975,66.49900000000001
-1.4148149999999997,0.6883241948929298,-2.9024,-0.1467,2.7557,1.5733695311337386,-0.8226,-2.4242,-1.6016,0.5171,0.7553207351847294,-2.4527,1.2795,3.7322,0.9153697739165305,0.1358,0.6577,0.5218999999999999,9.98235,0.5278642510153532,9.2032,10.9826,1.779399999999999,9.996296923861356,10.5049,10.4497,-0.05519999999999925,-0.028195000000000005,0.08035060345137429,-0.1965,0.1049,0.3014,0.08515384606698631,-0.1965,-0.0279,0.1686,-0.0040300000000000015,0.04513745783714453,-0.1302,0.0783,0.20850000000000002,0.045317005638060424,0.0143,-0.0315,-0.0458,-0.013730000000000003,0.05898192180660105,-0.1809,0.105,0.2859,0.06055889695164535,-0.0403,0.0398,0.0801,-0.0043800000000000045,0.01168450255680574,-0.0228,0.0239,0.046700000000000005,0.012478461443623566,0.0103,-0.0033,-0.013600000000000001,0.0013200000000000002,0.011042626499162236,-0.0132,0.0339,0.0471,0.011121240937952921,-0.0047,-0.0004,0.0043,9.806585,3.570714214263103e-05,9.8065,9.8066,9.999999999976694e-05,9.806585000065008,9.8066,9.8066,0.0,-10.6985,0.4730568147696426,-11.37,-9.87,1.5,10.70895349695758,-9.87,-11.31,-1.4400000000000013,-29.043000000000006,0.36020966116971365,-29.75,-28.25,1.5,29.04523368816302,-29.0,-28.94,0.05999999999999872,4.8645,0.4207074399151981,4.19,5.63,1.4399999999999995,4.882658599574621,4.63,4.75,0.1200000000000001,333.3755,3.7612038963608416,326.55,344.53,17.97999999999996,333.3967166230046,331.84,333.47,1.6300000000000523,-80.97400000000002,0.3006892083198188,-81.53,-80.43,1.0999999999999943,80.97455828839081,-81.02,-81.53,-0.5100000000000051,-130.74399999999997,1.6422983894530274,-133.39,-127.95,5.4399999999999835,130.75431419268733,-133.39,-131.61,1.7799999999999727,10.143727373289872,0.5866350406085458,9.244021533942899,11.28009523630009,2.036073702357191,10.160676438825321,10.537933213396258,10.747350604683929,0.2094173912876709,0.09735713240964236,0.059108182758154264,0.02015564437074634,0.24364305859186713,0.22348741422112078,0.11389551571506229,0.20109905519420027,0.05791977209899915,-0.14317928309520112,0.1,0.0007745966692405955,0.09899999999998954,0.10099999999999909,0.0020000000000095497,0.10000299995500136,0.09999999999999432,0.10099999999999909,0.0010000000000047748,0.1,2.0,-14.562186885026264,17.7961178117461,66.60000000000001
-1.4707899999999998,0.6833904739605315,-2.9024,-0.1467,2.7557,1.621803244539855,-1.4056,-1.9421,-0.5365,0.50485,0.7633494943340173,-2.4527,1.2795,3.7322,0.9151917684288906,1.2795,-0.1092,-1.3887,9.922075000000001,0.5335500931262217,9.2032,10.9826,1.779399999999999,9.93641021735214,9.2341,9.2994,0.06530000000000058,-0.017410000000000002,0.07096399720985282,-0.1432,0.1049,0.2481,0.07306844051983044,-0.1165,0.0192,0.13570000000000002,-0.0019150000000000022,0.04690327573848121,-0.1302,0.0783,0.20850000000000002,0.04694235294486206,0.0359,0.0566,0.020699999999999996,-0.011980000000000006,0.05868611079292953,-0.1809,0.105,0.2859,0.05989641057692856,-0.0441,-0.0053,0.0388,-0.004725000000000005,0.01134283364067374,-0.0228,0.0239,0.046700000000000005,0.012287615716647389,-0.012,0.0034,0.0154,0.0014950000000000002,0.010973352951582301,-0.0132,0.0339,0.0471,0.01107472347284572,0.0102,-0.0012,-0.0114,9.806585,3.570714214263103e-05,9.8065,9.8066,9.999999999976694e-05,9.806585000065008,9.8066,9.8066,0.0,-10.727,0.4381677760858276,-11.37,-9.94,1.4299999999999997,10.735945230858807,-10.19,-10.44,-0.25,-29.036500000000007,0.36209494611220394,-29.75,-28.25,1.5,29.038757635270834,-28.75,-28.87,-0.120000000000001,4.8549999999999995,0.4279778031627341,4.19,5.63,1.4399999999999995,4.87382703837549,5.13,4.44,-0.6899999999999995,333.1625,3.957624129449382,326.55,344.53,17.97999999999996,333.18600540088715,332.21,327.58,-4.6299999999999955,-81.0,0.32503845926289976,-81.54,-80.43,1.1099999999999994,81.00065215786846,-81.11,-81.54,-0.4300000000000068,-130.656,1.542265865536812,-133.27,-127.95,5.320000000000007,130.6651021504977,-133.27,-131.63,1.6400000000000148,10.091863652030579,0.5952795757659031,9.244021533942899,11.28009523630009,2.036073702357191,10.109405014366573,9.427695074619246,9.500658788210426,0.07296371359118048,0.09030230048083232,0.05454957403930363,0.02015564437074634,0.24364305859186713,0.22348741422112078,0.10549958056788662,0.1296374560071278,0.06000241661799965,-0.06963503938912816,0.1,0.0007745966692405955,0.09899999999998954,0.10099999999999909,0.0020000000000095497,0.10000299995500136,0.09900000000000375,0.09999999999999432,0.000999999999990564,0.1,2.0,-14.871429396200767,18.07807251216589,66.7
-1.4383,0.7009386478144859,-2.9024,-0.1467,2.7557,1.600006836860393,-1.2359,-0.7558,0.48009999999999997,0.43998500000000007,0.7497659650017465,-2.4527,1.1272,3.5799000000000003,0.8693306634992234,1.0693,-0.0178,-1.0871,9.96656,0.5109461374743915,9.2032,10.9826,1.779399999999999,9.979648500272942,9.6807,10.1238,0.4430999999999994,-0.009035000000000007,0.0686207204494386,-0.1432,0.1049,0.2481,0.06921296482596306,0.0795,0.051,-0.028500000000000004,-0.003910000000000002,0.04609398984683361,-0.1302,0.0783,0.20850000000000002,0.0462595287481401,-0.037,-0.004,0.033,-0.007880000000000003,0.059161352249589426,-0.1809,0.105,0.2859,0.05968383365702977,0.0069,0.0379,0.031000000000000003,-0.0036900000000000045,0.011573845514780292,-0.0228,0.0239,0.046700000000000005,0.012147839314050871,-0.0228,0.0087,0.0315,0.0008550000000000002,0.010819171641119295,-0.0132,0.0339,0.0471,0.01085290283749007,0.0005,-0.0026,-0.0031,9.806585,3.570714214263103e-05,9.8065,9.8066,9.999999999976694e-05,9.806585000065008,9.8066,9.8066,0.0,-10.761,0.4212350887568602,-11.37,-9.94,1.4299999999999997,10.769241384610151,-10.06,-10.87,-0.8099999999999987,-29.046000000000003,0.3569089519751499,-29.75,-28.25,1.5,29.0481927148661,-29.25,-28.94,0.3099999999999987,4.839,0.423354461415018,4.19,5.63,1.4399999999999995,4.857483916597151,4.56,4.81,0.25,333.1845,3.953488933840587,326.55,344.53,17.97999999999996,333.2079547594865,333.94,332.65,-1.2900000000000205,-81.02,0.3430014577228499,-81.54,-80.43,1.1099999999999994,81.02072605204178,-81.21,-81.51,-0.30000000000001137,-130.6,1.4647184029703493,-132.31,-127.95,4.359999999999999,130.6082133711353,-132.31,-132.15,0.1599999999999966,10.128078339099151,0.5754746098400787,9.244021533942899,11.28009523630009,2.036073702357191,10.144414318702683,9.817678126217013,10.151988815990686,0.3343106897736732,0.08700374748847513,0.05406372557419307,0.02015564437074634,0.24364305859186713,0.22348741422112078,0.10243309279720104,0.08795942246286068,0.06366639615998379,-0.024293026302876886,0.1,0.0007745966692405955,0.09899999999998954,0.10099999999999909,0.0020000000000095497,0.10000299995500136,0.10099999999999909,0.09900000000000375,-0.001999999999995339,0.1,2.0,-15.186161433833973,18.311378681253544,66.799
-1.444715,0.6996428290742356,-2.9024,-0.1467,2.7557,1.6052107399030195,-1.7898,-1.3642,0.4256,0.39966,0.736403934264341,-2.4527,1.1272,3.5799000000000003,0.8378656634568575,0.6917,0.2628,-0.4289,9.9954,0.5102751385282256,9.2032,10.9826,1.779399999999999,10.008416551932678,10.6397,10.2575,-0.3821999999999992,-0.015955000000000004,0.06628212787018835,-0.1432,0.1049,0.2481,0.06817538045365057,-0.0189,-0.0589,-0.04,-0.0005800000000000013,0.04598875514731835,-0.1302,0.0783,0.20850000000000002,0.04599241241770212,-0.0002,0.0296,0.0298,-0.008110000000000004,0.059112366726430436,-0.1809,0.105,0.2859,0.05966610428040362,0.0069999999999999,0.0023,-0.0046999999999999004,-0.002215000000000005,0.010904873910321014,-0.0227,0.0239,0.0466,0.011127555886177337,-0.001,0.0067,0.0077,0.0009549999999999998,0.010824669740920506,-0.0132,0.0339,0.0471,0.010866715235065287,-0.0117,0.0025,0.0142,9.806585,3.570714214263103e-05,9.8065,9.8066,9.999999999976694e-05,9.806585000065008,9.8065,9.8066,9.999999999976694e-05,-10.833,0.4183192560712452,-11.5,-9.94,1.5600000000000005,10.841073747558402,-9.94,-11.5,-1.5600000000000005,-28.989500000000003,0.4061831483456691,-29.75,-28.12,1.629999999999999,28.992345455309408,-29.31,-28.12,1.1899999999999977,4.8765,0.4301427088769493,4.19,5.63,1.4399999999999995,4.895434097197101,4.44,5.31,0.8699999999999992,333.1585,3.9501433834735655,326.55,344.53,17.97999999999996,333.18191690876625,326.55,333.42,6.8700000000000045,-81.0385,0.36219159294494946,-81.58,-80.43,1.1499999999999915,81.03930938131198,-81.22,-81.58,-0.35999999999999943,-130.58550000000002,1.4490703054027472,-132.15,-127.95,4.200000000000003,130.5935397138771,-131.8,-132.02,-0.21999999999999886,10.154752187367437,0.5728265703127075,9.244021533942899,11.28009523630009,2.036073702357191,10.170895843852694,10.811338909681815,10.351155091582774,-0.46018381809904163,0.08590375301776612,0.05425655460368486,0.02015564437074634,0.24364305859186713,0.22348741422112078,0.1016032898089427,0.02015564437074634,0.06595953304868069,0.04580388867793435,0.09994999999999976,0.0007399324293465528,0.09899999999998954,0.10099999999999909,0.0020000000000095497,0.09995273883190972,0.09900000000000375,0.09999999999999432,0.000999999999990564,0.09994999999999976,1.9989999999999952,-15.49392968212807,18.568938963695587,66.899
-1.43154,0.6954891303248384,-2.9024,-0.1467,2.7557,1.5915438737276457,-1.5708,-1.5263,0.044499999999999984,0.389275,0.7336717248708717,-2.4527,1.1272,3.5799000000000003,0.8305475455986853,0.5813,0.484,-0.09730000000000005,9.975805,0.4923676639209767,9.2032,10.9826,1.779399999999999,9.98794830355564,10.7846,10.2478,-0.5367999999999995,-0.015020000000000006,0.0663658315701687,-0.1432,0.1049,0.2481,0.06804427970079484,-0.0681,-0.0002,0.06789999999999999,-0.0004900000000000024,0.04599117197897874,-0.1302,0.0783,0.20850000000000002,0.04599378218846543,0.0352,0.0016,-0.033600000000000005,-0.008204999999999997,0.05908952931780723,-0.1809,0.105,0.2859,0.059656470730340735,-0.0355,0.0051,0.0406,-0.002080000000000005,0.010935748716937487,-0.0227,0.0239,0.0466,0.011131801291794599,0.0069999999999999,0.0017,-0.0052999999999999,0.0017450000000000005,0.01044205319848544,-0.0132,0.0339,0.0471,0.01058685505709793,-0.0014,0.0041,0.0055000000000000005,9.80659,2.9999999999930076e-05,9.8065,9.8066,9.999999999976694e-05,9.806590000045889,9.8066,9.8066,0.0,-10.886,0.3656555756446222,-11.5,-10.19,1.3100000000000005,10.892139367452108,-10.5,-11.0,-0.5,-28.951999999999998,0.40947038964984994,-29.75,-28.12,1.629999999999999,28.95489544101308,-29.62,-28.56,1.0600000000000023,4.914,0.4230886431943074,4.19,5.63,1.4399999999999995,4.932180045375473,4.56,5.19,0.6300000000000008,333.48,3.649417761780636,327.58,344.53,16.94999999999999,333.49996799100296,334.05,332.98,-1.0699999999999932,-81.06,0.3844086367396033,-81.65,-80.43,1.2199999999999989,81.06091148019495,-81.18,-81.65,-0.46999999999999886,-130.60000000000002,1.4625388883718649,-132.15,-127.95,4.200000000000003,130.6081889469416,-131.85,-132.09,-0.2400000000000091,10.132792155957002,0.5553877619971663,9.244021533942899,11.28009523630009,2.036073702357191,10.148001401359778,10.913886543756995,10.372138281473111,-0.5417482622838836,0.08516341238163513,0.0552407430391333,0.0053488316481265325,0.24364305859186713,0.2382942269437406,0.10151032706084638,0.08448017518921229,0.0053488316481265325,-0.07913134354108575,0.10004999999999953,0.0007399324293467929,0.09899999999998954,0.10099999999999909,0.0020000000000095497,0.1000527360945212,0.09999999999999432,0.10099999999999909,0.0010000000000047748,0.10004999999999953,2.0009999999999906,-15.79492589034956,18.79781234037361,67.0
-1.40983,0.6975769628506951,-2.9024,-0.1467,2.7557,1.5729698814662665,-2.0564,-1.1366,0.9198,0.3454400000000001,0.746959172512126,-2.4527,1.1272,3.5799000000000003,0.8229682855371768,1.0618,-0.2954,-1.3572000000000002,9.91651,0.4618581610191596,9.2032,10.9826,1.779399999999999,9.927259618897855,9.9221,9.5987,-0.32340000000000124,-0.010220000000000003,0.06582260705866944,-0.1432,0.1049,0.2481,0.06661129033429693,-0.0304,0.0279,0.058300000000000005,-0.003505000000000002,0.04552682149019411,-0.1302,0.0783,0.20850000000000002,0.04566154289990648,-0.0053,-0.0251,-0.0198,-0.007405,0.058822278730086615,-0.1809,0.105,0.2859,0.05928654569124432,-0.0195,-0.0195,0.0,-0.0017249999999999998,0.011332778785452401,-0.0227,0.0239,0.0466,0.01146331104000934,0.0047,0.0141,0.009399999999999999,0.0023500000000000005,0.010591765669613354,-0.0132,0.0339,0.0471,0.010849331776657952,-0.0063,0.0107,0.017,9.806585,3.570714214263103e-05,9.8065,9.8066,9.999999999976694e-05,9.806585000065008,9.8066,9.8065,-9.999999999976694e-05,-10.9045,0.35485877472594657,-11.5,-10.19,1.3100000000000005,10.910272453060005,-10.62,-10.87,-0.25,-28.895999999999997,0.3904279703095052,-29.75,-28.12,1.629999999999999,28.898637511135366,-29.75,-28.5,1.25,4.9265,0.4160802206305894,4.19,5.63,1.4399999999999995,4.9440393404583665,5.13,4.81,-0.3200000000000003,333.3635,3.6665123414492937,327.58,344.53,16.94999999999999,333.3836625346239,331.93,331.72,-0.20999999999997954,-81.08650000000002,0.40923434606591824,-81.71,-80.43,1.279999999999987,81.08753267303182,-81.14,-81.71,-0.5699999999999932,-130.67450000000002,1.5590781731523313,-133.34,-127.95,5.390000000000001,130.68380035413725,-131.84,-133.34,-1.5,10.070611433567404,0.5336477696959347,9.244021533942899,11.28009523630009,2.036073702357191,10.084740680255493,10.188437986757343,9.670272095965034,-0.518165890792309,0.08305403716016639,0.05602643939603604,0.0053488316481265325,0.24364305859186713,0.2382942269437406,0.1001845047899125,0.03650342449688796,0.042292670759837336,0.0057892462629493754,0.10005000000000024,0.0007399324293467449,0.09899999999998954,0.10099999999999909,0.0020000000000095497,0.10005273609452192,0.09999999999999432,0.10000000000000853,1.4210854715202004e-14,0.10005000000000024,2.0010000000000048,-16.09523462307095,19.00993945000465,67.10000000000001
-1.3732100000000003,0.6817171670861751,-2.9024,-0.1467,2.7557,1.5331157816681686,-0.4885,-1.324,-0.8355000000000001,0.304035,0.7288342337424882,-2.4527,1.1272,3.5799000000000003,0.7897066680103442,0.4213,0.2337,-0.18760000000000002,9.925040000000001,0.4634552658024289,9.2032,10.9826,1.779399999999999,9.935854758650612,9.4091,10.0927,0.6836000000000002,-0.004450000000000008,0.06879174005649225,-0.1432,0.1049,0.2481,0.06893552059714933,-0.0642,0.085,0.1492,-0.004535000000000003,0.04578805821390551,-0.1302,0.0783,0.20850000000000002,0.04601209080230977,0.0153,-0.0259,-0.0412,-0.007494999999999999,0.05884208931538717,-0.1809,0.105,0.2859,0.059317505847768084,0.0212,-0.0213,-0.042499999999999996,-0.001235,0.011802130104349808,-0.0227,0.0239,0.0466,0.01186657069249579,0.0025,0.0145,0.012,0.002785,0.010404579520576504,-0.0132,0.0339,0.0471,0.01077086347513513,-0.0076,0.0024,0.01,9.806585,3.570714214263103e-05,9.8065,9.8066,9.999999999976694e-05,9.806585000065008,9.8066,9.8066,0.0,-10.923499999999999,0.3492459734914635,-11.5,-10.19,1.3100000000000005,10.92908161740958,-10.69,-11.0,-0.3100000000000005,-28.861499999999996,0.3407678828763061,-29.44,-28.12,1.3200000000000003,28.863511653989715,-28.75,-29.06,-0.3099999999999987,4.889,0.42962658204538506,4.19,5.63,1.4399999999999995,4.907840665710329,5.38,4.38,-1.0,332.86750000000006,4.420367490379053,322.01,344.53,22.519999999999982,332.8968491965642,332.6,322.01,-10.590000000000032,-81.11250000000001,0.42790039728890117,-81.71,-80.43,1.279999999999987,81.11362866374553,-81.04,-81.66,-0.6199999999999903,-130.8245,1.791054089077159,-134.84,-127.95,6.890000000000001,130.83675964727956,-131.63,-134.84,-3.210000000000008,10.070282317963505,0.5335770263153786,9.244021533942899,11.28009523630009,2.036073702357191,10.084408282417963,9.43118702762277,10.181855674679346,0.7506686470565764,0.08579764585998459,0.05501407969678915,0.0053488316481265325,0.24364305859186713,0.2382942269437406,0.101920483711568,0.06931933352247409,0.09137559849325202,0.022056264970777936,0.1,0.0007745966692415128,0.09899999999998954,0.10099999999999909,0.0020000000000095497,0.10000299995500136,0.10000000000000853,0.09899999999998954,-0.0010000000000189857,0.1,2.0,-16.380627989812425,19.231670611811225,67.199
-1.3925699999999999,0.6615162183197022,-2.9024,-0.1467,2.7557,1.5417051962032169,-1.5985,-0.8757,0.7228,0.32033999999999996,0.734897652329901,-2.4527,1.1272,3.5799000000000003,0.801680905971946,0.5213,0.7474,0.22609999999999997,9.95217,0.44808546071034255,9.2032,10.9826,1.779399999999999,9.962252169514683,10.0686,9.9517,-0.11689999999999934,-0.002045000000000006,0.0674892767408275,-0.1432,0.1049,0.2481,0.06752025251730032,0.0004,-0.0161,-0.0165,-0.006220000000000001,0.045646988947793704,-0.1302,0.0783,0.20850000000000002,0.0460688180877261,0.0036,-0.0184,-0.022,-0.009319999999999998,0.05848877328171621,-0.1809,0.105,0.2859,0.059226674733602935,0.0471,-0.0153,-0.062400000000000004,-0.0007749999999999998,0.012113912456345391,-0.0227,0.0239,0.0466,0.012138677852220975,-0.0227,0.0117,0.0344,0.0034400000000000008,0.010139151838294957,-0.0132,0.0339,0.0471,0.010706820256266562,0.0006,0.0055,0.0049,9.80658,3.9999999999906775e-05,9.8065,9.8066,9.999999999976694e-05,9.80658000008158,9.8066,9.8065,-9.999999999976694e-05,-10.992,0.4232446101251617,-12.06,-10.19,1.870000000000001,11.000145453583784,-10.37,-12.06,-1.6900000000000013,-28.889499999999998,0.35323469535140484,-29.44,-28.12,1.3200000000000003,28.891659436591734,-29.0,-29.31,-0.3099999999999987,4.863999999999999,0.414613072635198,4.19,5.63,1.4399999999999995,4.881639069001312,4.94,4.88,-0.0600000000000005,332.564,4.63164700727506,322.01,344.53,22.519999999999982,332.59625110635267,335.37,326.53,-8.840000000000032,-81.14550000000001,0.4460994844202352,-81.71,-80.43,1.279999999999987,81.14672621246035,-80.89,-81.7,-0.8100000000000023,-131.02050000000003,2.0624099374275757,-135.55,-127.95,7.6000000000000085,131.03673131988603,-131.05,-135.55,-4.5,10.09962662533323,0.5133785200611017,9.244021533942899,11.28009523630009,2.036073702357191,10.112666091392516,10.208019489597381,10.018073175017241,-0.18994631458014055,0.08377377834827365,0.05631228605956532,0.0053488316481265325,0.24364305859186713,0.2382942269437406,0.10094116850918658,0.0472390728105453,0.028841983288255334,-0.018397089522289963,0.10004999999999953,0.0008046738469715552,0.09899999999998954,0.10099999999999909,0.0020000000000095497,0.10005323582973169,0.10099999999999909,0.10099999999999909,0.0,0.10004999999999953,2.0009999999999906,-16.66674496581055,19.442007350332602,67.3
-1.4067550000000002,0.6687817367983371,-2.9024,-0.1467,2.7557,1.557635593295171,-1.8326,-1.8822,-0.04960000000000009,0.30923999999999996,0.7334536368442112,-2.4527,1.1272,3.5799000000000003,0.7959796574033786,1.0689,0.2993,-0.7696,9.9603,0.45158562089597143,9.2032,10.9826,1.779399999999999,9.970531864599801,9.9185,10.2312,0.31269999999999953,-0.003190000000000008,0.06763218834253405,-0.1432,0.1049,0.2481,0.06770737773684637,0.0818,-0.0225,-0.1043,-0.0067499999999999965,0.04559139721482552,-0.1302,0.0783,0.20850000000000002,0.04608837163537024,-0.0354,-0.0069999999999999,0.0284000000000001,-0.011815,0.057076056932833054,-0.1809,0.105,0.2859,0.05828610897975606,0.105,-0.0028,-0.10779999999999999,4.000000000000058e-05,0.011118875842458175,-0.0186,0.0239,0.042499999999999996,0.011118947791945064,-0.0101,-0.0064,0.0036999999999999993,0.0035000000000000005,0.010125709851659784,-0.0132,0.0339,0.0471,0.01071354283138869,-0.0047,0.0018,0.006500000000000001,9.80658,3.9999999999906775e-05,9.8065,9.8066,9.999999999976694e-05,9.80658000008158,9.8065,9.8066,9.999999999976694e-05,-11.0265,0.3985382666695886,-12.06,-10.19,1.870000000000001,11.033699968732156,-10.62,-11.06,-0.4400000000000013,-28.9115,0.3726026704144777,-29.44,-28.12,1.3200000000000003,28.913900895589997,-29.0,-29.44,-0.4400000000000013,4.8575,0.41438961135626934,4.19,5.63,1.4399999999999995,4.875143587628983,5.25,4.81,-0.4400000000000004,332.1735,4.707226651649569,322.01,344.53,22.519999999999982,332.20685135168424,335.0,327.56,-7.439999999999998,-81.18750000000001,0.4594113080889497,-81.73,-80.43,1.2999999999999972,81.18879981253572,-80.91,-81.73,-0.8200000000000074,-131.26350000000002,2.3215948720653254,-135.91,-127.95,7.959999999999994,131.2840288649004,-129.92,-135.91,-5.990000000000009,10.109585408064657,0.5173014561608722,9.244021533942899,11.28009523630009,2.036073702357191,10.12281175956068,10.142860159737982,10.407195144225941,0.26433498448795945,0.08259830058192166,0.05729937382710668,0.0053488316481265325,0.24364305859186713,0.2382942269437406,0.10052709833671715,0.13772944492736475,0.023729517483505613,-0.11399992744385913,0.09994999999999976,0.0008046738469713343,0.09899999999998954,0.10099999999999909,0.0020000000000095497,0.09995323906707552,0.09900000000000375,0.09900000000000375,0.0,0.09994999999999976,1.9989999999999952,-16.94279452793738,19.648529661220152,67.399
-1.36367,0.6677154896361175,-2.9024,-0.1467,2.7557,1.5183674930661548,-1.776,-0.9709,0.8051,0.28080499999999997,0.714223220341512,-2.4527,1.1272,3.5799000000000003,0.7674413700733105,0.9458,0.5002,-0.4456,9.94942,0.45506950524068296,9.2032,10.9826,1.779399999999999,9.959821614416596,9.9827,9.7009,-0.2817999999999987,-0.008810000000000007,0.06495328244207524,-0.1432,0.1049,0.2481,0.0655480358210679,0.0347,-0.0306,-0.0653,-0.006194999999999996,0.04530592097066343,-0.1302,0.0783,0.20850000000000002,0.045727502665245126,0.0075,-0.0243,-0.031799999999999995,-0.016655,0.050714825002162824,-0.1809,0.0398,0.2207,0.05337960752946765,0.0335,0.0082,-0.025300000000000003,0.0005800000000000001,0.010872837716070262,-0.0186,0.0239,0.042499999999999996,0.010888296469145207,-0.0046,0.0007,0.0053,0.00418,0.010008176657113921,-0.0132,0.0339,0.0471,0.010846013092376388,-0.0068,0.0089,0.0157,9.806585,3.570714214263103e-05,9.8065,9.8066,9.999999999976694e-05,9.806585000065008,9.8066,9.8066,0.0,-11.058,0.3899692295553588,-12.06,-10.19,1.870000000000001,11.064874152018177,-10.69,-11.25,-0.5600000000000005,-28.924,0.3794917653915561,-29.44,-28.12,1.3200000000000003,28.926489417141514,-28.25,-29.25,-1.0,4.863999999999999,0.4214546238920626,4.19,5.63,1.4399999999999995,4.8822249026442845,5.38,5.38,0.0,331.78550000000007,4.777546938544928,322.01,344.53,22.519999999999982,331.8198953724746,336.72,327.24,-9.480000000000018,-81.2325,0.47387630242501033,-81.81,-80.43,1.3799999999999955,81.23388218594503,-80.79,-81.81,-1.019999999999996,-131.5795,2.5373164465631826,-136.24,-127.95,8.290000000000006,131.6039619274435,-129.0,-136.24,-7.240000000000009,10.090551782439949,0.5227020350046071,9.244021533942899,11.28009523630009,2.036073702357191,10.104080991930934,10.183467627974274,9.76218764724383,-0.4212799807304446,0.077708131168292,0.05655420718506737,0.0053488316481265325,0.24364305859186713,0.2382942269437406,0.0961089589996687,0.04881178136474841,0.039926056654771204,-0.008885724709977207,0.1,0.0007745966692415127,0.09899999999998954,0.10099999999999909,0.0020000000000095497,0.10000299995500136,0.10099999999999909,0.10000000000000853,-0.000999999999990564,0.1,2.0,-17.206897939151077,19.83935770785179,67.49900000000001
-1.3558249999999998,0.6637347767557461,-2.9024,-0.1467,2.7557,1.509571225381565,-1.1361,-1.6191,-0.4829999999999999,0.26108499999999996,0.7009109039492823,-2.4527,1.1272,3.5799000000000003,0.7479582023749722,0.2036,0.5514,0.3478,9.938825,0.45663538832968253,9.2032,10.9826,1.779399999999999,9.949309436262398,10.2781,9.7708,-0.5073000000000008,-0.009575000000000004,0.06452501743510032,-0.1432,0.1049,0.2481,0.06523157594294346,-0.1124,0.0194,0.1318,-0.0050449999999999965,0.04592659877456636,-0.1302,0.0783,0.20850000000000002,0.046202862465436055,0.0065,0.0305,0.024,-0.019610000000000002,0.04941139443488718,-0.1809,0.0398,0.2207,0.05316049284948363,0.0248,-0.0256,-0.0504,0.0007400000000000004,0.010818844670296363,-0.0186,0.0239,0.042499999999999996,0.010844122832207316,0.0008,-0.0014,-0.0022,0.004690000000000001,0.009690505662760845,-0.0132,0.0339,0.0471,0.010765779117184225,-0.0132,0.0034,0.0166,9.806585,3.570714214263103e-05,9.8065,9.8066,9.999999999976694e-05,9.806585000065008,9.8066,9.8066,0.0,-11.091999999999999,0.3860259058664328,-12.06,-10.19,1.870000000000001,11.098715240963703,-11.19,-11.37,-0.17999999999999972,-29.0115,0.41416512407492717,-30.0,-28.12,1.879999999999999,29.014456138277,-28.75,-30.0,-1.25,4.8575,0.41438961135626934,4.19,5.63,1.4399999999999995,4.875143587628983,4.5,5.25,0.75,331.2675,4.776082992369374,322.01,344.53,22.519999999999982,331.30192804298616,337.06,326.36,-10.699999999999989,-81.287,0.48245310652953594,-81.88,-80.43,1.4499999999999886,81.28843171079141,-80.69,-81.88,-1.1899999999999977,-131.95850000000002,2.685496741759338,-136.58,-127.95,8.63000000000001,131.98582353798457,-128.39,-136.58,-8.190000000000026,10.07734729978893,0.523523079660078,9.244021533942899,11.28009523630009,2.036073702357191,10.090936775914315,10.34270350440348,9.919377974953873,-0.4233255294496061,0.07748224862688832,0.05667805702139993,0.0053488316481265325,0.24364305859186713,0.2382942269437406,0.09599948437361525,0.1152868162453973,0.04429413053667495,-0.07099268570872236,0.1,0.0007745966692415126,0.09899999999998954,0.10099999999999909,0.0020000000000095497,0.10000299995500136,0.09899999999998954,0.10099999999999909,0.0020000000000095497,0.1,2.0,-17.465332641231555,20.04726095201967,67.60000000000001
-1.3195850000000002,0.6938464788950074,-2.9024,-0.1467,2.7557,1.4908814535367994,-1.4527,-0.4113,1.0414,0.29023999999999994,0.7099819796304693,-2.4527,1.1272,3.5799000000000003,0.7670160813177257,1.1272,0.7867,-0.3405,9.890730000000001,0.46886081847388356,9.2032,10.9826,1.779399999999999,9.901836718508338,9.9029,9.3162,-0.5867000000000004,-0.008120000000000006,0.062485843196679346,-0.1432,0.1049,0.2481,0.06301122915798421,-0.0245,-0.0833,-0.0588,-0.006884999999999995,0.046163765823424754,-0.1302,0.0783,0.20850000000000002,0.04667436662666137,0.0195,-0.0303,-0.0498,-0.020565000000000003,0.04872362132477429,-0.1809,0.0398,0.2207,0.052885825133016505,-0.0245,0.0057,0.0302,0.0006950000000000004,0.010820373145136907,-0.0186,0.0239,0.042499999999999996,0.01084267033530025,-0.0019,-0.0001,0.0018,0.005519999999999999,0.008791905368007552,-0.0026,0.0339,0.0365,0.010381136739297869,-0.0025,0.0034,0.0059,9.80658,3.9999999999906775e-05,9.8065,9.8066,9.999999999976694e-05,9.80658000008158,9.8066,9.8065,-9.999999999976694e-05,-11.101,0.3902806682376159,-12.06,-10.19,1.870000000000001,11.10785847947299,-10.81,-11.37,-0.5599999999999987,-29.046000000000003,0.41964747109925477,-30.0,-28.12,1.879999999999999,29.049031309150397,-28.87,-29.44,-0.5700000000000003,4.898,0.41704436214868074,4.19,5.63,1.4399999999999995,4.9157227342477325,5.63,5.31,-0.3200000000000003,330.7545,4.67633133449716,322.01,344.53,22.519999999999982,330.7875562124428,344.53,326.8,-17.72999999999996,-81.34750000000001,0.4796548238056194,-81.9,-80.43,1.4699999999999989,81.34891409846846,-80.62,-81.9,-1.2800000000000011,-132.3725,2.74111268465928,-136.67,-127.95,8.719999999999985,132.40087784829828,-128.1,-136.67,-8.569999999999993,10.028132115112012,0.5421972513385797,9.244021533942899,11.28009523630009,2.036073702357191,10.042779076406093,10.072156945758937,9.358399810865103,-0.7137571348938341,0.07615904224176655,0.056085847455635524,0.0053488316481265325,0.24364305859186713,0.2382942269437406,0.09458235564839777,0.039758646858262164,0.08882268854296181,0.04906404168469965,0.10005000000000024,0.0007399324293467449,0.09899999999998954,0.10099999999999909,0.0020000000000095497,0.10005273609452192,0.10000000000000853,0.09999999999999432,-1.4210854715202004e-14,0.10005000000000024,2.0010000000000048,-17.710400708224682,20.239198179430133,67.7
-1.349085,0.7112042401975679,-2.9024,-0.1467,2.7557,1.5250710830974403,-0.8358,-2.0427,-1.2069,0.265295,0.6885791780725004,-2.4527,0.8482,3.3009,0.73791782841994,0.8482,0.6283,-0.21989999999999998,9.880010000000002,0.47090656387440594,9.2032,10.9826,1.779399999999999,9.891225939791285,9.3552,9.6885,0.3332999999999995,-0.010535000000000006,0.06398756344009357,-0.1432,0.1049,0.2481,0.06484901309966097,0.0236,-0.0728,-0.0964,-0.008594999999999995,0.045786618951392334,-0.1302,0.0783,0.20850000000000002,0.04658635529852062,-0.0059,-0.0147,-0.008799999999999999,-0.020105,0.0487277279893081,-0.1809,0.0398,0.2207,0.05271245109080017,-0.0256,-0.0153,0.010300000000000002,-2.4999999999999503e-05,0.011430961245669587,-0.0186,0.0239,0.042499999999999996,0.011430988583670268,0.0085,-0.0163,-0.0248,0.006189999999999999,0.008664865838545914,-0.0026,0.0339,0.0365,0.010648755795866481,-0.0017,0.0109,0.0126,9.80658,3.9999999999906775e-05,9.8065,9.8066,9.999999999976694e-05,9.80658000008158,9.8066,9.8066,0.0,-11.157499999999999,0.4243686487006316,-12.06,-10.19,1.870000000000001,11.16556738370245,-10.75,-11.94,-1.1899999999999995,-29.102500000000003,0.465691689854994,-30.0,-28.12,1.879999999999999,29.106225708600554,-29.19,-30.0,-0.8099999999999987,4.8885,0.4021601049333462,4.19,5.44,1.25,4.905014271131125,4.25,5.44,1.1900000000000004,329.739,3.672002042483095,322.01,336.23,14.220000000000027,329.75944523243004,329.86,324.22,-5.639999999999986,-81.423,0.4780387013621385,-82.13,-80.43,1.6999999999999886,81.42440328304531,-80.55,-82.13,-1.5799999999999983,-132.84050000000002,2.770576609660885,-137.46,-127.95,9.510000000000005,132.8693890066482,-127.95,-137.46,-9.510000000000005,10.020594868721757,0.5425804999695077,9.244021533942899,11.28009523630009,2.036073702357191,10.035273544951329,9.43068247371313,9.921412017953896,0.4907295442407662,0.07796255421467821,0.05546283116036685,0.0053488316481265325,0.24364305859186713,0.2382942269437406,0.09567803039360709,0.03531472780583195,0.07582888631649551,0.04051415851066356,0.1,0.0007745966692405955,0.09899999999998954,0.10099999999999909,0.0020000000000095497,0.10000299995500135,0.09999999999999432,0.09900000000000375,-0.000999999999990564,0.1,2.0,-17.936902135810314,20.43375352882579,67.799
-1.36585,0.7028095506607748,-2.9024,-0.1467,2.7557,1.536062331743084,-2.9024,-1.1711,1.7313,0.270385,0.693229768024282,-2.4527,0.95,3.4027000000000003,0.7440937840756365,0.4584,0.95,0.4916,9.910940000000002,0.45548312636144933,9.2032,10.9826,1.779399999999999,9.921400937468459,10.3352,9.9738,-0.3613999999999997,-0.009325000000000007,0.06484468270413543,-0.1432,0.1049,0.2481,0.06551174322211248,0.0069999999999999,0.0478,0.0408000000000001,-0.006314999999999996,0.04698375543738495,-0.1302,0.0783,0.20850000000000002,0.047406249588002644,0.0489,0.0397,-0.0092,-0.023305,0.0510305739238743,-0.1809,0.0398,0.2207,0.05610028966057127,-0.0053,-0.0896,-0.0843,-0.0009699999999999997,0.011468308506488653,-0.0186,0.0239,0.042499999999999996,0.011509257143708276,-0.0186,-0.0104,0.008199999999999999,0.007240000000000001,0.0089139441326497,-0.0026,0.0339,0.0365,0.011483727617807731,-0.0025,0.0193,0.0218,9.806574999999999,4.330127018912101e-05,9.8065,9.8066,9.999999999976694e-05,9.806575000095599,9.8065,9.8065,0.0,-11.1545,0.4274397618378526,-12.06,-10.19,1.870000000000001,11.162686728561363,-11.37,-10.69,0.6799999999999997,-29.1085,0.46754972997532557,-30.0,-28.12,1.879999999999999,29.112254722023852,-29.31,-29.31,0.0,4.9635,0.41573158407799615,4.19,5.75,1.5599999999999996,4.980879942339506,5.0,5.75,0.75,329.8355,3.699173522558792,322.01,336.23,14.220000000000027,329.85624284678926,336.23,331.79,-4.439999999999998,-81.50650000000002,0.46389950420322645,-82.22,-80.43,1.789999999999992,81.50782014629026,-80.49,-82.22,-1.730000000000004,-133.346,2.7544280713062745,-138.06,-128.7,9.360000000000014,133.37444504101975,-128.7,-138.06,-9.360000000000014,10.05341840991788,0.5254882335735411,9.244021533942899,11.28009523630009,2.036073702357191,10.067142574161746,10.744785496230254,10.087153297635563,-0.6576321985946905,0.08164867301321913,0.0549534138628386,0.0053488316481265325,0.24364305859186713,0.2382942269437406,0.09841942643604464,0.049681988688054735,0.10903710377665027,0.059355115088595534,0.10005000000000024,0.0008046738469706279,0.09899999999998954,0.10099999999999909,0.0020000000000095497,0.1000532358297324,0.10000000000000853,0.10099999999999909,0.000999999999990564,0.10005000000000024,2.0010000000000048,-18.163624552502597,20.629134261971686,67.9
-1.2496950000000002,0.6271626826230974,-2.4242,-0.1467,2.2775,1.3982384000949195,-0.7793,-0.5793,0.19999999999999996,0.30866999999999994,0.7230580219456804,-2.4527,1.2241,3.6768,0.7861870464463275,-2.4527,1.2241,3.6768,9.863540000000002,0.4581849740006758,9.2032,10.9826,1.779399999999999,9.874176158140992,10.9826,9.3872,-1.5953999999999997,-0.007854999999999997,0.06552774584097945,-0.1432,0.1049,0.2481,0.06599686734989775,-0.1432,0.0364,0.17959999999999998,-0.007784999999999996,0.04567491954015902,-0.1302,0.0783,0.20850000000000002,0.046333621701740525,0.0783,0.0195,-0.05879999999999999,-0.022205,0.05164029894375128,-0.1809,0.0398,0.2207,0.056211942681248794,-0.1809,0.0167,0.1976,0.00030000000000000024,0.010834528139240768,-0.0163,0.0239,0.0402,0.010838680731528168,0.0239,0.0068,-0.0171,0.007415000000000001,0.008753929117830461,-0.0026,0.0339,0.0365,0.011472292708957525,0.0011,0.001,-0.00010000000000000005,9.80658,3.9999999999906775e-05,9.8065,9.8066,9.999999999976694e-05,9.80658000008158,9.8066,9.8066,0.0,-11.126499999999998,0.4307351274275179,-12.06,-10.19,1.870000000000001,11.134834305008763,-11.12,-10.81,0.3099999999999987,-29.089999999999996,0.4665297418171748,-30.0,-28.12,1.879999999999999,29.093740735766513,-29.31,-28.94,0.36999999999999744,5.004,0.4549219713313482,4.19,5.81,1.6199999999999992,5.02463630524638,4.19,5.81,1.6199999999999992,329.639,3.450286799673328,322.01,333.47,11.460000000000036,329.6570563479569,328.05,332.3,4.25,-81.599,0.43556744598282243,-82.34,-80.43,1.9099999999999966,81.60016249983819,-80.43,-82.34,-1.9099999999999966,-133.80300000000003,2.7034350371333127,-138.06,-128.93,9.129999999999995,133.83030811441782,-128.93,-137.84,-8.909999999999997,9.990398317394474,0.5142537868617678,9.244021533942899,11.28009523630009,2.036073702357191,10.003625117801047,11.28009523630009,9.484383645762122,-1.7957115905379677,0.08139173544989806,0.05511405356579941,0.0053488316481265325,0.24364305859186713,0.2382942269437406,0.098296355476691,0.24364305859186713,0.04454323742163337,-0.19909982117023375,0.1,0.0008366600265329748,0.09899999999998954,0.10099999999999909,0.0020000000000095497,0.10000349993875216,0.10099999999999909,0.09900000000000375,-0.001999999999995339,0.1,2.0,-18.377362512446652,20.83279457251689,67.99900000000001
-1.287995,0.620622013366429,-2.4242,-0.1467,2.2775,1.429721232793302,-1.1862,-1.5453,-0.3591,0.42083000000000004,0.37735902149014533,-0.2954,1.2241,1.5194999999999999,0.5652412936083138,0.4042,-0.2095,-0.6137,9.845395,0.41902071843167854,9.2032,10.6197,1.4164999999999992,9.854307741718847,9.4096,10.6197,1.2101000000000006,-0.004145,0.05959147149550848,-0.1086,0.1049,0.2135,0.05973545429642265,-0.1086,-0.069,0.039599999999999996,-0.011494999999999995,0.041339635641838936,-0.1302,0.0566,0.18680000000000002,0.04290804703083095,-0.0387,0.0041,0.0428,-0.012845,0.03688539650051223,-0.1093,0.0398,0.1491,0.039057988939524266,-0.1093,0.0063,0.1156,-0.0009699999999999998,0.009385526090742063,-0.0163,0.0145,0.0308,0.0094355180037982,-0.0114,-0.0015,0.0099,0.00678,0.009607944629315888,-0.0116,0.0339,0.0455,0.011759294196506865,0.0339,-0.0116,-0.0455,9.80658,3.9999999999906775e-05,9.8065,9.8066,9.999999999976694e-05,9.80658000008158,9.8066,9.8066,0.0,-11.155,0.44787833169288294,-12.06,-10.19,1.870000000000001,11.163987638832282,-11.37,-11.69,-0.3200000000000003,-29.055500000000002,0.4744309749584231,-30.0,-28.12,1.879999999999999,29.05937310060215,-29.44,-28.62,0.8200000000000003,5.0634999999999994,0.421132698801696,4.31,5.81,1.5,5.080982680545172,5.38,5.38,0.0,329.528,3.534308418913101,322.01,333.47,11.460000000000036,329.5469528307006,333.39,325.83,-7.560000000000002,-81.69250000000001,0.37043049280532975,-82.34,-80.93,1.4099999999999966,81.69333984481231,-80.93,-82.3,-1.3699999999999903,-134.199,2.5354780614314127,-138.06,-130.99,7.069999999999993,134.22294978877497,-130.99,-136.85,-5.859999999999985,9.963072860262443,0.45624639516597587,9.244021533942899,10.747350604683929,1.5033290707410298,9.973514004201327,9.492682457556452,10.733586093659472,1.2409036361030203,0.07267999315883152,0.040651815389133664,0.0053488316481265325,0.158865162952738,0.15351633130461148,0.08327635618829632,0.158865162952738,0.06940821277053603,-0.08945695018220197,0.09994999999999976,0.0008046738469704513,0.09899999999998954,0.10099999999999909,0.0020000000000095497,0.09995323906707552,0.09999999999999432,0.09999999999999432,0.0,0.09994999999999976,1.9989999999999952,-18.57906454705015,21.02308257143183,68.099
-1.29718,0.6204068258812115,-2.4242,-0.1467,2.2775,1.4379084052887374,-0.1467,-1.3699,-1.2231999999999998,0.42711499999999986,0.3780758062545129,-0.2954,1.2241,1.5194999999999999,0.5704108506155892,0.2674,0.5299,0.2625,9.859545,0.4087170065889111,9.2032,10.6197,1.4164999999999992,9.868012829263042,9.3501,9.6926,0.34250000000000114,0.00083,0.054608406861947546,-0.0833,0.1049,0.18819999999999998,0.054614714134562675,0.0803,-0.0091,-0.0894,-0.010349999999999998,0.0408849055275905,-0.1302,0.0566,0.18680000000000002,0.0421746132169579,-0.1302,-0.0158,0.1144,-0.007964999999999998,0.029522961826347976,-0.0896,0.0398,0.12940000000000002,0.03057853004969336,-0.009,-0.0117,-0.002700000000000001,-0.0010299999999999999,0.009455585650820365,-0.0163,0.0145,0.0308,0.009511519331841784,-0.0157,-0.0126,0.0030999999999999986,0.005344999999999999,0.007321439407657486,-0.0116,0.0199,0.0315,0.009064904853334093,0.0154,0.0052,-0.0102,9.80658,3.999999999990678e-05,9.8065,9.8066,9.999999999976694e-05,9.80658000008158,9.8066,9.8066,0.0,-11.114499999999998,0.46297381135437893,-12.06,-10.19,1.870000000000001,11.124138393601548,-11.12,-10.56,0.5599999999999987,-29.005500000000005,0.48387472552304256,-30.0,-28.12,1.879999999999999,29.009535759815254,-28.87,-28.44,0.4299999999999997,5.075999999999999,0.43385942423785145,4.31,5.81,1.5,5.094507827062395,5.19,5.63,0.4399999999999995,329.6025,3.629356520101053,322.01,334.88,12.870000000000005,329.62248138590303,333.36,334.88,1.5199999999999818,-81.76849999999999,0.3620258968637467,-82.45,-81.03,1.4200000000000017,81.76930142174385,-81.03,-82.45,-1.4200000000000017,-134.46800000000002,2.465170582332995,-138.06,-131.12,6.939999999999998,134.49059480127227,-131.12,-136.37,-5.25,9.978601758174644,0.4451216359085805,9.244021533942899,10.747350604683929,1.5033290707410298,9.988524731861057,9.355073150970012,9.80326041580045,0.44818726483043747,0.06581994782500361,0.03693570045787413,0.0053488316481265325,0.15323553765363962,0.1478867060055131,0.07547523766110313,0.15323553765363962,0.021664256276179898,-0.13157128137745971,0.1,0.0008366600265329748,0.09899999999998954,0.10099999999999909,0.0020000000000095497,0.10000349993875216,0.09900000000000375,0.10099999999999909,0.001999999999995339,0.1,2.0,-18.781504760332524,21.219822998991518,68.2
-1.3745000000000003,0.566201084421427,-2.4242,-0.4113,2.0129,1.486551014260863,-0.5312,-1.6931,-1.1619000000000002,0.46891999999999995,0.40347620326358774,-0.2954,1.2241,1.5194999999999999,0.6186105503465003,0.6862,1.1035,0.4172999999999999,9.88655,0.3916511170672183,9.2032,10.6197,1.4164999999999992,9.894304498043306,9.2032,9.8902,0.6869999999999994,-0.0002800000000000004,0.053188951860325275,-0.0833,0.1049,0.18819999999999998,0.05318968885037776,0.1049,0.0581,-0.046799999999999994,-0.005689999999999996,0.031099355298783923,-0.0811,0.0566,0.1377,0.031615597416465184,-0.0811,-0.037,0.04410000000000001,-0.0038699999999999976,0.03437644687864061,-0.0896,0.0729,0.1625,0.03459359767355803,0.0046,0.0729,0.0683,-0.0006499999999999999,0.00900013888781723,-0.0163,0.0145,0.0308,0.009023580220732788,-0.0073,-0.0081,-0.0007999999999999995,0.004515,0.007071157967405339,-0.0116,0.0199,0.0315,0.008389666262730598,0.0083,-0.0012,-0.0095,9.80658,3.999999999990678e-05,9.8065,9.8066,9.999999999976694e-05,9.80658000008158,9.8066,9.8066,0.0,-11.136500000000002,0.47305681476964273,-12.06,-10.19,1.870000000000001,11.146542737548716,-11.19,-11.56,-0.370000000000001,-29.012,0.48288300860560385,-30.0,-28.12,1.879999999999999,29.01601833470609,-29.06,-29.0,0.05999999999999872,5.0569999999999995,0.436761948892071,4.31,5.81,1.5,5.075826041148376,4.69,4.81,0.11999999999999922,329.344,3.535424161257037,322.01,334.88,12.870000000000005,329.36297539341,332.9,328.19,-4.7099999999999795,-81.84649999999999,0.3625641322580055,-82.59,-81.21,1.3800000000000097,81.84730304047898,-81.21,-82.59,-1.3800000000000097,-134.6855,2.349362626330809,-138.06,-131.41,6.650000000000006,134.70598878669054,-131.62,-135.47,-3.8499999999999943,10.015576631373118,0.4218994810292231,9.244021533942899,10.747350604683929,1.5033290707410298,10.02445880988096,9.244021533942899,10.0945706149395,0.8505490809966005,0.06317290423532934,0.03216504578690831,0.0053488316481265325,0.1326739612734918,0.12732512962536527,0.07089009803914789,0.1326739612734918,0.1002946658601543,-0.03237929541333749,0.1,0.000836660026532975,0.09899999999998954,0.10099999999999909,0.0020000000000095497,0.10000349993875216,0.10099999999999909,0.09900000000000375,-0.001999999999995339,0.1,2.0,-18.967803662172912,21.39984868335074,68.299
-1.4033900000000004,0.5363914651632705,-2.4242,-0.4113,2.0129,1.5024045047855787,-2.325,-1.109,1.2160000000000002,0.47561,0.4081061368075712,-0.2954,1.2241,1.5194999999999999,0.6267020751521412,0.3651,0.82,0.45489999999999997,9.91312,0.36123498114108493,9.2994,10.6197,1.3202999999999996,9.919699534058479,10.2354,9.7346,-0.5007999999999999,-0.003570000000000001,0.048400806811457184,-0.0833,0.085,0.1683,0.048532288221348065,-0.0649,0.0391,0.10400000000000001,-0.00012499999999999542,0.026763256061249345,-0.037,0.0566,0.09359999999999999,0.026763547971074386,0.0197,0.0302,0.010500000000000002,-0.003964999999999998,0.034355527575631845,-0.0896,0.0729,0.1625,0.03458357268993474,-0.0705,0.0027,0.07319999999999999,4.0000000000000064e-05,0.008992852717575217,-0.0163,0.0145,0.0308,0.008992941676670654,-0.0139,0.0065,0.020399999999999998,0.0040999999999999995,0.007080395469181083,-0.0116,0.0199,0.0315,0.00818180909090404,0.0199,0.0,-0.0199,9.80658,3.999999999990678e-05,9.8065,9.8066,9.999999999976694e-05,9.80658000008158,9.8066,9.8066,0.0,-11.108,0.48596913482236714,-12.06,-10.19,1.870000000000001,11.118625364675259,-10.19,-10.62,-0.4299999999999997,-28.956000000000007,0.5360820832671054,-30.0,-27.94,2.0599999999999987,28.960962000596595,-28.44,-27.94,0.5,5.0569999999999995,0.436761948892071,4.31,5.81,1.5,5.075826041148376,4.31,4.69,0.3800000000000008,329.22999999999996,3.454761931016381,322.01,334.88,12.870000000000005,329.24812570461205,328.45,330.62,2.170000000000016,-81.911,0.3583141080113927,-82.59,-81.49,1.1000000000000085,81.9117837066194,-81.49,-82.5,-1.0100000000000051,-134.85799999999998,2.2421587811749633,-138.06,-131.41,6.650000000000006,134.87663785845197,-131.41,-135.07,-3.6599999999999966,10.044966640233879,0.3860813768993859,9.358399810865103,10.747350604683929,1.3889507938188252,10.052383480200106,10.502491902877145,9.831821711158112,-0.670670191719033,0.059013140285571294,0.028020408163256353,0.0053488316481265325,0.10903710377665027,0.10368827212852373,0.06532758988360125,0.09782816567839754,0.04947868227833074,-0.0483494834000668,0.1,0.0008366600265329748,0.09899999999998954,0.10099999999999909,0.0020000000000095497,0.10000349993875216,0.09900000000000375,0.10099999999999909,0.001999999999995339,0.1,2.0,-19.15806660499986,21.591015495238636,68.4
-1.395145,0.5232686456066329,-2.4242,-0.4113,2.0129,1.4900468605047295,-2.4242,-2.1601,0.2641,0.47065,0.4100174490189411,-0.2954,1.2241,1.5194999999999999,0.6242000728932992,0.6577,0.2659,-0.3917999999999999,9.90123,0.35427808724221144,9.2994,10.6197,1.3202999999999996,9.907566223649479,10.4497,9.9976,-0.4520999999999997,0.0019349999999999999,0.04736232970410134,-0.0833,0.085,0.1683,0.04740184068156004,-0.0279,0.0452,0.0731,0.00032000000000000485,0.027160239321478742,-0.037,0.0566,0.09359999999999999,0.027162124364636872,-0.0315,0.0286,0.0601,0.0005900000000000009,0.031118819064996667,-0.0896,0.0729,0.1625,0.031124411641025442,0.0398,0.0206,-0.019200000000000002,0.0004749999999999999,0.008505226334436962,-0.0163,0.0145,0.0308,0.008518479911345685,-0.0033,-0.0052,-0.0018999999999999998,0.00295,0.006238549510903957,-0.0116,0.0193,0.0309,0.006900869510431276,-0.0004,-0.0031,-0.0026999999999999997,9.80658,3.999999999990678e-05,9.8065,9.8066,9.999999999976694e-05,9.80658000008158,9.8066,9.8066,0.0,-11.154500000000002,0.43803510133321516,-12.06,-10.44,1.620000000000001,11.163097464413719,-11.31,-11.12,0.19000000000000128,-28.959000000000003,0.5333469789921002,-30.0,-27.94,2.0599999999999987,28.96391099282001,-28.94,-28.5,0.4400000000000013,5.104,0.40313025190377366,4.38,5.81,1.4299999999999997,5.119895506746207,4.75,5.25,0.5,329.398,3.494217508971076,322.01,334.88,12.870000000000005,329.41653261486437,333.47,331.81,-1.660000000000025,-81.962,0.36724106524189254,-82.59,-81.51,1.0799999999999983,81.96282273079667,-81.53,-82.51,-0.980000000000004,-134.998,2.1057625697119784,-138.06,-131.61,6.449999999999989,135.01442234072627,-131.61,-134.21,-2.5999999999999943,10.031429624542454,0.3743708607144038,9.358399810865103,10.747350604683929,1.3889507938188252,10.038412915072781,10.747350604683929,10.23175158904867,-0.5155990156352583,0.05698763500070771,0.026567912169120696,0.0053488316481265325,0.10903710377665027,0.10368827212852373,0.0628764224491184,0.05791977209899915,0.057318059981126365,-0.0006017121178727852,0.1,0.000836660026532975,0.09899999999998954,0.10099999999999909,0.0020000000000095497,0.10000349993875216,0.10099999999999909,0.09900000000000375,-0.001999999999995339,0.1,2.0,-19.331245118962926,21.75698916456433,68.49900000000001
-1.32349,0.47317073546448324,-2.1601,-0.4113,1.7488,1.405530620441974,-1.9421,-0.9911,0.951,0.45855500000000005,0.40788363594902893,-0.2954,1.2241,1.5194999999999999,0.61371145377938,-0.1092,0.4158,0.525,9.869359999999999,0.33143887279557294,9.2994,10.6197,1.3202999999999996,9.87492372304718,9.2994,9.8123,0.5129000000000001,0.004254999999999999,0.04697894714656768,-0.0833,0.085,0.1683,0.047171246538542946,0.0192,0.0185,-0.0006999999999999992,0.0025000000000000044,0.02625336168950559,-0.037,0.0566,0.09359999999999999,0.026372125435770243,0.0566,0.0121,-0.0445,-0.0017749999999999992,0.02981927019563021,-0.0896,0.0729,0.1625,0.029872052155819496,-0.0053,-0.0075,-0.0021999999999999997,0.0006200000000000001,0.008464254249489437,-0.0163,0.0145,0.0308,0.00848693112968404,0.0034,-0.0004,-0.0038,0.0032749999999999993,0.006224859436164001,-0.0116,0.0193,0.0309,0.007033811200195809,-0.0012,0.0061,0.0073,9.80658,3.999999999990678e-05,9.8065,9.8066,9.999999999976694e-05,9.80658000008158,9.8066,9.8066,0.0,-11.139,0.4377430753307241,-12.06,-10.44,1.620000000000001,11.147597947540088,-10.44,-11.0,-0.5600000000000005,-28.9215,0.5591088892156874,-30.0,-27.94,2.0599999999999987,28.92690382671467,-28.87,-28.19,0.6799999999999997,5.1259999999999994,0.3951379505944727,4.38,5.81,1.4299999999999997,5.141207056713433,4.44,5.19,0.75,329.33849999999995,3.433984966478451,322.01,334.88,12.870000000000005,329.35640245029396,327.58,332.28,4.699999999999989,-82.009,0.3690921294202843,-82.59,-81.51,1.0799999999999983,82.00983056926773,-81.54,-82.47,-0.9299999999999926,-135.1085,1.9792631836115173,-138.06,-131.63,6.430000000000007,135.12299676590953,-131.63,-133.82,-2.1899999999999977,9.987611484288633,0.337481034142404,9.358399810865103,10.733586093659472,1.3751862827943686,9.993311593736083,9.500658788210426,9.870987799607494,0.3703290113970681,0.05525881176536055,0.02755755290805862,0.0053488316481265325,0.10903710377665027,0.10368827212852373,0.06174912954852076,0.06000241661799965,0.02334330739205565,-0.036659109225943995,0.1,0.000836660026532975,0.09899999999998954,0.10099999999999909,0.0020000000000095497,0.10000349993875216,0.09999999999999432,0.10099999999999909,0.0010000000000047748,0.1,2.0,-19.494521328993244,21.92963344240772,68.60000000000001
-1.31703,0.46550080998855414,-2.1601,-0.4113,1.7488,1.3968747348993036,-0.7558,-1.8129,-1.0571,0.45704500000000003,0.4100329285252588,-0.2954,1.2241,1.5194999999999999,0.6140172102636863,-0.0178,-0.1394,-0.1216,9.886505,0.3096657350676693,9.3162,10.6197,1.3034999999999997,9.891353495983248,10.1238,9.6423,-0.4814999999999987,0.0055049999999999995,0.04768722549069089,-0.0833,0.085,0.1683,0.048003921714793264,0.051,0.0442,-0.0067999999999999935,0.00047000000000000514,0.023407052356074223,-0.037,0.0397,0.07669999999999999,0.02341177054389522,-0.004,0.016,0.02,-0.0011699999999999998,0.029864328219466114,-0.0896,0.0729,0.1625,0.02988723807915345,0.0379,0.0068,-0.031100000000000003,7.000000000000014e-05,0.008621664572459312,-0.0163,0.0145,0.0308,0.008621948735639757,0.0087,-0.0076,-0.0163,0.0031899999999999997,0.006296578435944398,-0.0116,0.0193,0.0309,0.007058540925715456,-0.0026,-0.0029,-0.0002999999999999999,9.80658,3.999999999990678e-05,9.8065,9.8066,9.999999999976694e-05,9.80658000008158,9.8066,9.8066,0.0,-11.164000000000001,0.41054110634624646,-12.06,-10.56,1.5,11.17154599865211,-10.87,-10.94,-0.07000000000000028,-28.900000000000006,0.5688585061331154,-30.0,-27.94,2.0599999999999987,28.905598073729593,-28.94,-28.44,0.5,5.163499999999999,0.36249517238164713,4.38,5.81,1.4299999999999997,5.1762085545310095,4.81,5.19,0.3800000000000008,329.59049999999996,3.4803081400933467,322.01,334.88,12.870000000000005,329.6088746302199,332.65,332.62,-0.029999999999972715,-82.0575,0.36800645374775737,-82.59,-81.51,1.0799999999999983,82.05832520226086,-81.51,-82.51,-1.0,-135.20800000000003,1.8475297020616466,-138.06,-132.02,6.039999999999992,135.22062205891527,-132.15,-133.62,-1.4699999999999989,10.003190377338358,0.3214535996459087,9.358399810865103,10.733586093659472,1.3751862827943686,10.00835401761948,10.151988815990686,9.81223664920491,-0.33975216678577524,0.054633496189634145,0.02758469855005184,0.0053488316481265325,0.10903710377665027,0.10368827212852373,0.06120240599845728,0.06366639615998379,0.04749610510347138,-0.01617029105651241,0.1,0.0008366600265329748,0.09899999999998954,0.10099999999999909,0.0020000000000095497,0.10000349993875216,0.09900000000000375,0.09999999999999432,0.000999999999990564,0.1,2.0,-19.645183154646077,22.087606779659012,68.7
-1.3621249999999998,0.45245031978660377,-2.1601,-0.4113,1.7488,1.4353033851768064,-1.3642,-1.6577,-0.29349999999999987,0.45908499999999997,0.4077605979922533,-0.2954,1.2241,1.5194999999999999,0.6140258483972805,0.2628,0.023,-0.23979999999999999,9.89932,0.32418358780172696,9.3162,10.6197,1.3034999999999997,9.904626770403821,10.2575,10.3801,0.12260000000000026,0.00488,0.0471659262603842,-0.0833,0.085,0.1683,0.04741770766285524,-0.0589,0.0385,0.0974,-0.0010399999999999947,0.024590880423441534,-0.037,0.0397,0.07669999999999999,0.024612862490982226,0.0296,-0.0342,-0.0638,-0.0013449999999999996,0.02964431606564739,-0.0896,0.0729,0.1625,0.029674812552061725,0.0023,0.0344,0.032100000000000004,-0.0004199999999999999,0.008392711123349831,-0.0163,0.0145,0.0308,0.008403213670971363,0.0067,-0.0011,-0.0078000000000000005,0.0033149999999999994,0.006204536646680395,-0.0116,0.0193,0.0309,0.007034593094131315,0.0025,-0.0001,-0.0026,9.80658,3.999999999990678e-05,9.8065,9.8066,9.999999999976694e-05,9.80658000008158,9.8066,9.8066,0.0,-11.183000000000002,0.4052542411869369,-12.06,-10.56,1.5,11.190340477393883,-11.5,-11.25,0.25,-28.875000000000007,0.5774729430891109,-30.0,-27.94,2.0599999999999987,28.88077388159812,-28.12,-28.44,-0.3200000000000003,5.194999999999999,0.3577499126484869,4.38,5.81,1.4299999999999997,5.207303524858139,5.31,5.44,0.13000000000000078,329.565,3.4596047462101813,322.01,334.88,12.870000000000005,329.58315808002084,333.42,332.14,-1.2800000000000296,-82.1055,0.3558718168104921,-82.59,-81.58,1.0100000000000051,82.10627122820766,-81.58,-82.47,-0.8900000000000006,-135.29649999999998,1.7380773141606791,-138.06,-132.02,6.039999999999992,135.30766358562255,-132.02,-133.92,-1.8999999999999773,10.021173885035061,0.33886424551921507,9.358399810865103,10.733586093659472,1.3751862827943686,10.026901565837774,10.351155091582774,10.511658969924776,0.16050387834200208,0.0545466461457373,0.027558844211100785,0.0053488316481265325,0.10903710377665027,0.10368827212852373,0.0611132268825661,0.06595953304868069,0.0619293952820468,-0.0040301377666338845,0.10004999999999953,0.0008046738469706721,0.09899999999998954,0.10099999999999909,0.0020000000000095497,0.1000532358297317,0.09999999999999432,0.09999999999999432,0.0,0.10004999999999953,2.0009999999999906,-19.792621959909994,22.242975202575337,68.8
-1.34429,0.45899992799563705,-2.1601,-0.4113,1.7488,1.420491653618563,-1.5263,-1.0075,0.5187999999999999,0.48161,0.4087373275099792,-0.2954,1.2241,1.5194999999999999,0.6316758622901464,0.484,0.7133,0.22930000000000006,9.896175000000001,0.32098282800642153,9.3162,10.6197,1.3034999999999997,9.901379176988426,10.2478,10.1946,-0.05320000000000036,0.004875,0.04717269204741235,-0.0833,0.085,0.1683,0.047423923287724726,-0.0002,-0.059,-0.0588,-0.003069999999999995,0.023634933890324297,-0.037,0.0397,0.07669999999999999,0.023833484848003236,0.0016,-0.011,-0.0126,-0.0009849999999999993,0.029729989488730065,-0.0896,0.0729,0.1625,0.02974630229120924,0.0051,0.0095,0.004399999999999999,-0.0011049999999999949,0.008342570047653177,-0.0163,0.0145,0.0308,0.008415432252712865,0.0017,-0.0069999999999999,-0.0086999999999999,0.0034799999999999996,0.006224516045444819,-0.0116,0.0193,0.0309,0.00713126917175337,0.0041,0.0058,0.0016999999999999993,9.806574999999999,4.330127018912102e-05,9.8065,9.8066,9.999999999976694e-05,9.806575000095599,9.8066,9.8065,-9.999999999976694e-05,-11.1515,0.40387219513108363,-12.06,-10.56,1.5,11.158811092585086,-11.0,-10.87,0.13000000000000078,-28.884500000000003,0.5664315933985319,-30.0,-27.94,2.0599999999999987,28.89005339212789,-28.56,-28.31,0.25,5.176499999999999,0.36087774938336115,4.38,5.81,1.4299999999999997,5.189063981104877,5.19,4.94,-0.25,329.49,3.390794892057025,322.01,334.88,12.870000000000005,329.5074469416435,332.98,331.92,-1.0600000000000023,-82.15,0.34278273002005266,-82.59,-81.65,0.9399999999999977,82.15071515209104,-81.65,-82.47,-0.8199999999999932,-135.39950000000002,1.59609672325959,-138.06,-132.09,5.969999999999999,135.4089071110169,-132.09,-134.08,-1.990000000000009,10.01706944454592,0.3353211634307251,9.358399810865103,10.733586093659472,1.3751862827943686,10.02268030715836,10.372138281473111,10.269066281799919,-0.10307199967319214,0.05428686385838262,0.027474395578819033,0.0053488316481265325,0.10903710377665027,0.10368827212852373,0.0608432905093076,0.0053488316481265325,0.06076388730158728,0.05541505565346075,0.10009999999999977,0.0008306623862908981,0.09899999999998954,0.10099999999999909,0.0020000000000095497,0.10010344649411404,0.10099999999999909,0.10099999999999909,0.0,0.10009999999999977,2.0019999999999953,-19.939210911987956,22.37138566229443,68.901
-1.3353449999999998,0.45710504533968993,-2.1601,-0.4113,1.7488,1.4114146419461575,-1.1366,-1.3474,-0.21079999999999988,0.492,0.41129910892196203,-0.2954,1.2241,1.5194999999999999,0.6412729192785237,-0.2954,0.6918,0.9872,9.8909,0.315988953920861,9.3162,10.6197,1.3034999999999997,9.895946232119494,9.5987,10.1423,0.5436000000000014,0.003874999999999999,0.04748065790403499,-0.0833,0.085,0.1683,0.04763851907857757,0.0279,-0.0202,-0.048100000000000004,-0.0008399999999999946,0.025960034668697955,-0.037,0.0462,0.0832,0.025973621233859552,-0.0251,0.0462,0.0713,-0.0037099999999999993,0.03149279123863111,-0.0896,0.0729,0.1625,0.031710566062434144,-0.0195,-0.0494,-0.0299,-0.0013199999999999948,0.008322896130554553,-0.0163,0.0145,0.0308,0.008426921145946481,0.0141,-0.0026,-0.0167,0.00396,0.006611913490057172,-0.0116,0.0193,0.0309,0.007707074672014019,0.0107,0.0137,0.003000000000000001,9.806574999999999,4.330127018912102e-05,9.8065,9.8066,9.999999999976694e-05,9.806575000095599,9.8065,9.8066,9.999999999976694e-05,-11.17,0.40498148105808496,-12.06,-10.56,1.5,11.177339128790893,-10.87,-11.37,-0.5,-28.869,0.5791968577262826,-30.0,-27.94,2.0599999999999987,28.874809609761932,-28.5,-28.25,0.25,5.1825,0.36204799405603677,4.38,5.81,1.4299999999999997,5.1951308934424345,4.81,5.31,0.5,329.3885,3.314326892447394,322.01,334.88,12.870000000000005,329.405174056207,331.72,330.95,-0.7700000000000387,-82.19300000000001,0.3311057232969564,-82.59,-81.66,0.9300000000000068,82.19366690931851,-81.71,-82.51,-0.8000000000000114,-135.5365,1.4132702324750215,-138.06,-133.34,4.719999999999999,135.54386804647416,-133.34,-134.83,-1.490000000000009,10.011201068350001,0.33004128009663103,9.358399810865103,10.733586093659472,1.3751862827943686,10.016639859628578,9.670272095965034,10.25477075755475,0.5844986615897163,0.0575488839913091,0.025253582940938244,0.021664256276179898,0.10903710377665027,0.08737284750047036,0.0628459823695994,0.042292670759837336,0.07058923430665613,0.028296563546818795,0.09995000000000047,0.0009205976319738951,0.09800000000001319,0.10099999999999909,0.002999999999985903,0.09995423952989735,0.10000000000000853,0.09800000000001319,-0.001999999999995339,0.09995000000000047,1.9990000000000094,-20.065057741725667,22.522099751649847,68.99900000000001
-1.311565,0.4786873867933017,-2.1601,-0.4113,1.7488,1.3961892291161682,-1.324,-0.6609999999999999,0.6630000000000001,0.5123150000000001,0.3808099004424648,-0.2095,1.2241,1.4336,0.6383438254577231,0.2337,0.1109,-0.12279999999999999,9.909455,0.30910669594009116,9.3162,10.6197,1.3034999999999997,9.91427482706123,10.0927,9.9698,-0.12290000000000134,0.0028000000000000004,0.047166895170235666,-0.0833,0.085,0.1683,0.047249931216881154,0.085,0.0064,-0.0786,0.0028150000000000054,0.027393507898770465,-0.037,0.048,0.08499999999999999,0.027537764978298438,-0.0259,0.048,0.0739,-0.003915,0.03160804130280774,-0.0896,0.0729,0.1625,0.031849576135327136,-0.0213,-0.0236,-0.0023,-0.0020749999999999944,0.00753769692943408,-0.0163,0.0145,0.0308,0.00781808800155127,0.0145,-0.001,-0.0155,0.0031400000000000004,0.0067408753140819925,-0.0116,0.0193,0.0309,0.007436329739864956,0.0024,-0.0057,-0.0081,9.80658,3.9999999999906775e-05,9.8065,9.8066,9.999999999976694e-05,9.80658000008158,9.8066,9.8066,0.0,-11.1575,0.4177065357401055,-12.06,-10.56,1.5,11.165316162115607,-11.0,-10.62,0.3800000000000008,-28.853500000000004,0.5928513726053096,-30.0,-27.94,2.0599999999999987,28.85959000055267,-29.06,-28.19,0.8699999999999974,5.189,0.3564253077434317,4.38,5.81,1.4299999999999997,5.201226778366811,4.38,4.94,0.5600000000000005,329.372,3.3034824049781157,322.01,334.88,12.870000000000005,329.38856595212894,322.01,331.39,9.379999999999995,-82.23700000000001,0.32235229175546504,-82.59,-81.66,0.9300000000000068,82.23763177524023,-81.66,-82.59,-0.9300000000000068,-135.6,1.3397723687253742,-138.06,-133.62,4.439999999999998,135.60661853316748,-134.84,-134.61,0.22999999999998977,10.027302645091499,0.32074010232740485,9.358399810865103,10.733586093659472,1.3751862827943686,10.03243103886092,10.181855674679346,9.992303630795053,-0.1895520438842926,0.0581277240470248,0.02502893719503355,0.021664256276179898,0.10903710377665027,0.08737284750047036,0.06328728150268426,0.09137559849325202,0.0538694718741515,-0.03750612661910052,0.09994999999999976,0.0009205976319738565,0.09800000000001319,0.10099999999999909,0.002999999999985903,0.09995423952989663,0.09899999999998954,0.09999999999999432,0.0010000000000047748,0.09994999999999976,1.9989999999999952,-20.19461025472988,22.654078084413186,69.099
-1.3154000000000001,0.47907872839440496,-2.1601,-0.4113,1.7488,1.399926279487602,-0.8757,-1.4007,-0.525,0.5307450000000001,0.37576597035255865,-0.2095,1.2241,1.4336,0.650300176456996,0.7474,0.6023,-0.1451,9.906160000000002,0.3074827611427996,9.3162,10.6197,1.3034999999999997,9.910930914601312,9.9517,10.0268,0.07509999999999906,-0.002405000000000001,0.043402332598605806,-0.0833,0.0581,0.1414,0.04346891418013567,-0.0161,-0.0191,-0.002999999999999999,0.003615000000000005,0.026769764193955835,-0.037,0.048,0.08499999999999999,0.02701274699100408,-0.0184,-0.0099,0.008499999999999999,-0.0022649999999999997,0.03151864963795245,-0.0896,0.0729,0.1625,0.031599928797388134,-0.0153,0.0117,0.027,-0.0025999999999999947,0.006682065548915242,-0.0163,0.0117,0.027999999999999997,0.007170076708097335,0.0117,0.004,-0.0077,0.0030550000000000004,0.006760360567307044,-0.0116,0.0193,0.0309,0.0074185915105227365,0.0055,0.0007,-0.0048,9.80658,3.999999999990678e-05,9.8065,9.8066,9.999999999976694e-05,9.80658000008158,9.8065,9.8066,9.999999999976694e-05,-11.151,0.42110450009469164,-12.06,-10.56,1.5,11.158948427159254,-12.06,-10.87,1.1900000000000013,-28.7725,0.6653410779442372,-30.0,-27.44,2.5599999999999987,28.78019171235661,-29.31,-27.44,1.8699999999999974,5.2265,0.30509465744257136,4.69,5.81,1.1199999999999992,5.2353973106154985,4.88,5.13,0.25,329.901,2.905336297229631,324.22,334.88,10.659999999999968,329.91379295203774,326.53,332.59,6.060000000000002,-82.287,0.30612252448978655,-82.66,-81.7,0.9599999999999937,82.28756941361192,-81.7,-82.66,-0.9599999999999937,-135.5625,1.3706599687741667,-138.06,-133.62,4.439999999999998,135.56942913134952,-135.55,-134.09,1.460000000000008,10.02531301659323,0.31989751613029405,9.358399810865103,10.733586093659472,1.3751862827943686,10.030415519882514,10.018073175017241,10.142063104713952,0.12398992969671063,0.054783392977970316,0.024830834738712934,0.021664256276179898,0.10903710377665027,0.08737284750047036,0.060148071457030106,0.028841983288255334,0.024488977112162115,-0.004353006176093219,0.10005000000000024,0.000920597631973239,0.09800000000001319,0.10099999999999909,0.002999999999985903,0.10005423529266537,0.10099999999999909,0.10099999999999909,0.0,0.10005000000000024,2.0010000000000048,-20.32107531935185,22.780261141273698,69.2
-1.3366000000000002,0.4684148887471447,-2.1601,-0.4113,1.7488,1.4163022516398114,-1.8822,-1.2997,0.5825,0.5343549999999999,0.37816917308924053,-0.2095,1.2241,1.4336,0.6546351575496079,0.2993,0.8196,0.5203,9.905685,0.30741937524333096,9.3162,10.6197,1.3034999999999997,9.910454176852845,10.2312,9.9422,-0.2889999999999997,-0.00438,0.04485498411548042,-0.0833,0.0581,0.1414,0.04506832590633915,-0.0225,-0.0556,-0.0331,0.004255000000000005,0.026386046975627096,-0.037,0.048,0.08499999999999999,0.026726924626675624,-0.0069999999999999,-0.0056,0.0013999999999999005,-0.0011249999999999993,0.03143879569894496,-0.0896,0.0729,0.1625,0.031458917654617426,-0.0028,0.0075,0.0103,-0.003144999999999995,0.005891220162241432,-0.0163,0.0068,0.0231,0.006678135967468761,-0.0064,0.0008,0.007200000000000001,0.0030150000000000003,0.0067481312227905,-0.0116,0.0193,0.0309,0.007391041875135061,0.0018,0.0047,0.0029000000000000002,9.806585,3.570714214263103e-05,9.8065,9.8066,9.999999999976694e-05,9.806585000065008,9.8066,9.8066,0.0,-11.1105,0.36723936335855933,-11.94,-10.56,1.379999999999999,11.116567590762896,-11.06,-11.25,-0.1899999999999995,-28.713000000000005,0.6678180890032851,-30.0,-27.44,2.5599999999999987,28.720765136047476,-29.44,-28.12,1.3200000000000003,5.238999999999999,0.2956163053689697,4.69,5.81,1.1199999999999992,5.247333608605422,4.81,5.13,0.3200000000000003,330.184,2.8380775183211555,324.22,334.88,10.659999999999968,330.1961970404868,327.56,332.19,4.6299999999999955,-82.33700000000002,0.28724728023081464,-82.7,-81.73,0.9699999999999989,82.33750105510855,-81.73,-82.7,-0.9699999999999989,-135.4925,1.4048340649343607,-138.06,-133.62,4.439999999999998,135.4997827120029,-135.91,-134.15,1.759999999999991,10.027421050276052,0.3199817642939691,9.358399810865103,10.733586093659472,1.3751862827943686,10.032525168121932,10.407195144225941,10.060233848673697,-0.3469612955522443,0.05616041158335716,0.024107139415283637,0.021664256276179898,0.10903710377665027,0.08737284750047036,0.061115840827072,0.023729517483505613,0.056382355395992456,0.03265283791248684,0.09995000000000047,0.0009205976319731231,0.09800000000001319,0.10099999999999909,0.002999999999985903,0.09995423952989732,0.09900000000000375,0.09900000000000375,0.0,0.09995000000000047,1.9990000000000094,-20.42705458844833,22.899217638032667,69.299
-1.3456100000000002,0.48040258315292184,-2.1601,-0.4113,1.7488,1.4287942168136039,-0.9709,-2.0624,-1.0915,0.54408,0.3744823635366557,-0.2095,1.2241,1.4336,0.6604998766086182,0.5002,0.4938,-0.006399999999999961,9.897485,0.30074205937148196,9.3162,10.6197,1.3034999999999997,9.902053075574782,9.7009,10.0672,0.36629999999999896,-0.0040550000000000004,0.04474593249670857,-0.0833,0.0581,0.1414,0.04492929445250615,-0.0306,-0.016,0.014599999999999998,0.005795,0.026582296270262283,-0.037,0.048,0.08499999999999999,0.027206626031171157,-0.0243,0.0238,0.048100000000000004,-0.0013399999999999996,0.03146420823729718,-0.0896,0.0729,0.1625,0.03149272931963821,0.0082,-0.0071,-0.015300000000000001,-0.0033499999999999945,0.0060695551731572515,-0.0163,0.0068,0.0231,0.0069326762509149325,0.0007,-0.0105,-0.0112,0.0032800000000000004,0.006799088174159826,-0.0116,0.0193,0.0309,0.007548907205682158,0.0089,0.0071,-0.0017999999999999995,9.806585,3.570714214263103e-05,9.8065,9.8066,9.999999999976694e-05,9.806585000065008,9.8066,9.8066,0.0,-11.107499999999998,0.3678841529612277,-11.94,-10.56,1.379999999999999,11.113590553911907,-11.25,-11.0,0.25,-28.6065,0.7117813920017858,-30.0,-27.31,2.6900000000000013,28.615353833213387,-29.25,-27.31,1.9400000000000013,5.2485,0.28452196751744835,4.69,5.81,1.1199999999999992,5.256206331566522,5.38,5.0,-0.3799999999999999,330.47200000000004,2.849420291919037,324.22,334.88,10.659999999999968,330.4842840136275,327.24,333.32,6.079999999999984,-82.387,0.2632698235651029,-82.73,-81.81,0.9200000000000017,82.38742064174603,-81.81,-82.73,-0.9200000000000017,-135.37850000000003,1.4578383826748427,-138.06,-133.62,4.439999999999998,135.3863492195576,-136.24,-133.63,2.6100000000000136,10.021468349878717,0.3139111735494005,9.358399810865103,10.733586093659472,1.3751862827943686,10.026383600905163,9.76218764724383,10.288141136279187,0.5259534890353574,0.056451137455728384,0.023746643551341325,0.021664256276179898,0.10903710377665027,0.08737284750047036,0.061242419939123896,0.039926056654771204,0.029544034930929795,-0.010382021723841409,0.1,0.0008944271909970368,0.09800000000001319,0.10099999999999909,0.002999999999985903,0.10000399992000318,0.10000000000000853,0.09999999999999432,-1.4210854715202004e-14,0.1,2.0,-20.535839483368136,23.010874376185868,69.399
-1.3590900000000001,0.4734310487283232,-2.1601,-0.4113,1.7488,1.439188169073106,-1.6191,-1.2405,0.37860000000000005,0.5251449999999999,0.38563055697778925,-0.2095,1.2241,1.4336,0.6515275876737684,0.5514,0.1215,-0.4299,9.902685000000002,0.2981862878721957,9.3162,10.6197,1.3034999999999997,9.907173424922973,9.7708,9.8049,0.03410000000000046,-0.0013800000000000002,0.04467817811862968,-0.0833,0.0581,0.1414,0.0446994854556515,0.0194,0.0229,0.0034999999999999996,0.008290000000000002,0.0259753710271865,-0.037,0.048,0.08499999999999999,0.027266169514620128,0.0305,0.0256,-0.004899999999999998,-0.0022049999999999995,0.03142782962598595,-0.0896,0.0729,0.1625,0.03150508689084987,-0.0256,-0.0091,0.0165,-0.0033249999999999946,0.006087189417128398,-0.0163,0.0068,0.0231,0.006936101210334227,-0.0014,0.0012,0.0026,0.0035050000000000003,0.0070511328876996775,-0.0116,0.0193,0.0309,0.007874230121097555,0.0034,0.0134,0.01,9.806585,3.570714214263103e-05,9.8065,9.8066,9.999999999976694e-05,9.806585000065008,9.8066,9.8066,0.0,-11.0605,0.4048638660093043,-11.94,-10.31,1.629999999999999,11.067907435464031,-11.37,-10.31,1.0599999999999987,-28.481499999999993,0.801643779992086,-30.0,-26.75,3.25,28.492779348459496,-30.0,-26.75,3.25,5.2295,0.2877755201541645,4.69,5.81,1.1199999999999992,5.237412051767552,5.25,5.0,-0.25,330.8795,2.939419117785003,324.22,335.39,11.169999999999959,330.8925561341627,326.36,335.39,9.029999999999973,-82.44100000000002,0.249797918325995,-82.89,-81.88,1.0100000000000051,82.44137844553548,-81.88,-82.89,-1.0100000000000051,-135.25900000000001,1.4801077663467623,-138.06,-133.62,4.439999999999998,135.2670979950409,-136.58,-133.85,2.730000000000018,10.02754938251362,0.30998296122649016,9.358399810865103,10.733586093659472,1.3751862827943686,10.03233951055286,9.919377974953873,9.88380829994188,-0.035569675011993596,0.056231474710345716,0.023918188725314243,0.021664256276179898,0.10903710377665027,0.08737284750047036,0.061106943140693926,0.04429413053667495,0.03553280174711811,-0.008761328789556835,0.1,0.0008944271909970369,0.09800000000001319,0.10099999999999909,0.002999999999985903,0.10000399992000318,0.10099999999999909,0.10000000000000853,-0.000999999999990564,0.1,2.0,-20.630154941568463,23.13380968274747,69.49900000000001
-1.33636,0.47131020400581186,-2.1601,-0.4113,1.7488,1.4170361173943307,-0.4113,-1.1645,-0.7532000000000001,0.54562,0.3971792487026481,-0.2095,1.2241,1.4336,0.6748722397609788,0.7867,0.9609,0.17420000000000002,9.90773,0.29676241524155306,9.3162,10.6197,1.3034999999999997,9.912173408692968,9.3162,9.8717,0.5555000000000003,0.00019500000000000002,0.04592089366508453,-0.0833,0.0581,0.1414,0.04592130769043931,-0.0833,0.0509,0.13419999999999999,0.005965,0.025964403998551554,-0.037,0.048,0.08499999999999999,0.026640786399804342,-0.0303,-0.016,0.0143,0.00118,0.03235785221549786,-0.0896,0.0729,0.1625,0.0323793607101808,0.0057,0.0421,0.0364,-0.0029249999999999944,0.006452431712153176,-0.0163,0.0068,0.0231,0.007084454813180752,-0.0001,0.0066,0.0067,0.00335,0.007085725086397298,-0.0116,0.0193,0.0309,0.00783772926299448,0.0034,0.0003,-0.0031,9.806585,3.570714214263103e-05,9.8065,9.8066,9.999999999976694e-05,9.806585000065008,9.8065,9.8066,9.999999999976694e-05,-11.063999999999998,0.4078161350412707,-11.94,-10.31,1.629999999999999,11.071513446679274,-11.37,-11.44,-0.07000000000000028,-28.344,0.7643716373597336,-30.0,-26.75,3.25,28.354304787809557,-29.44,-27.25,2.1900000000000013,5.2139999999999995,0.2945233437267748,4.69,5.81,1.1199999999999992,5.222311748641592,5.31,4.94,-0.3699999999999992,331.203,2.775691085117357,324.22,335.39,11.169999999999959,331.21463082116406,326.8,332.83,6.029999999999973,-82.49100000000001,0.23194611443177895,-82.89,-81.9,0.9899999999999949,82.4913260894744,-81.9,-82.88,-0.9799999999999898,-135.13750000000002,1.4663556014828052,-138.06,-133.62,4.439999999999998,135.14545536199137,-136.67,-134.15,2.519999999999982,10.030904651892204,0.3091560231458396,9.358399810865103,10.733586093659472,1.3751862827943686,10.03566766996596,9.358399810865103,9.98648336252557,0.6280835516604668,0.05741501037617569,0.02388383519252375,0.021664256276179898,0.10903710377665027,0.08737284750047036,0.0621845720416246,0.08882268854296181,0.06796484385327461,-0.020857844689687197,0.09994999999999976,0.0008645808232865896,0.09800000000001319,0.10099999999999909,0.002999999999985903,0.09995373929973779,0.09999999999999432,0.09999999999999432,0.0,0.09994999999999976,1.9989999999999952,-20.713238279660416,23.243017828671796,69.599
-1.367175,0.42797614521723054,-2.1601,-0.5793,1.5808,1.4325959170331317,-2.0427,-1.0276,1.0151,0.5243649999999999,0.3950781824841762,-0.2095,1.2241,1.4336,0.6565404964661358,0.6283,0.3616,-0.2667,9.939105000000001,0.2639182552893982,9.3872,10.6197,1.2325,9.942608362321227,9.6885,9.9437,0.2552000000000003,0.003005,0.04230262964639432,-0.0728,0.0581,0.13090000000000002,0.04240922659044845,-0.0728,-0.0271,0.045700000000000005,0.0083,0.024665461682279538,-0.037,0.048,0.08499999999999999,0.026024507680261696,-0.0147,0.0164,0.031100000000000003,9.500000000000029e-05,0.03255133599408786,-0.0896,0.0729,0.1625,0.03255147462097531,-0.0153,-0.016,-0.000700000000000001,-0.0026549999999999946,0.006674164741748584,-0.0163,0.0068,0.0231,0.007182861546765323,-0.0163,0.0053,0.021599999999999998,0.0027649999999999992,0.007526704125977054,-0.0116,0.0193,0.0309,0.008018509836621765,0.0109,-0.0083,-0.019200000000000002,9.80659,2.9999999999930076e-05,9.8065,9.8066,9.999999999976694e-05,9.806590000045889,9.8066,9.8066,0.0,-11.058,0.40413611568381264,-11.94,-10.31,1.629999999999999,11.065382505815151,-11.94,-11.25,0.6899999999999995,-28.2375,0.7525415270933559,-30.0,-26.75,3.25,28.247525997863956,-30.0,-27.31,2.6900000000000013,5.18,0.31965606517005113,4.63,5.81,1.1799999999999997,5.189853562481315,5.44,4.63,-0.8100000000000005,331.5105,2.6063738699580257,324.22,335.39,11.169999999999959,331.5207456479911,324.22,332.95,8.729999999999961,-82.5385,0.2013026328690213,-82.89,-82.13,0.7600000000000051,82.53874547750287,-82.13,-82.85,-0.7199999999999989,-135.00550000000004,1.4410672260515822,-138.06,-133.62,4.439999999999998,135.01319085556048,-137.46,-134.03,3.430000000000007,10.063144350873204,0.26825977146921837,9.484383645762122,10.733586093659472,1.2492024478973498,10.066719303303335,9.921412017953896,10.003193790485117,0.08178177253122065,0.054748256122496654,0.023195785210798705,0.021664256276179898,0.10903710377665027,0.08737284750047036,0.059459364275108076,0.07582888631649551,0.03548760346938068,-0.04034128284711483,0.1,0.0008944271909970369,0.09800000000001319,0.10099999999999909,0.002999999999985903,0.10000399992000318,0.09900000000000375,0.10099999999999909,0.001999999999995339,0.1,2.0,-20.791576386995757,23.344467804689657,69.7
-1.31643,0.4043891616994698,-2.1601,-0.5793,1.5808,1.3771414375437259,-1.1711,-1.0278,0.14329999999999998,0.518435,0.3943630741778444,-0.2095,1.2241,1.4336,0.65138090507782,0.95,0.5097,-0.4402999999999999,9.95715,0.25844792415494455,9.3872,10.6197,1.2325,9.96050357421752,9.9738,10.0494,0.07559999999999967,0.004840000000000001,0.0396898652051125,-0.069,0.0581,0.1271,0.03998388425353395,0.0478,-0.0361,-0.0839,0.008150000000000001,0.024813554763475545,-0.037,0.048,0.08499999999999999,0.02611771429509099,0.0397,-0.0177,-0.0574,0.0011700000000000005,0.03237973285868801,-0.0896,0.0729,0.1625,0.0324008641860059,-0.0896,0.0062,0.0958,-0.001174999999999995,0.00676556538657339,-0.0126,0.0133,0.0259,0.0068668406126835314,-0.0104,0.0133,0.0237,0.0024950000000000003,0.007324170601508406,-0.0116,0.0193,0.0309,0.007737473747936079,0.0193,0.0055,-0.013800000000000002,9.80659,2.9999999999930076e-05,9.8065,9.8066,9.999999999976694e-05,9.806590000045889,9.8065,9.8066,9.999999999976694e-05,-11.048499999999999,0.3850749926962279,-11.75,-10.31,1.4399999999999995,11.055208500973647,-10.69,-11.75,-1.0600000000000005,-28.0875,0.6819594929319486,-29.31,-26.75,2.5599999999999987,28.095777707691237,-29.31,-27.0,2.3099999999999987,5.1735,0.31559903358533903,4.63,5.81,1.1799999999999997,5.183117305251734,5.75,5.31,-0.4400000000000004,331.831,2.017835226176805,325.83,335.39,9.560000000000002,331.8371350828596,331.79,330.63,-1.160000000000025,-82.5775,0.19380079979195036,-82.91,-82.22,0.6899999999999977,82.57772741484231,-82.22,-82.91,-0.6899999999999977,-134.86100000000002,1.3281750637623042,-138.06,-133.62,4.439999999999998,134.86754009026782,-138.06,-134.57,3.490000000000009,10.072807393532077,0.26645503805623977,9.484383645762122,10.733586093659472,1.2492024478973498,10.07633103239964,10.087153297635563,10.114672871131326,0.027519573495762728,0.052990859495395025,0.022861120049973552,0.021664256276179898,0.10903710377665027,0.08737284750047036,0.057711887856835876,0.10903710377665027,0.040680953774463055,-0.06835615000218721,0.1,0.0008944271909970368,0.09800000000001319,0.10099999999999909,0.002999999999985903,0.10000399992000318,0.10099999999999909,0.09900000000000375,-0.001999999999995339,0.1,2.0,-20.8640944874206,23.42521181862068,69.799
-1.34247,0.41090796791982503,-2.1601,-0.5793,1.5808,1.4039483818858869,-0.5793,-1.6919,-1.1126,0.5074099999999999,0.3851177584843368,-0.2095,1.2241,1.4336,0.6370091019757881,1.2241,0.7295,-0.49459999999999993,9.944465,0.2634960991646745,9.3872,10.6197,1.2325,9.94795528390131,9.3872,9.7201,0.3329000000000004,0.004455000000000001,0.03930677390730509,-0.069,0.0581,0.1271,0.03955843146536525,0.0364,0.0401,0.003699999999999995,0.005625000000000001,0.02403168481401169,-0.037,0.048,0.08499999999999999,0.02468121755505591,0.0195,-0.0108,-0.0303,0.00711,0.025307862414672637,-0.0494,0.0729,0.1223,0.02628763968103641,0.0167,0.0292,0.0125,-0.0012399999999999952,0.0068594751985847965,-0.0126,0.0133,0.0259,0.0069706527671373735,0.0068,-0.0117,-0.0185,0.0020449999999999995,0.006508953448904056,-0.0116,0.0137,0.0253,0.006822646114228701,0.001,0.0103,0.0093,9.806595,2.1794494717652574e-05,9.8065,9.8066,9.999999999976694e-05,9.806595000024219,9.8066,9.8066,0.0,-11.0795,0.3798878123867624,-11.75,-10.31,1.4399999999999995,11.086010779356116,-10.81,-11.31,-0.5,-28.006500000000006,0.6258456279307225,-29.0,-26.75,2.25,28.013491838755126,-28.94,-27.69,1.25,5.1579999999999995,0.2937618082733015,4.63,5.81,1.1799999999999997,5.166358485432462,5.81,5.44,-0.3699999999999992,331.858,2.0207167045382683,325.83,335.39,9.560000000000002,331.8641521164948,332.3,332.33,0.029999999999972715,-82.6165,0.19639946537605324,-83.0,-82.3,0.7000000000000028,82.61673344426056,-82.34,-83.0,-0.6599999999999966,-134.67750000000004,1.1089584076961592,-137.84,-133.62,4.219999999999999,134.68206560266293,-137.84,-134.39,3.450000000000017,10.063108802836751,0.269271624515984,9.484383645762122,10.733586093659472,1.2492024478973498,10.066710782847593,9.484383645762122,9.893181483729084,0.40879783796696145,0.05007735514913728,0.018903187595407673,0.021664256276179898,0.1002946658601543,0.07863040958397441,0.05352636733424005,0.04454323742163337,0.05076701685149522,0.006223779429861846,0.09994999999999976,0.0008645808232865895,0.09800000000001319,0.10099999999999909,0.002999999999985903,0.09995373929973779,0.09900000000000375,0.09999999999999432,0.000999999999990564,0.09994999999999976,1.9989999999999952,-20.923446187310816,23.51291361162302,69.899
-1.39739,0.37726209311299747,-2.1601,-0.6609999999999999,1.4990999999999999,1.447420291069598,-1.5453,-1.6777,-0.13240000000000007,0.4559399999999999,0.35337469688702955,-0.2095,1.1035,1.313,0.5768491657270556,-0.2095,0.1947,0.4042,9.97771,0.2310346616852111,9.6423,10.6197,0.9773999999999994,9.980384454468675,10.6197,10.0521,-0.5676000000000005,0.004065000000000002,0.039025572064993484,-0.069,0.0581,0.1271,0.03923671112618895,-0.069,0.0286,0.0976,0.004235,0.02399290051244326,-0.037,0.048,0.08499999999999999,0.024363794860407115,0.0041,-0.0083,-0.012400000000000001,0.006825,0.02523023731557038,-0.0494,0.0729,0.1223,0.02613705224389315,0.0063,0.011,0.004699999999999999,-0.0019949999999999955,0.006763318342352365,-0.0126,0.0133,0.0259,0.0070514182970520135,-0.0015,-0.0083,-0.0068000000000000005,0.0021000000000000003,0.00650453687821047,-0.0116,0.0137,0.0253,0.006835129845145592,-0.0116,0.0021,0.013699999999999999,9.806595,2.1794494717652574e-05,9.8065,9.8066,9.999999999976694e-05,9.806595000024219,9.8066,9.8066,0.0,-11.0985,0.37541010908072253,-11.75,-10.31,1.4399999999999995,11.104847365002366,-11.69,-11.19,0.5,-27.919000000000004,0.6113828587718176,-29.0,-26.75,2.25,27.925693366503904,-28.62,-27.19,1.4299999999999997,5.1395,0.2620586766355963,4.63,5.63,1.0,5.146176736179977,5.38,5.44,0.0600000000000005,331.899,2.037517852682523,325.83,335.39,9.560000000000002,331.90525407109783,325.83,333.12,7.2900000000000205,-82.651,0.2052047757728841,-83.03,-82.3,0.730000000000004,82.651254739417,-82.3,-83.03,-0.730000000000004,-134.49100000000004,0.8432312849983682,-136.85,-133.62,3.2299999999999898,134.49364341856457,-136.85,-134.11,2.7399999999999807,10.098539745119414,0.23526439221334566,9.80326041580045,10.733586093659472,0.9303256778590221,10.10127983564459,10.733586093659472,10.193002491415372,-0.5405836022440997,0.04943752594640209,0.019292240105773593,0.021664256276179898,0.1002946658601543,0.07863040958397441,0.05306844165791945,0.06940821277053603,0.031746653366929875,-0.03766155940360616,0.1,0.0008366600265312764,0.09800000000001319,0.10099999999999909,0.002999999999985903,0.10000349993875213,0.09999999999999432,0.10000000000000853,1.4210854715202004e-14,0.1,2.0,-20.977059287118223,23.60071044177579,69.99900000000001
-1.3947800000000001,0.37640938697115406,-2.1601,-0.6609999999999999,1.4990999999999999,1.444678260028855,-1.3699,-1.4931,-0.1232000000000002,0.48082499999999995,0.32174637352268637,-0.1394,1.1035,1.2429,0.5785442156827774,0.5299,0.2882,-0.24170000000000003,9.961635000000001,0.1940276868774143,9.6423,10.3801,0.7378,9.96352440738216,9.6926,10.2982,0.605599999999999,0.007355000000000002,0.035325422502781194,-0.059,0.0581,0.1171,0.0360829807527039,-0.0091,-0.0032,0.005900000000000001,0.0036450000000000002,0.024133637831872758,-0.037,0.048,0.08499999999999999,0.02440734520590062,-0.0158,-0.0077,0.008100000000000001,0.0051,0.026361202552235737,-0.0494,0.0729,0.1223,0.02685000931098535,-0.0117,-0.0282,-0.0165,-0.0018449999999999953,0.006805767774468943,-0.0126,0.0133,0.0259,0.0070514182970520135,-0.0126,0.0015,0.0141,0.0028299999999999996,0.005694918787831833,-0.0083,0.0137,0.022,0.006359323863430766,0.0052,0.003,-0.0021999999999999997,9.806595,2.1794494717652574e-05,9.8065,9.8066,9.999999999976694e-05,9.806595000024219,9.8066,9.8066,0.0,-11.07,0.35021422015674925,-11.75,-10.31,1.4399999999999995,11.075538361632809,-10.56,-11.12,-0.5599999999999987,-27.844,0.612791971226778,-29.0,-26.75,2.25,27.850742359944377,-28.44,-27.12,1.3200000000000003,5.101999999999999,0.27812946625627427,4.63,5.63,1.0,5.109575324819079,5.63,4.63,-1.0,332.2885,1.5186252829450706,328.19,335.39,7.199999999999989,332.2919701933828,334.88,333.62,-1.259999999999991,-82.688,0.20529490982486565,-83.04,-82.45,0.5900000000000034,82.68825484916222,-82.45,-83.04,-0.5900000000000034,-134.33550000000005,0.6609196244627638,-136.37,-133.62,2.75,134.33712582529077,-136.37,-133.74,2.6299999999999955,10.082353788352625,0.19942263535374738,9.80326041580045,10.511658969924776,0.7083985541243258,10.0843258228302,9.80326041580045,10.409866958323724,0.6066065425232736,0.047437463905997526,0.019191404799211075,0.021664256276179898,0.1002946658601543,0.07863040958397441,0.05117248283990137,0.021664256276179898,0.02940697196244455,0.0077427156862646535,0.10005000000000024,0.0008645808232867539,0.09800000000001319,0.10099999999999909,0.002999999999985903,0.10005373556244686,0.10099999999999909,0.10099999999999909,0.0,0.10005000000000024,2.0010000000000048,-21.028361478949435,23.656180926887004,70.10000000000001
-1.3942999999999999,0.3764469272022286,-2.1601,-0.6609999999999999,1.4990999999999999,1.4442246289964729,-1.6931,-1.3603,0.3328,0.47176999999999997,0.32278452270826125,-0.1394,1.1035,1.2429,0.5716264348330997,1.1035,0.3488,-0.7546999999999999,9.97493,0.18398773355851727,9.6423,10.3801,0.7378,9.976626683954853,9.8902,9.9585,0.0683000000000007,0.006875000000000002,0.03560982834836473,-0.059,0.0581,0.1171,0.036267416505728664,0.0581,-0.0187,-0.07680000000000001,0.003524999999999999,0.024235776756687623,-0.037,0.048,0.08499999999999999,0.02449078398091821,-0.037,-0.0182,0.018799999999999997,0.004395000000000001,0.026982299290460775,-0.0494,0.0729,0.1223,0.027337894944563672,0.0729,-0.0258,-0.09870000000000001,-0.0009299999999999953,0.006522583843845929,-0.0117,0.0133,0.025,0.006588550675224402,-0.0081,0.0057,0.0138,0.0026800000000000005,0.0056699735449118275,-0.0083,0.0137,0.022,0.006271443215082155,-0.0012,0.0022,0.0034000000000000002,9.806595,2.1794494717652574e-05,9.8065,9.8066,9.999999999976694e-05,9.806595000024219,9.8066,9.8066,0.0,-11.088999999999999,0.33185689686972014,-11.75,-10.31,1.4399999999999995,11.093964575389629,-11.56,-10.94,0.620000000000001,-27.759499999999996,0.6406674254244555,-29.0,-26.75,2.25,27.766892065911875,-29.0,-26.75,2.25,5.089499999999999,0.25908444569290534,4.63,5.44,0.8100000000000005,5.096090167962101,4.81,5.38,0.5700000000000003,332.215,1.4240488053434122,328.19,335.39,7.199999999999989,332.2180520983169,328.19,333.41,5.220000000000027,-82.72099999999999,0.21709214633422305,-83.11,-82.47,0.6400000000000006,82.72128486671372,-82.59,-83.11,-0.519999999999996,-134.2155,0.4713117333570215,-135.47,-133.62,1.8499999999999943,134.2163275276149,-135.47,-133.97,1.5,10.09504213670661,0.189065621195558,9.81223664920491,10.511658969924776,0.6994223207198651,10.09681244507394,10.0945706149395,10.057027382880094,-0.037543232059405796,0.04818903309558839,0.018447265090313164,0.02334330739205565,0.1002946658601543,0.07695135846809865,0.051599268405666365,0.1002946658601543,0.03669564006799718,-0.06359902579215712,0.09994999999999976,0.0008645808232874114,0.09800000000001319,0.10099999999999909,0.002999999999985903,0.0999537392997378,0.09900000000000375,0.09899999999998954,-1.4210854715202004e-14,0.09994999999999976,1.9989999999999952,-21.05948525818478,23.734244635581916,70.199
-1.3944349999999999,0.3765545262973212,-2.1601,-0.6609999999999999,1.4990999999999999,1.4443830103196311,-1.109,-1.6958,-0.5868,0.45303499999999997,0.29527602218094173,-0.1394,0.9609,1.1003,0.5407667154143273,0.82,0.7288,-0.09119999999999995,9.984325000000002,0.1842185220736502,9.6423,10.3801,0.7378,9.986024342524907,9.7346,10.0781,0.3434999999999988,0.006410000000000002,0.03499326935283413,-0.059,0.0509,0.1099,0.03557551124017756,0.0391,0.0488,0.0097,0.004584999999999999,0.022865001093374127,-0.0342,0.048,0.0822,0.02332017367002227,0.0302,-0.0158,-0.046,0.0014799999999999987,0.022138373924026126,-0.0494,0.0421,0.0915,0.02218778943473189,0.0027,0.0146,0.0119,-0.0013649999999999951,0.0072372145885001874,-0.0168,0.0133,0.0301,0.007364815001070966,0.0065,-0.0168,-0.023299999999999998,0.00298,0.0056152114831055115,-0.0083,0.0137,0.022,0.006356964684501558,0.0,0.0048,0.0048,9.806595,2.1794494717652574e-05,9.8065,9.8066,9.999999999976694e-05,9.806595000024219,9.8066,9.8066,0.0,-11.054499999999999,0.31661451324915607,-11.75,-10.31,1.4399999999999995,11.059033185590863,-10.62,-10.87,-0.25,-27.656500000000005,0.5970617639742142,-28.5,-26.75,1.75,27.66294407686933,-27.94,-26.94,1.0,5.077,0.27763465201591825,4.56,5.44,0.8800000000000008,5.084585528831234,4.69,4.56,-0.13000000000000078,332.48449999999997,1.1128408466622706,330.62,335.39,4.769999999999982,332.4863623594207,330.62,333.58,2.9599999999999795,-82.749,0.23385679378628266,-83.15,-82.47,0.6800000000000068,82.74933045046346,-82.5,-83.15,-0.6500000000000057,-134.136,0.3778280031972228,-135.07,-133.62,1.4499999999999886,134.13653212305738,-135.07,-133.88,1.1899999999999977,10.102600114395099,0.1918958548904221,9.81223664920491,10.511658969924776,0.6994223207198651,10.104422452099872,9.831821711158112,10.245730168709304,0.41390845755119265,0.04584087063419194,0.014154860631573835,0.02334330739205565,0.07058923430665613,0.047245926914600486,0.04797650987723054,0.04947868227833074,0.05333141663222533,0.003852734353894584,0.1,0.0008366600265321257,0.09800000000001319,0.10099999999999909,0.002999999999985903,0.10000349993875213,0.10099999999999909,0.10000000000000853,-0.000999999999990564,0.1,2.0,-21.094081293076144,23.78502242878848,70.299
-1.3867499999999997,0.383800172615907,-2.1601,-0.6609999999999999,1.4990999999999999,1.4388808619896227,-2.1601,-0.9553,1.2047999999999999,0.40332,0.31250702808096975,-0.1743,0.9609,1.1352,0.5102231521599152,0.2659,-0.1743,-0.44020000000000004,10.014065,0.1894405058982897,9.6423,10.3801,0.7378,10.01585670472077,9.9976,10.3294,0.33179999999999943,0.0053900000000000016,0.03431630661944843,-0.059,0.0509,0.1099,0.034737026355173235,0.0452,0.0187,-0.026499999999999996,0.003094999999999999,0.022105598272835772,-0.0342,0.048,0.0822,0.022321211884662535,0.0286,0.0004,-0.0282,0.0016799999999999996,0.022166542355541153,-0.0494,0.0421,0.0915,0.022230114709555594,0.0206,0.0067,-0.0139,-0.0017599999999999949,0.007009165428208978,-0.0168,0.0133,0.0301,0.00722675584200822,-0.0052,-0.0014,0.0037999999999999996,0.0027700000000000003,0.005798284228976707,-0.0083,0.0137,0.022,0.006425962962856229,-0.0031,-0.0042,-0.0010999999999999998,9.806595,2.1794494717652574e-05,9.8065,9.8066,9.999999999976694e-05,9.806595000024219,9.8066,9.8066,0.0,-11.061,0.30886728541559727,-11.75,-10.31,1.4399999999999995,11.06531156362079,-11.12,-10.75,0.3699999999999992,-27.622000000000003,0.5996132086603831,-28.5,-26.75,1.75,27.6285073791546,-28.5,-27.25,1.25,5.1049999999999995,0.2651509004321879,4.56,5.44,0.8800000000000008,5.111881258401842,5.25,5.25,0.0,332.69849999999997,1.1447850234869417,330.63,335.39,4.759999999999991,332.7004695443034,331.81,334.9,3.089999999999975,-82.78349999999999,0.24519940864528975,-83.19,-82.47,0.7199999999999989,82.78386313165146,-82.51,-83.19,-0.6799999999999926,-134.029,0.4005109236962219,-134.83,-132.93,1.9000000000000057,134.0295984102019,-134.21,-132.93,1.2800000000000011,10.129756276878089,0.19007656496527084,9.81223664920491,10.511658969924776,0.6994223207198651,10.131539435322749,10.23175158904867,10.374944960817864,0.14319337176919333,0.04436033976166331,0.015206437986254142,0.01986806482775814,0.07058923430665613,0.05072116947889799,0.04689430135954687,0.057318059981126365,0.01986806482775814,-0.03744999515336822,0.1,0.0008366600265321256,0.09800000000001319,0.10099999999999909,0.002999999999985903,0.10000349993875213,0.09900000000000375,0.10099999999999909,0.001999999999995339,0.1,2.0,-21.132259935725784,23.820737825066345,70.4
-1.3150749999999998,0.3661306554701476,-2.0624,-0.6609999999999999,1.4013999999999998,1.3650911736950027,-0.9911,-0.7266,0.26449999999999996,0.4173,0.31230073166741057,-0.1743,0.9609,1.1352,0.5212207181223708,0.4158,0.5455,0.12969999999999998,10.010465000000002,0.1904008751949422,9.6423,10.3801,0.7378,10.012275565998971,9.8123,9.9256,0.11329999999999885,0.004015,0.03322729713654121,-0.059,0.0509,0.1099,0.03346899311302926,0.0185,0.0177,-0.0007999999999999986,0.000784999999999999,0.021730399789235355,-0.0342,0.048,0.0822,0.02174457403583708,0.0121,-0.0176,-0.0297,0.0007499999999999994,0.02173930771666844,-0.0494,0.0421,0.0915,0.021752241263833023,-0.0075,0.002,0.0095,-0.001644999999999995,0.006970543379106104,-0.0168,0.0133,0.0301,0.0071620178720804605,-0.0004,-0.0029,-0.0024999999999999996,0.003195,0.005662373618898703,-0.0083,0.0137,0.022,0.006501576731839747,0.0061,0.0054,-0.0007000000000000001,9.806595,2.1794494717652574e-05,9.8065,9.8066,9.999999999976694e-05,9.806595000024219,9.8066,9.8066,0.0,-11.0395,0.3188177379005127,-11.75,-10.31,1.4399999999999995,11.044102724984045,-11.0,-10.69,0.3100000000000005,-27.547000000000004,0.5785421332971353,-28.44,-26.75,1.6900000000000013,27.553074601575773,-28.19,-27.0,1.1900000000000013,5.1114999999999995,0.2701717046620538,4.56,5.44,0.8800000000000008,5.11863507196987,5.19,5.38,0.1899999999999995,332.85099999999994,1.2171314637293715,330.63,335.39,4.759999999999991,332.8532253261188,332.28,334.86,2.580000000000041,-82.82000000000001,0.25587106127891773,-83.24,-82.47,0.769999999999996,82.82039525382622,-82.47,-83.24,-0.769999999999996,-133.969,0.4550703242357183,-134.83,-132.93,1.9000000000000057,133.96977289672472,-133.82,-133.01,0.8100000000000023,10.116523624084355,0.19172042755831553,9.81223664920491,10.511658969924776,0.6994223207198651,10.118340128647585,9.870987799607494,9.967098533174033,0.09611073356653854,0.042746485084358195,0.015456325984293367,0.01986806482775814,0.07058923430665613,0.05072116947889799,0.04545503272466097,0.02334330739205565,0.02504096643502403,0.0016976590429683795,0.10004999999999953,0.000804673846969789,0.09800000000001319,0.10099999999999909,0.002999999999985903,0.10005323582973169,0.10099999999999909,0.09999999999999432,-0.0010000000000047748,0.10004999999999953,2.0009999999999906,-21.151998555503155,23.849051581666856,70.5
-1.2734150000000002,0.4404779339251854,-2.0624,-0.1579,1.9044999999999999,1.3474444598943587,-1.8129,-0.1579,1.655,0.403215,0.31834471768037864,-0.1743,0.9609,1.1352,0.5137369905895428,-0.1394,0.1341,0.27349999999999997,10.011759999999999,0.18913251809247386,9.6423,10.3801,0.7378,10.013546295244259,9.6423,9.8382,0.19589999999999996,0.0033850000000000017,0.03306574171253383,-0.059,0.0509,0.1099,0.03323855442103341,0.0442,0.0059,-0.0383,0.00036999999999999956,0.02158914310481081,-0.0342,0.048,0.0822,0.021592313447150586,0.016,0.0038,-0.0122,0.0004850000000000003,0.021870168609318036,-0.0494,0.0421,0.0915,0.021875545707478936,0.0068,-0.0128,-0.0196,-0.0017199999999999952,0.006964811555239665,-0.0168,0.0133,0.0301,0.00717405045981696,-0.0076,-0.0019,0.0057,0.00292,0.005648150139647494,-0.0083,0.0137,0.022,0.006358301660034698,-0.0029,0.0006,0.0034999999999999996,9.806595,2.1794494717652574e-05,9.8065,9.8066,9.999999999976694e-05,9.806595000024219,9.8066,9.8066,0.0,-11.032999999999998,0.32087536521210225,-11.75,-10.31,1.4399999999999995,11.037665061053447,-10.94,-10.87,0.07000000000000028,-27.4655,0.5967451298502572,-28.44,-26.56,1.8800000000000026,27.4719819998485,-28.44,-26.56,1.8800000000000026,5.1209999999999996,0.2760416635220126,4.56,5.44,0.8800000000000008,5.128434458974786,5.19,5.38,0.1899999999999995,332.967,1.2667284634048475,330.63,335.39,4.759999999999991,332.96940954087665,332.62,334.6,1.9800000000000182,-82.857,0.2560878755427507,-83.24,-82.47,0.769999999999996,82.85739574715103,-82.51,-83.21,-0.6999999999999886,-133.93699999999995,0.48588167283815226,-134.83,-132.93,1.9000000000000057,133.93788131070315,-133.62,-133.18,0.4399999999999977,10.114993274538396,0.1937852704492224,9.81223664920491,10.511658969924776,0.6994223207198651,10.116849394697937,9.81223664920491,9.84038080868825,0.028144159483339592,0.04230919984189959,0.016109022587922697,0.01459760254288354,0.07058923430665613,0.055991631763772594,0.045272165841717796,0.04749610510347138,0.01459760254288354,-0.03289850256058784,0.09994999999999976,0.0008046738469695683,0.09800000000001319,0.10099999999999909,0.002999999999985903,0.09995323906707552,0.09999999999999432,0.09900000000000375,-0.000999999999990564,0.09994999999999976,1.9989999999999952,-21.158687423562725,23.87810610416068,70.599
-1.16945,0.535921073946528,-2.0624,0.2664,2.3287999999999998,1.2863998989427823,-1.6577,0.2664,1.9241,0.40885,0.3095664702450832,-0.1743,0.9609,1.1352,0.5128252353385118,0.023,-0.0267,-0.0497,10.020495,0.1754033850157971,9.7201,10.3801,0.6600000000000001,10.022030053462224,10.3801,9.817,-0.5631000000000004,0.0012050000000000006,0.03171254444222349,-0.059,0.0509,0.1099,0.031735429727671884,0.0385,0.0006,-0.037899999999999996,-0.00047000000000000026,0.021289412861795882,-0.0342,0.048,0.0822,0.021294600254524617,-0.0342,-0.0008,0.0334,0.00019499999999999956,0.021822911698487896,-0.0494,0.0421,0.0915,0.021823782898480273,0.0344,0.001,-0.0334,-0.001139999999999995,0.0069339310639780615,-0.0168,0.0133,0.0301,0.00702701928274001,-0.0011,0.004,0.0051,0.002960000000000001,0.005609491955605249,-0.0083,0.0137,0.022,0.0063425546903436315,-0.0001,-0.0021,-0.002,9.806595,2.1794494717652574e-05,9.8065,9.8066,9.999999999976694e-05,9.806595000024219,9.8066,9.8066,0.0,-11.038999999999998,0.32020149905957657,-11.75,-10.31,1.4399999999999995,11.043642967789207,-11.25,-11.06,0.1899999999999995,-27.4155,0.5533125247091378,-28.44,-26.56,1.8800000000000026,27.42108303842137,-28.44,-27.44,1.0,5.155499999999999,0.3218303124318777,4.56,5.88,1.3200000000000003,5.165535306238841,5.44,5.88,0.4399999999999995,333.33000000000004,1.9637438733195343,330.63,339.88,9.25,333.33578444265476,332.14,339.88,7.740000000000009,-82.8925,0.2547327030437975,-83.24,-82.47,0.769999999999996,82.89289140209793,-82.47,-83.22,-0.75,-133.93499999999997,0.4872627627882117,-134.83,-132.93,1.9000000000000057,133.9358863411894,-133.92,-133.58,0.339999999999975,10.11541395334904,0.1931356178738893,9.820650225417868,10.511658969924776,0.6910087445069077,10.117257573794392,10.511658969924776,9.820650225417868,-0.6910087445069077,0.04000510526484467,0.01834302463468598,0.001414213562373095,0.07058923430665613,0.06917502074428304,0.0440099420585849,0.0619293952820468,0.001414213562373095,-0.060515181719673704,0.09994999999999976,0.0008046738469695683,0.09800000000001319,0.10099999999999909,0.002999999999985903,0.09995323906707552,0.09999999999999432,0.09999999999999432,0.0,0.09994999999999976,1.9989999999999952,-21.17244359402102,23.885253050480713,70.699
-1.072785,0.6085690981926375,-2.0624,0.2756,2.3379999999999996,1.2333790996688732,-1.0075,0.2756,1.2831000000000001,0.378135,0.37075460654589315,-0.5913,0.9609,1.5522,0.529570634098984,0.7133,-0.5913,-1.3046000000000002,10.009450000000001,0.15855762832484582,9.7201,10.3294,0.6092999999999993,10.010705760534568,10.1946,10.1592,-0.03539999999999921,-0.0018550000000000012,0.030908711959575407,-0.059,0.0509,0.1099,0.03096432624811979,-0.059,-0.0227,0.0363,0.002225,0.02023442302117854,-0.0182,0.048,0.06620000000000001,0.020356387204020263,-0.011,0.0197,0.030699999999999998,-0.00218,0.02051676387737598,-0.0494,0.0421,0.0915,0.02063225629929989,0.0095,-0.0131,-0.022600000000000002,-0.00046999999999999516,0.007527423197881193,-0.0168,0.0133,0.0301,0.007542081940684544,-0.0069999999999999,0.0123,0.0192999999999999,0.0023900000000000006,0.0064131037727453,-0.0115,0.0137,0.0252,0.00684397545290747,0.0058,-0.0115,-0.0173,9.806595,2.1794494717652574e-05,9.8065,9.8066,9.999999999976694e-05,9.806595000024219,9.8065,9.8066,9.999999999976694e-05,-11.041999999999998,0.3224375908606191,-11.75,-10.31,1.4399999999999995,11.046706749072323,-10.87,-11.31,-0.4400000000000013,-27.3745,0.5040681997507879,-28.31,-26.56,1.75,27.379140508788804,-28.31,-27.62,0.6899999999999977,5.114999999999999,0.3342080190540017,4.56,5.88,1.3200000000000003,5.125906749054258,4.94,4.63,-0.3100000000000005,333.3885,1.9447577612648845,330.63,339.88,9.25,333.3941721371266,331.92,333.31,1.3899999999999864,-82.925,0.2397811502182763,-83.24,-82.47,0.769999999999996,82.92534666795189,-82.47,-83.12,-0.6500000000000057,-133.9285,0.48828552098132205,-134.83,-132.93,1.9000000000000057,133.9293901091168,-134.08,-133.79,0.29000000000002046,10.098837231951254,0.17142183803457225,9.820650225417868,10.409866958323724,0.5892167329058555,10.100292019738834,10.269066281799919,10.180124541969022,-0.08894173983089715,0.03854798750687159,0.017689393974075877,0.001414213562373095,0.07058923430665613,0.06917502074428304,0.04241299329215046,0.06076388730158728,0.03278704012258502,-0.027976847179002257,0.09995000000000047,0.0008046738469696124,0.09800000000001319,0.10099999999999909,0.002999999999985903,0.09995323906707622,0.10099999999999909,0.10000000000000853,-0.000999999999990564,0.09995000000000047,1.9990000000000094,-21.161051048731068,23.907723008676058,70.799
-1.013135,0.6676444976744734,-2.0624,0.2756,2.3379999999999996,1.2133390719415573,-1.3474,0.1855,1.5329,0.33476999999999996,0.37963147801519304,-0.5913,0.9609,1.5522,0.5061531507360199,0.6918,-0.154,-0.8458,9.978205,0.17921843787679878,9.5697,10.3294,0.7597000000000005,9.979814340482491,10.1423,9.5697,-0.5726000000000013,0.000605,0.02809226717443788,-0.0556,0.0509,0.1065,0.02809878111235432,-0.0202,-0.0098,0.0104,0.0022649999999999997,0.020209014696417043,-0.0182,0.048,0.06620000000000001,0.02033554769363245,0.0462,-0.0102,-0.0564,-0.0024300000000000007,0.020403065946077808,-0.0494,0.0421,0.0915,0.020547262591401317,-0.0494,0.0045,0.053899999999999997,-0.00055,0.007604505243603951,-0.0168,0.0133,0.0301,0.007624368826335725,-0.0026,-0.0086,-0.006,0.0024499999999999956,0.006450232553947179,-0.0115,0.0137,0.0252,0.006899855070941703,0.0137,0.0069999999999999,-0.0067000000000001,9.8066,0.0,9.8066,9.8066,0.0,9.8066,9.8066,9.8066,0.0,-11.033,0.32954665830501156,-11.75,-10.31,1.4399999999999995,11.037920546914622,-11.37,-10.69,0.6799999999999997,-27.3185,0.457047864014263,-28.25,-26.56,1.6900000000000013,27.322323016171225,-28.25,-27.19,1.0599999999999987,5.139999999999999,0.3388509997034095,4.56,5.88,1.3200000000000003,5.1511571515534245,5.31,5.44,0.13000000000000078,333.497,1.920179939484841,330.63,339.88,9.25,333.5025278764765,330.95,334.09,3.1399999999999864,-82.95950000000002,0.22071418169206863,-83.24,-82.51,0.7299999999999898,82.95979360509523,-82.51,-83.16,-0.6499999999999915,-133.9,0.49519693052360625,-134.83,-132.93,1.9000000000000057,133.9009156802148,-134.83,-133.51,1.3200000000000216,10.064020743492133,0.2014037252884946,9.572736512617485,10.409866958323724,0.8371304457062383,10.066035812870924,10.25477075755475,9.572736512617485,-0.6820342449372649,0.036251968996964035,0.017636914238130172,0.001414213562373095,0.07058923430665613,0.06917502074428304,0.04031458793042538,0.07058923430665613,0.014843517103436099,-0.05574571720322003,0.1,0.0008944271909970369,0.09800000000001319,0.10199999999998965,0.003999999999976467,0.10000399992000318,0.09800000000001319,0.10199999999998965,0.003999999999976467,0.1,2.0,-21.153623731467064,23.896440713373792,70.901
-0.9635599999999999,0.6777187708777144,-2.0624,0.2756,2.3379999999999996,1.1780282704587357,-0.6609999999999999,-0.3559,0.3050999999999999,0.288905,0.3890219318688858,-0.5913,0.9609,1.5522,0.48456595268342995,0.1109,-0.2255,-0.33640000000000003,9.96282,0.1776719212481251,9.5697,10.3294,0.7597000000000005,9.964404129901597,9.9698,9.8346,-0.13519999999999932,0.0015199999999999992,0.02769493816566486,-0.0556,0.0509,0.1065,0.02773661839518293,0.0064,-0.0019,-0.0083,0.0004949999999999997,0.01767482602460347,-0.0182,0.048,0.06620000000000001,0.017681756134502024,0.048,0.0108,-0.0372,-0.0008150000000000001,0.017723664265608282,-0.0282,0.0421,0.0703,0.017742392736043243,-0.0236,-0.0171,0.006499999999999999,-0.00076,0.007715400184047487,-0.0168,0.0133,0.0301,0.007752741450609583,-0.001,-0.0068,-0.0058,0.0015749999999999955,0.006038615321412678,-0.0115,0.0134,0.0249,0.006240632980715974,-0.0057,-0.0038,0.0019000000000000002,9.806595,2.1794494717652574e-05,9.8065,9.8066,9.999999999976694e-05,9.806595000024219,9.8066,9.8065,-9.999999999976694e-05,-11.029999999999998,0.32672618505409096,-11.75,-10.31,1.4399999999999995,11.03483801421661,-10.62,-11.31,-0.6900000000000013,-27.240500000000004,0.4232903849604906,-28.19,-26.56,1.6300000000000026,27.243788558128255,-28.19,-26.69,1.5,5.14,0.33885099970340954,4.56,5.88,1.3200000000000003,5.151157151553425,4.94,5.31,0.3699999999999992,333.70950000000005,1.8608021791689746,330.63,339.88,9.25,333.7146879821144,331.39,335.2,3.8100000000000023,-82.9955,0.20242220727973456,-83.24,-82.59,0.6499999999999915,82.99574684885967,-82.59,-83.23,-0.6400000000000006,-133.7955,0.5082664163605534,-134.61,-132.74,1.8700000000000045,133.79646540548072,-134.61,-132.74,1.8700000000000045,10.043463250099041,0.20186722470467172,9.572736512617485,10.409866958323724,0.8371304457062383,10.045491746674227,9.992303630795053,9.84362088969298,-0.14868274110207302,0.033738209009502154,0.016077632065423925,0.001414213562373095,0.06796484385327461,0.06655063029090152,0.03737321233182933,0.0538694718741515,0.020314034557418672,-0.03355543731673283,0.1,0.0008944271909970369,0.09800000000001319,0.10199999999998965,0.003999999999976467,0.10000399992000318,0.09999999999999432,0.09800000000001319,-0.001999999999981128,0.1,2.0,-21.172001845493284,23.872245099621836,70.99900000000001
-0.91953,0.7230355061129432,-2.0624,0.2756,2.3379999999999996,1.169750299850357,-1.4007,0.2196,1.6203,0.282995,0.3925630095602488,-0.5913,0.9609,1.5522,0.48393376251301173,0.6023,-0.0073,-0.6095999999999999,9.946954999999999,0.19007393949460816,9.5697,10.3294,0.7597000000000005,9.948770872550035,10.0268,9.6525,-0.37429999999999986,-0.0008250000000000002,0.02913080628818914,-0.0556,0.0509,0.1065,0.02914248616710661,-0.0191,-0.0405,-0.021400000000000002,-0.0013500000000000005,0.014205016719455139,-0.0182,0.0256,0.043800000000000006,0.014269022391180133,-0.0099,0.0111,0.021,0.00010499999999999937,0.016978971553071168,-0.0282,0.0421,0.0703,0.01697929621627469,0.0117,-0.0052,-0.0169,-0.0006150000000000002,0.007736748347981857,-0.0168,0.0133,0.0301,0.0077611532648183155,0.004,0.0019,-0.0021000000000000003,0.0017399999999999955,0.005880595207970019,-0.0115,0.0134,0.0249,0.006132617711874753,0.0007,-0.0024,-0.0031,9.806595,2.1794494717652574e-05,9.8065,9.8066,9.999999999976694e-05,9.806595000024219,9.8066,9.8066,0.0,-11.051999999999998,0.31289934483792076,-11.75,-10.31,1.4399999999999995,11.056428446835804,-10.87,-11.06,-0.19000000000000128,-27.212,0.3748146208460927,-28.12,-26.56,1.5600000000000023,27.214581201995376,-27.44,-27.62,-0.17999999999999972,5.177499999999999,0.3557228556053154,4.56,5.88,1.3200000000000003,5.189705675662156,5.13,5.69,0.5600000000000005,334.19750000000005,2.3923813972692543,330.63,341.15,10.519999999999982,334.20606292375965,332.59,341.15,8.560000000000002,-83.03099999999999,0.19007630046904822,-83.3,-82.66,0.6400000000000006,83.03121756303469,-82.66,-83.3,-0.6400000000000006,-133.69,0.5458479641805019,-134.57,-132.5,2.069999999999993,133.69111432701874,-134.09,-132.5,1.5900000000000034,10.026598091086477,0.21881554976965797,9.572736512617485,10.409866958323724,0.8371304457062383,10.028985468381135,10.142063104713952,9.65500045054375,-0.48706265417020234,0.033160450424958146,0.015542539291051928,0.001414213562373095,0.06796484385327461,0.06655063029090152,0.036622206378097974,0.024488977112162115,0.042314300183271376,0.01782532307110926,0.10005000000000024,0.000920597631973239,0.09800000000001319,0.10199999999998965,0.003999999999976467,0.10005423529266537,0.10099999999999909,0.10099999999999909,0.0,0.10005000000000024,2.0010000000000048,-21.162624022410796,23.881500617081713,71.10000000000001
-0.84634,0.7443960131542887,-2.0624,0.2756,2.3379999999999996,1.127127685757031,-1.2997,0.0631,1.3628,0.24617,0.39541678656829937,-0.5913,0.9609,1.5522,0.46578332301618525,0.8196,-0.1342,-0.9538,9.952625000000001,0.1940215809517075,9.5697,10.3294,0.7597000000000005,9.954515998505403,9.9422,10.1402,0.1980000000000004,-0.004035000000000001,0.03408382717653639,-0.0833,0.0509,0.13419999999999999,0.03432183707204496,-0.0556,-0.0833,-0.027700000000000002,0.0002599999999999998,0.014949963210657075,-0.0182,0.0256,0.043800000000000006,0.014952223914856278,-0.0056,0.0223,0.0279,-0.000465,0.016770219885260895,-0.0282,0.0421,0.0703,0.016776665342075583,0.0075,0.0003,-0.0072,-0.00020500000000000005,0.00817529663070399,-0.0168,0.0133,0.0301,0.008177866469929672,0.0008,0.0122,0.0114,0.0011999999999999956,0.006422227028064326,-0.0115,0.0134,0.0249,0.0065333758502017876,0.0047,-0.0101,-0.0148,9.80659,2.9999999999930083e-05,9.8065,9.8066,9.999999999976694e-05,9.806590000045889,9.8066,9.8065,-9.999999999976694e-05,-11.052000000000001,0.31289934483792076,-11.75,-10.31,1.4399999999999995,11.056428446835804,-11.25,-10.87,0.3800000000000008,-27.195999999999998,0.3715561868681508,-28.12,-26.56,1.5600000000000023,27.198538012179995,-28.12,-27.12,1.0,5.199,0.36507396510844214,4.56,5.88,1.3200000000000003,5.211801991633987,5.13,5.56,0.4299999999999997,334.6415,2.8357737480271603,330.63,341.47,10.840000000000032,334.65351504952105,332.19,341.47,9.28000000000003,-83.0605,0.17542733538419775,-83.3,-82.7,0.5999999999999943,83.06068525481837,-82.7,-83.25,-0.5499999999999972,-133.6055,0.604991528866312,-134.57,-132.4,2.1699999999999875,133.60686975226983,-134.15,-132.4,1.75,10.02655915094094,0.2187950666319767,9.572736512617485,10.409866958323724,0.8371304457062383,10.0289460906169,10.060233848673697,10.1412843018032,0.0810504531295031,0.03624769207308521,0.019212465208160973,0.001414213562373095,0.0862338100747033,0.0848195965123302,0.04102455362340948,0.056382355395992456,0.0862338100747033,0.029851454678710837,0.1,0.0008944271909970369,0.09800000000001319,0.10199999999998965,0.003999999999976467,0.10000399992000318,0.09900000000000375,0.09999999999999432,0.000999999999990564,0.1,2.0,-21.155431677636642,23.866041283574887,71.2
-0.7774,0.7628354317937782,-2.0624,0.2756,2.3379999999999996,1.0891596099745897,-2.0624,0.0791,2.1414999999999997,0.20739500000000005,0.3747685291950219,-0.5913,0.9609,1.5522,0.42832713724441973,0.4938,0.0441,-0.4497,9.94501,0.19724330888524452,9.5697,10.3294,0.7597000000000005,9.946965809883938,10.0672,9.7899,-0.2773000000000003,-0.0007150000000000001,0.03207399686662079,-0.0833,0.0509,0.13419999999999999,0.032081965338800554,-0.016,0.0108,0.0268,0.00021000000000000012,0.014971135561472951,-0.0182,0.0256,0.043800000000000006,0.014972608323201405,0.0238,-0.0066,-0.030400000000000003,-0.000995,0.016677364150248685,-0.0282,0.0421,0.0703,0.01670701948284014,-0.0071,-0.0031,0.004,-0.0008300000000000002,0.008544068117705991,-0.0168,0.0133,0.0301,0.008584287972802404,-0.0105,-0.0117,-0.0011999999999999997,0.0011849999999999955,0.006414380328605402,-0.0115,0.0134,0.0249,0.0065229211247722395,0.0071,0.0044,-0.0027,9.80659,2.999999999993008e-05,9.8065,9.8066,9.999999999976694e-05,9.806590000045889,9.8066,9.8066,0.0,-11.024000000000001,0.3189263237802738,-11.75,-10.31,1.4399999999999995,11.02861233338084,-11.0,-10.69,0.3100000000000005,-27.115,0.3361919094802851,-27.69,-26.5,1.1900000000000013,27.117084098405567,-27.31,-26.5,0.8099999999999987,5.199,0.3650739651084422,4.56,5.88,1.3200000000000003,5.211801991633988,5.0,5.13,0.1299999999999999,334.90749999999997,2.842846944525858,330.63,341.47,10.840000000000032,334.91956547057686,333.32,337.51,4.189999999999998,-83.09400000000001,0.1671645895517351,-83.37,-82.73,0.6400000000000006,83.09416814674782,-82.73,-83.37,-0.6400000000000006,-133.46499999999997,0.7668604827476747,-134.57,-131.34,3.2299999999999898,133.4672030875001,-133.63,-131.34,2.289999999999992,10.013063402144436,0.22455048460353058,9.572736512617485,10.409866958323724,0.8371304457062383,10.015580942486562,10.288141136279187,9.790318872743624,-0.49782226353556247,0.034080130133587176,0.01926397492932762,0.001414213562373095,0.0862338100747033,0.0848195965123302,0.03914787350546642,0.029544034930929795,0.013031116606031887,-0.01651291832489791,0.10004999999999953,0.0008645808232867951,0.09800000000001319,0.10199999999998965,0.003999999999976467,0.10005373556244615,0.09999999999999432,0.09999999999999432,0.0,0.10004999999999953,2.0009999999999906,-21.141568405081244,23.862183477033682,71.3
-0.6514800000000001,0.7480404919521403,-1.6958,0.456,2.1518,0.9919630880229364,-1.2405,0.456,1.6965,0.17469,0.3768825054310693,-0.5913,0.9609,1.5522,0.4153998302840289,0.1215,-0.1603,-0.2818,9.932095,0.19727620858836475,9.5697,10.3294,0.7597000000000005,9.934054005867896,9.8049,9.8089,0.0039999999999995595,0.0009749999999999995,0.03211454304516881,-0.0833,0.0509,0.13419999999999999,0.03212934017374151,0.0229,0.0178,-0.0051,-0.0004750000000000003,0.014167987683506788,-0.0182,0.0256,0.043800000000000006,0.014175947940084994,0.0256,0.0101,-0.015500000000000002,-0.0017849999999999997,0.017310062824842664,-0.0282,0.0421,0.0703,0.017401853349571707,-0.0091,-0.0229,-0.0138,-0.000725,0.008436816638993642,-0.0168,0.0133,0.0301,0.008467910013692872,0.0012,-0.0084,-0.0096,0.0009299999999999951,0.006274001912655106,-0.0115,0.0134,0.0249,0.006342554690343625,0.0134,0.002,-0.0114,9.80659,2.999999999993008e-05,9.8065,9.8066,9.999999999976694e-05,9.806590000045889,9.8066,9.8066,0.0,-11.002,0.33461320954200247,-11.75,-10.31,1.4399999999999995,11.007087262305138,-10.31,-10.56,-0.25,-27.077499999999997,0.3537212885874984,-27.69,-26.5,1.1900000000000013,27.079810283678135,-26.75,-26.56,0.19000000000000128,5.2645,0.434424619468096,4.56,6.31,1.75,5.282393870206954,5.0,6.31,1.3099999999999996,335.419,3.380647719002975,330.63,343.55,12.920000000000016,335.4360361380393,335.39,343.55,8.160000000000025,-83.126,0.1552546295606039,-83.37,-82.85,0.5200000000000102,83.12614498459556,-82.89,-83.37,-0.480000000000004,-133.329,0.9458430102294978,-134.57,-130.91,3.6599999999999966,133.3323548880766,-133.85,-130.91,2.9399999999999977,9.989696443744041,0.21895602377579895,9.572736512617485,10.409866958323724,0.8371304457062383,9.992095715038964,9.88380829994188,9.820801968271226,-0.06300633167065328,0.03413855529485391,0.019251897111199248,0.001414213562373095,0.0862338100747033,0.0848195965123302,0.03919281184094859,0.03553280174711811,0.030712538156264454,-0.004820263590853659,0.10005000000000024,0.0008645808232867539,0.09800000000001319,0.10199999999998965,0.003999999999976467,0.10005373556244686,0.10000000000000853,0.10000000000000853,0.0,0.10005000000000024,2.0010000000000048,-21.140954807880192,23.857100704988866,71.4
-0.5725899999999999,0.7647731767655035,-1.6958,0.456,2.1518,0.9553728696168843,-1.1645,0.3373,1.5018,0.169435,0.3783175059060841,-0.5913,0.9609,1.5522,0.41452666319550546,0.9609,0.0164,-0.9445,9.918555,0.21411595801107394,9.5341,10.3294,0.7952999999999992,9.920865835777642,9.8717,9.5341,-0.3376000000000001,-0.0011350000000000002,0.03199078421983431,-0.0833,0.0509,0.13419999999999999,0.03201091220193514,0.0509,-0.0193,-0.0702,-0.0018150000000000006,0.012843958696601293,-0.0182,0.0223,0.0405,0.012971565055921355,-0.016,-0.0012,0.0148,-0.0005200000000000007,0.017650371100914566,-0.0282,0.0421,0.0703,0.017658029335121176,0.0421,0.0162,-0.0259,-0.0006299999999999999,0.008468594924779435,-0.0168,0.0133,0.0301,0.008491996231746691,0.0066,0.0031,-0.0035,0.0001949999999999951,0.005594325249750852,-0.0115,0.0103,0.0218,0.005597722751262332,0.0003,-0.0013,-0.0015999999999999999,9.80659,2.999999999993008e-05,9.8065,9.8066,9.999999999976694e-05,9.806590000045889,9.8066,9.8066,0.0,-11.0425,0.2950910876322768,-11.75,-10.56,1.1899999999999995,11.04644218741944,-11.44,-11.12,0.3200000000000003,-27.130499999999994,0.3791764101312214,-27.81,-26.5,1.3099999999999987,27.133149559164707,-27.25,-27.81,-0.5599999999999987,5.321,0.46849653147061826,4.56,6.31,1.75,5.341584970774124,4.94,6.13,1.1899999999999995,335.8255000000001,3.81376516712815,330.63,343.55,12.920000000000016,335.8471546031021,332.83,343.52,10.689999999999998,-83.15349999999998,0.15966449198240762,-83.44,-82.85,0.5900000000000034,83.1536532871527,-82.88,-83.44,-0.5600000000000023,-133.178,1.081894634426105,-134.57,-130.83,3.7399999999999807,133.18239440706867,-134.15,-130.83,3.319999999999993,9.97250996756716,0.23915173587836927,9.540078776404313,10.409866958323724,0.8697881819194109,9.975377115979125,9.98648336252557,9.540078776404313,-0.44640458612125755,0.03362323396181826,0.019345390612464538,0.001414213562373095,0.0862338100747033,0.0848195965123302,0.03879131346061899,0.06796484385327461,0.0252263750864051,-0.042738468766869514,0.10004999999999953,0.000864580823286795,0.09800000000001319,0.10199999999998965,0.003999999999976467,0.10005373556244615,0.09999999999999432,0.09999999999999432,0.0,0.10004999999999953,2.0009999999999906,-21.1317280553114,23.853750022695394,71.5
-0.47653999999999996,0.8040264600123556,-1.6958,0.7565,2.4523,0.9346383899669433,-1.0276,0.7565,1.7841,0.107195,0.34380969514398513,-0.5913,0.7295,1.3208000000000002,0.3601331344100401,0.3616,-0.2839,-0.6455,9.930055,0.2174413219123724,9.5341,10.3294,0.7952999999999992,9.9324354028355,9.9437,10.1017,0.15799999999999947,-0.0037949999999999985,0.029681989067446273,-0.0833,0.0488,0.1321,0.02992361107887883,-0.0271,-0.0023,0.0248,-0.0006500000000000002,0.012558005414873813,-0.0182,0.0223,0.0405,0.012574816102035051,0.0164,0.0073,-0.0091,-0.0038699999999999997,0.015466386132513308,-0.0282,0.0292,0.0574,0.015943211721607415,-0.016,-0.0249,-0.008899999999999998,-0.001055,0.008306833030704302,-0.0168,0.0133,0.0301,0.008373559577622888,0.0053,-0.0019,-0.0072,-4.5000000000004977e-05,0.005686868646276255,-0.0115,0.0103,0.0218,0.005687046685231265,-0.0083,-0.0045,0.0038000000000000004,9.80659,2.9999999999930076e-05,9.8065,9.8066,9.999999999976694e-05,9.806590000045889,9.8066,9.8066,0.0,-11.001500000000002,0.2939774651227541,-11.75,-10.56,1.1899999999999995,11.005427070313992,-11.25,-10.62,0.6300000000000008,-27.118000000000002,0.3791516846856943,-27.81,-26.5,1.3099999999999987,27.120650434678,-27.31,-27.0,0.3099999999999987,5.333499999999999,0.46144636741445916,4.56,6.31,1.75,5.35342460486743,4.63,5.19,0.5600000000000005,336.0915,3.780947334994234,330.63,343.55,12.920000000000016,336.1127666944533,332.95,338.15,5.199999999999989,-83.17849999999999,0.1539244944770003,-83.44,-82.85,0.5900000000000034,83.17864242099651,-82.85,-83.38,-0.5300000000000011,-133.003,1.1883480129995565,-134.57,-130.65,3.9199999999999875,133.008308687841,-134.03,-130.65,3.3799999999999955,9.979884019168363,0.24172875283651934,9.540078776404313,10.409866958323724,0.8697881819194109,9.982811118417498,10.003193790485117,10.133964394549647,0.13077060406453,0.03152747977293806,0.017713060694498326,0.001414213562373095,0.0862338100747033,0.0848195965123302,0.03616261190788077,0.03548760346938068,0.026049760075670562,-0.009437843393710118,0.1,0.0008944271909970368,0.09800000000001319,0.10199999999998965,0.003999999999976467,0.10000399992000318,0.10099999999999909,0.09900000000000375,-0.001999999999995339,0.1,2.0,-21.124691149639688,23.8580083869537,71.599
-0.39114,0.8312084819105253,-1.6958,0.7565,2.4523,0.9186392327785702,-1.0278,0.6804,1.7082000000000002,0.07023000000000001,0.3540603876459495,-0.5913,0.7295,1.3208000000000002,0.3609584615991153,0.5097,-0.3777,-0.8874,9.922454999999998,0.21947839181796452,9.5341,10.3294,0.7952999999999992,9.924882064362277,10.0494,9.7917,-0.2576999999999998,-0.00528,0.03149818407464151,-0.0833,0.0488,0.1321,0.031937658023092425,-0.0361,-0.0568,-0.020700000000000003,-0.0012300000000000002,0.012013205234241193,-0.0182,0.0223,0.0405,0.012076009274590675,-0.0177,0.0048,0.0225,-0.002175,0.015895781673135802,-0.0282,0.0292,0.0574,0.016043892919114115,0.0062,0.0179,0.011699999999999999,-0.001025,0.008330778775120607,-0.0168,0.0133,0.0301,0.008393598751429567,0.0133,0.0059,-0.0073999999999999995,0.000249999999999995,0.005396619312124946,-0.0115,0.0103,0.0218,0.005402406871015911,0.0055,-0.0024,-0.007899999999999999,9.80659,2.9999999999930076e-05,9.8065,9.8066,9.999999999976694e-05,9.806590000045889,9.8066,9.8066,0.0,-10.979500000000002,0.2910064432276373,-11.75,-10.56,1.1899999999999995,10.983355816871272,-11.75,-10.81,0.9399999999999995,-27.0745,0.40373846732755125,-27.81,-26.44,1.3699999999999974,27.07751013294982,-27.0,-26.44,0.5599999999999987,5.377,0.43322165227513737,4.56,6.31,1.75,5.394423972955778,5.31,5.5,0.1900000000000004,336.65,4.088157286602364,330.63,344.12,13.490000000000009,336.6748216454566,330.63,344.12,13.490000000000009,-83.20750000000001,0.143592304807744,-83.44,-82.91,0.5300000000000011,83.20762389949613,-82.91,-83.43,-0.5200000000000102,-132.8345,1.267093031312222,-134.57,-130.65,3.9199999999999875,132.84054318994635,-134.57,-130.66,3.9099999999999966,9.970853106901153,0.24405196803062565,9.540078776404313,10.409866958323724,0.8697881819194109,9.973839433362661,10.114672871131326,9.822575545140898,-0.2920973259904276,0.03274044373766268,0.018743367996732724,0.001414213562373095,0.0862338100747033,0.0848195965123302,0.03772599236600676,0.040680953774463055,0.05974688276387313,0.019065928989410078,0.09994999999999976,0.0008645808232865896,0.09800000000001319,0.10199999999998965,0.003999999999976467,0.09995373929973779,0.09900000000000375,0.09999999999999432,0.000999999999990564,0.09994999999999976,1.9989999999999952,-21.11615051060062,23.848456726297528,71.699
-0.3001049999999999,0.8558334577912925,-1.6958,0.7929,2.4887,0.9069255308458352,-1.6919,0.7929,2.4848,0.03954500000000001,0.34099604026293323,-0.5913,0.7295,1.3208000000000002,0.3432813809398931,0.7295,-0.104,-0.8335,9.899514999999997,0.22879063852133447,9.5341,10.3294,0.7952999999999992,9.902158471338458,9.7201,9.5906,-0.12950000000000017,-0.0037199999999999998,0.030695530619293747,-0.0833,0.0488,0.1321,0.03092012289755654,0.0401,-0.0049,-0.045,0.00012000000000000002,0.011596361498332139,-0.0182,0.0223,0.0405,0.011596982366115765,-0.0108,0.0093,0.0201,-0.002185,0.015890571890275065,-0.0282,0.0292,0.0574,0.016040090398747757,0.0292,0.006,-0.0232,-0.0017599999999999998,0.007655612320383001,-0.0168,0.0123,0.0291,0.007855316670892397,-0.0117,-0.0014,0.0103,-3.5000000000004984e-05,0.005260634467438308,-0.0115,0.0103,0.0218,0.0052607508969727814,0.0103,-0.0002,-0.0105,9.80659,2.9999999999930076e-05,9.8065,9.8066,9.999999999976694e-05,9.806590000045889,9.8066,9.8066,0.0,-10.904500000000002,0.2756533148721417,-11.31,-10.25,1.0600000000000005,10.907983544175337,-11.31,-10.25,1.0600000000000005,-27.0465,0.42669983595028493,-27.81,-26.44,1.3699999999999974,27.049865711311764,-27.69,-26.44,1.25,5.417999999999999,0.4627375065844566,4.56,6.31,1.75,5.437724708000581,5.44,6.13,0.6899999999999995,337.4745,4.438722197885334,332.33,347.12,14.79000000000002,337.5036894687227,332.33,347.12,14.79000000000002,-83.23400000000001,0.1348851363197587,-83.44,-83.0,0.4399999999999977,83.23410929420703,-83.0,-83.44,-0.4399999999999977,-132.63150000000002,1.297645078594297,-134.39,-130.51,3.8799999999999955,132.6378478225578,-134.39,-130.51,3.8799999999999955,9.946313589373782,0.25287229650250675,9.540078776404313,10.409866958323724,0.8697881819194109,9.949527547401434,9.893181483729084,9.623882520583884,-0.2692989631452001,0.03131158197078504,0.019168028967184114,0.001414213562373095,0.0862338100747033,0.0848195965123302,0.03671278387700938,0.05076701685149522,0.012103718436910204,-0.03866329841458502,0.10004999999999953,0.0008645808232867951,0.09800000000001319,0.10199999999998965,0.003999999999976467,0.10005373556244616,0.09999999999999432,0.10099999999999909,0.0010000000000047748,0.10004999999999953,2.0009999999999906,-21.10604094342507,23.861634696176267,71.8
-0.121245,0.917826286655051,-1.6958,1.8853,3.5811,0.9257998933354875,-1.6777,1.8853,3.5629999999999997,-0.024335000000000002,0.32505704464755103,-0.5913,0.7288,1.3201,0.3259666769778776,0.1947,-0.5481,-0.7428,9.907805,0.2251137789541101,9.5341,10.3294,0.7952999999999992,9.910362058547609,10.0521,9.8859,-0.1661999999999999,-0.005195,0.0292281281473857,-0.0833,0.0488,0.1321,0.02968621734071217,0.0286,0.0106,-0.018000000000000002,0.00013499999999999987,0.011582412313503607,-0.0182,0.0223,0.0405,0.011583199039988909,-0.0083,-0.0105,-0.0022000000000000006,-0.002515,0.015292654282367073,-0.0282,0.0226,0.0508,0.015498080526310345,0.011,0.0226,0.0116,-0.0007599999999999998,0.0075979207682102074,-0.0168,0.0123,0.0291,0.007635836561896803,-0.0083,0.0083,0.0166,-0.000695000000000005,0.004723184836527142,-0.0115,0.0069999999999999,0.0184999999999999,0.0047740444069991565,0.0021,-0.0029,-0.004999999999999999,9.80659,2.9999999999930076e-05,9.8065,9.8066,9.999999999976694e-05,9.806590000045889,9.8066,9.8066,0.0,-10.901500000000002,0.2715193363280045,-11.31,-10.25,1.0600000000000005,10.904880787977465,-11.19,-11.25,-0.0600000000000005,-27.002499999999998,0.4027763026792913,-27.81,-26.44,1.3699999999999974,27.00550379089418,-27.19,-26.81,0.38000000000000256,5.458499999999999,0.49706413067128474,4.56,6.31,1.75,5.481085202767788,5.44,6.25,0.8099999999999996,338.0775,4.517361923733806,333.12,347.12,14.0,338.1076789500646,333.12,344.39,11.269999999999982,-83.2565,0.13146387336451001,-83.45,-83.03,0.4200000000000017,83.25660379213171,-83.03,-83.45,-0.4200000000000017,-132.42849999999999,1.323972337324311,-134.11,-130.33,3.780000000000001,132.43511813337125,-134.11,-130.33,3.780000000000001,9.955603392827708,0.2541592674238458,9.540078776404313,10.409866958323724,0.8697881819194109,9.958847114425444,10.193002491415372,10.078977552807626,-0.11402493860774676,0.030127271378719837,0.018654222558792646,0.001414213562373095,0.0862338100747033,0.0848195965123302,0.035434905107817063,0.031746653366929875,0.02708080501019126,-0.0046658483567386146,0.10005000000000024,0.0008645808232867539,0.09800000000001319,0.10199999999998965,0.003999999999976467,0.10005373556244686,0.10000000000000853,0.10000000000000853,0.0,0.10005000000000024,2.0010000000000048,-21.109303689248904,23.848260423682362,71.9
0.03502499999999999,0.9055035018568399,-1.6958,1.8853,3.5811,0.9061806345867253,-1.4931,1.4477,2.9408000000000003,-0.07786,0.36965926527005916,-0.8758,0.7288,1.6046,0.3777699723376648,0.2882,-0.8758,-1.1640000000000001,9.889235,0.22774799730184228,9.5341,10.3294,0.7952999999999992,9.891857158061876,10.2982,9.6807,-0.6174999999999997,-0.007324999999999994,0.028222648263407174,-0.0833,0.0488,0.1321,0.029157734822856184,-0.0032,-0.0139999999999999,-0.0107999999999999,0.00028500000000000004,0.011491269512112228,-0.0182,0.0223,0.0405,0.011494803173608499,-0.0077,-0.0053,0.0024000000000000002,-0.00292,0.015034447113213043,-0.0282,0.0226,0.0508,0.015315384422207626,-0.0282,0.0029,0.0311,0.00011500000000000017,0.007686369429060771,-0.0168,0.0123,0.0291,0.007687229670043688,0.0015,0.0092,0.0077,-0.00045000000000001,0.004981816937624249,-0.0115,0.0069999999999999,0.0184999999999999,0.005002099559185109,0.003,0.0069999999999999,0.0039999999999999,9.806585,3.570714214263103e-05,9.8065,9.8066,9.999999999976694e-05,9.806585000065008,9.8066,9.8065,-9.999999999976694e-05,-10.8575,0.2917511782324109,-11.31,-10.25,1.0600000000000005,10.861419106175767,-11.12,-10.31,0.8099999999999987,-26.970999999999997,0.4114231398450993,-27.81,-26.44,1.3699999999999974,26.97413779901037,-27.12,-26.56,0.5600000000000023,5.467999999999999,0.4984335462225632,4.56,6.31,1.75,5.490670268737689,4.63,5.63,1.0,338.736,4.702802781320945,333.31,347.12,13.810000000000002,338.76864384119136,333.62,346.29,12.670000000000016,-83.276,0.12519584657647378,-83.45,-83.04,0.4099999999999966,83.27609410869364,-83.04,-83.42,-0.37999999999999545,-132.272,1.3007482462029303,-133.97,-130.33,3.6399999999999864,132.278395552713,-133.74,-130.98,2.7600000000000193,9.937325869802855,0.24953173615184115,9.540078776404313,10.409866958323724,0.8697881819194109,9.940458315892684,10.409866958323724,9.827452030918288,-0.582414927405436,0.029302336244472184,0.018927178622707916,0.001414213562373095,0.0862338100747033,0.0848195965123302,0.03488359213154517,0.02940697196244455,0.015247950681976815,-0.014159021280467737,0.10004999999999953,0.0008645808232867951,0.09800000000001319,0.10199999999998965,0.003999999999976467,0.10005373556244615,0.10099999999999909,0.09999999999999432,-0.0010000000000047748,0.10004999999999953,2.0009999999999906,-21.108086622584523,23.873339472167487,72.0
0.17583500000000002,0.8753900246604367,-1.6958,1.8853,3.5811,0.8928749310513763,-1.3603,1.3231,2.6834,-0.13141999999999998,0.38979536118327524,-0.8758,0.7288,1.6046,0.4113534246849052,0.3488,-0.7829999999999999,-1.1318,9.860135,0.21013514050486645,9.5341,10.3294,0.7952999999999992,9.862373902641291,9.9585,9.7162,-0.24230000000000018,-0.003234999999999995,0.03388353988295791,-0.0833,0.0786,0.1619,0.03403761889439389,-0.0187,0.0786,0.0973,0.0003299999999999998,0.011461636008877616,-0.0182,0.0223,0.0405,0.011466385655471388,-0.0182,-0.0068,0.0114,-0.0013150000000000002,0.013922294171579625,-0.0258,0.0226,0.0484,0.013984259007898845,-0.0258,0.0039,0.0297,-0.0008699999999999999,0.008647895697798396,-0.0182,0.0123,0.0305,0.008691547618232324,0.0057,-0.0182,-0.0239,-0.00019000000000000996,0.005281751603398238,-0.0115,0.0082,0.019700000000000002,0.005285167925430549,0.0022,0.0082,0.006,9.806585,3.570714214263103e-05,9.8065,9.8066,9.999999999976694e-05,9.806585000065008,9.8066,9.8066,0.0,-10.8265,0.2951317502404647,-11.31,-10.25,1.0600000000000005,10.830521917248493,-10.94,-10.5,0.4399999999999995,-26.9495,0.41430031378216464,-27.81,-26.44,1.3699999999999974,26.95268437465923,-26.75,-26.69,0.05999999999999872,5.5145,0.45998342361437333,4.56,6.31,1.75,5.533651145491555,5.38,5.56,0.17999999999999972,339.3985,4.865888690671008,333.31,347.12,13.810000000000002,339.4333788462767,333.41,346.87,13.45999999999998,-83.29950000000001,0.12277927349516371,-83.51,-83.11,0.4000000000000057,83.29959048518786,-83.11,-83.51,-0.4000000000000057,-132.115,1.303581604656954,-133.97,-130.33,3.6399999999999864,132.12143107762645,-133.97,-130.6,3.3700000000000045,9.908686730595916,0.22535206436247895,9.540078776404313,10.374944960817864,0.834866184413551,9.911248976693098,10.057027382880094,9.83708417418495,-0.2199432086951436,0.03178148444974149,0.02180674772108026,0.001414213562373095,0.0862338100747033,0.0848195965123302,0.038543443022127644,0.03669564006799718,0.07898993606783082,0.04229429599983364,0.1,0.0008366600265312763,0.09800000000001319,0.10199999999998965,0.003999999999976467,0.10000349993875213,0.09899999999998954,0.10000000000000853,0.0010000000000189857,0.1,2.0,-21.102977644721847,23.892928356410707,72.10000000000001
0.36995500000000003,0.9412159988413924,-1.6958,2.5221,4.2179,1.0113131357299776,-1.6958,2.5221,4.2179,-0.1989,0.4167101990592502,-1.0008,0.7288,1.7296,0.4617451678144559,0.7288,-1.0008,-1.7296,9.837095,0.22295763829705398,9.4977,10.3294,0.8316999999999997,9.839621341672657,10.0781,9.4977,-0.5803999999999991,0.002030000000000005,0.038883571080856244,-0.0833,0.0866,0.1699,0.03893652526869854,0.0488,0.0866,0.03779999999999999,0.0014899999999999998,0.01067454448676851,-0.0176,0.0223,0.039900000000000005,0.0107780332157588,-0.0158,0.005,0.020800000000000003,-8.999999999999988e-05,0.01274181698189077,-0.0249,0.0226,0.0475,0.01274213482898372,0.0146,-0.0013,-0.0159,-0.001815,0.008907091276056399,-0.0182,0.0123,0.0305,0.009090132012242727,-0.0168,-0.0132,0.003599999999999999,-2.5000000000009996e-05,0.005403968449204701,-0.0115,0.0082,0.019700000000000002,0.005404026276768078,0.0048,0.0055,0.0007000000000000001,9.806585,3.570714214263103e-05,9.8065,9.8066,9.999999999976694e-05,9.806585000065008,9.8066,9.8066,0.0,-10.810500000000001,0.2972116249408829,-11.31,-10.25,1.0600000000000005,10.814584827907172,-10.87,-10.62,0.25,-26.943,0.41837901477010064,-27.81,-26.44,1.3699999999999974,26.94624816184992,-26.94,-26.62,0.3200000000000003,5.5424999999999995,0.46791959779432196,4.56,6.31,1.75,5.562216734360502,4.56,5.94,1.3800000000000008,339.9295,4.761758577458545,333.31,347.12,13.810000000000002,339.9628499042211,333.58,344.03,10.449999999999989,-83.32000000000001,0.12365273955719744,-83.52,-83.12,0.3999999999999915,83.32009175463023,-83.15,-83.52,-0.36999999999999034,-131.9485,1.2682005953318272,-133.88,-130.33,3.549999999999983,131.95459440656091,-133.88,-130.64,3.240000000000009,9.89972020212836,0.22282487646503352,9.540078776404313,10.374944960817864,0.834866184413551,9.902227577974564,10.245730168709304,9.877696813528951,-0.3680333551803532,0.03428440056861801,0.024882943508567158,0.001414213562373095,0.08675396244552752,0.08533974888315443,0.04236249520507497,0.05333141663222533,0.08675396244552752,0.033422545813302194,0.10005000000000024,0.0008046738469679788,0.09800000000001319,0.10199999999998965,0.003999999999976467,0.10005323582973238,0.10000000000000853,0.09999999999999432,-1.4210854715202004e-14,0.10005000000000024,2.0010000000000048,-21.106145263137876,23.895487420653097,72.2
0.5185099999999999,0.8315252617329192,-0.9553,2.5221,3.4774000000000003,0.9799422845249612,-0.9553,1.2753,2.2306,-0.28511,0.39357905673447613,-1.0008,0.5455,1.5463,0.48599607611584683,-0.1743,-0.9954,-0.8210999999999999,9.830905000000001,0.21784047483192825,9.4977,10.3294,0.8316999999999997,9.833318239104235,10.3294,9.9543,-0.37509999999999977,-0.003144999999999996,0.039200694828025684,-0.0833,0.0866,0.1699,0.03932665126857358,0.0187,-0.0547,-0.07339999999999999,0.0016949999999999997,0.010375715637969267,-0.0176,0.0223,0.039900000000000005,0.010513253540174896,0.0004,-0.0117,-0.0121,-0.000965,0.012296067460777856,-0.0249,0.0226,0.0475,0.012333876114182435,0.0067,-0.0029,-0.009600000000000001,-0.001065,0.008218654086892816,-0.0182,0.0123,0.0305,0.008287369908481218,-0.0014,-0.0018,-0.00039999999999999996,-0.00043500000000000987,0.005332942433591409,-0.0115,0.0082,0.019700000000000002,0.005350654165613758,-0.0042,-0.0034,0.0007999999999999999,9.806585,3.570714214263103e-05,9.8065,9.8066,9.999999999976694e-05,9.806585000065008,9.8066,9.8066,0.0,-10.779500000000002,0.3207877023827442,-11.31,-10.25,1.0600000000000005,10.784272112664814,-10.75,-10.25,0.5,-26.946000000000005,0.41856182339052384,-27.81,-26.44,1.3699999999999974,26.94925063893243,-27.25,-27.0,0.25,5.608499999999999,0.41475625372018193,4.63,6.31,1.6799999999999997,5.623814986288222,5.25,5.88,0.6299999999999999,340.61499999999995,4.785130614727255,333.31,347.29,13.980000000000018,340.6486103009962,334.9,347.29,12.390000000000043,-83.336,0.12130127781684816,-83.52,-83.12,0.3999999999999915,83.33608828112824,-83.19,-83.47,-0.28000000000000114,-131.76799999999997,1.2369664506363949,-133.79,-130.27,3.519999999999982,131.77380585685455,-132.93,-130.27,2.6599999999999966,9.891678921087262,0.2128726864064961,9.540078776404313,10.374944960817864,0.834866184413551,9.89396920646613,10.374944960817864,10.084904547887401,-0.29004041293046257,0.03441845020397474,0.024992174486356947,0.001414213562373095,0.08675396244552752,0.08533974888315443,0.04253514429269048,0.01986806482775814,0.05601240933935979,0.036144344511601645,0.1,0.0008366600265304272,0.09800000000001319,0.10199999999998965,0.003999999999976467,0.10000349993875213,0.10099999999999909,0.09900000000000375,-0.001999999999995339,0.1,2.0,-21.119460549683197,23.90072960188796,72.299
0.62458,0.7697702648193161,-0.7266,2.5221,3.2487,0.9912852450228441,-0.7266,1.1661,1.8927,-0.31642999999999993,0.4081681529712969,-1.0008,0.5455,1.5463,0.5164583100309259,0.5455,-0.8007,-1.3462,9.795565,0.18960549115202327,9.4977,10.1592,0.6615000000000002,9.797399854629798,9.9256,9.6226,-0.30299999999999905,-0.007079999999999994,0.04073051190446788,-0.0833,0.0866,0.1699,0.041341274774733296,0.0177,-0.06,-0.07769999999999999,0.0008149999999999998,0.011164599186715125,-0.0176,0.0223,0.039900000000000005,0.011194306588619056,-0.0176,-0.0172,0.00040000000000000105,-0.001055,0.012246120814364032,-0.0249,0.0226,0.0475,0.012291480789555016,0.002,0.0049,0.0029,-0.0011799999999999998,0.008238604250721114,-0.0182,0.0123,0.0305,0.008322679856873025,-0.0029,-0.0037,-0.0008000000000000004,5.499999999999008e-05,0.005414099648140941,-0.0115,0.0082,0.019700000000000002,0.005414379004096395,0.0054,0.0056,0.00019999999999999966,9.806585,3.570714214263103e-05,9.8065,9.8066,9.999999999976694e-05,9.806585000065008,9.8066,9.8066,0.0,-10.735500000000002,0.37720650842741316,-11.31,-9.87,1.4400000000000013,10.742124789816957,-10.69,-9.87,0.8200000000000003,-26.899,0.43426835021677573,-27.81,-26.31,1.5,26.902505273672933,-27.0,-26.31,0.6900000000000013,5.5805,0.4549667570273678,4.63,6.31,1.6799999999999997,5.599015538467454,5.38,4.69,-0.6899999999999995,340.96999999999997,4.6080690098999195,333.31,347.29,13.980000000000018,341.0011366549971,334.86,342.0,7.139999999999986,-83.35249999999999,0.12275483697190949,-83.52,-83.12,0.3999999999999915,83.3525903916609,-83.24,-83.52,-0.28000000000000114,-131.6115,1.2773929505050503,-133.79,-129.8,3.9899999999999807,131.61769890482054,-133.01,-129.8,3.2099999999999795,9.859232352821753,0.1842741098820851,9.540078776404313,10.180124541969022,0.6400457655647092,9.860954291269177,9.967098533174033,9.726013595507668,-0.24108493766636485,0.03655548223583559,0.025479221308853,0.001414213562373095,0.08675396244552752,0.08533974888315443,0.04455888239172971,0.02504096643502403,0.06260870546497507,0.037567739029951044,0.09994999999999976,0.0008046738469678022,0.09800000000001319,0.10199999999998965,0.003999999999976467,0.0999532390670755,0.09999999999999432,0.09999999999999432,0.0,0.09994999999999976,1.9989999999999952,-21.135081053384,23.922646147970383,72.399
0.72768,0.7182586822308519,-0.3559,2.5221,2.878,1.022454750588015,-0.1579,1.3354,1.4932999999999998,-0.348085,0.3620375592048427,-1.0008,0.1341,1.1349,0.5022293913143674,0.1341,-0.0876,-0.2217,9.79098,0.18750264958127918,9.4977,10.1592,0.6615000000000002,9.792775224827741,9.8382,9.8339,-0.004300000000000637,-0.006089999999999994,0.04155310939027306,-0.0833,0.0866,0.1699,0.04199701179846013,0.0059,0.0375,0.031599999999999996,0.0023049999999999998,0.010580806916298964,-0.0172,0.0223,0.0395,0.010828965786260478,0.0038,0.0122,0.008400000000000001,-0.0019800000000000004,0.012671724428821831,-0.0249,0.0226,0.0475,0.012825482447066074,-0.0128,-0.0165,-0.0037,-0.0011749999999999998,0.00823758914974521,-0.0182,0.0123,0.0305,0.008320967491824493,-0.0019,-0.0028,-0.0009,-0.00010000000000000994,0.005302075065481425,-0.0115,0.0082,0.019700000000000002,0.005303018008643744,0.0006,0.0023,0.0017000000000000001,9.806585,3.570714214263103e-05,9.8065,9.8066,9.999999999976694e-05,9.806585000065008,9.8066,9.8066,0.0,-10.732000000000001,0.3779365026032814,-11.31,-9.87,1.4400000000000013,10.738652615668318,-10.87,-10.62,0.25,-26.889499999999998,0.43403312085600126,-27.81,-26.31,1.5,26.893002714460874,-26.56,-26.81,-0.25,5.574,0.4586981578336673,4.63,6.31,1.6799999999999997,5.592841853655438,5.38,5.25,-0.1299999999999999,341.2265,4.398854708898674,333.31,347.29,13.980000000000018,341.25485230982434,334.6,339.99,5.389999999999986,-83.3695,0.12936286174942166,-83.58,-83.12,0.45999999999999375,83.36960036488121,-83.21,-83.58,-0.37000000000000455,-131.4325,1.3190332634168094,-133.79,-129.43,4.359999999999985,131.4391186253164,-133.18,-129.43,3.75,9.857104582136,0.18325921350232577,9.540078776404313,10.180124541969022,0.6400457655647092,9.858807974724936,9.84038080868825,9.924543119458951,0.0841623107707008,0.03744080379316475,0.025371139338266624,0.001414213562373095,0.08675396244552752,0.08533974888315443,0.04522729817267443,0.01459760254288354,0.042747397581607234,0.028149795038723696,0.09995000000000047,0.0008046738469678464,0.09800000000001319,0.10199999999998965,0.003999999999976467,0.09995323906707622,0.09900000000000375,0.10000000000000853,0.0010000000000047748,0.09995000000000047,1.9990000000000094,-21.17212829342479,23.955406166076045,72.49900000000001
0.8103149999999999,0.7065961005234885,-0.3559,2.5221,2.878,1.0751225272032952,0.2664,1.4948,1.2284,-0.396215,0.35870532094603785,-1.0008,0.0441,1.0449,0.534467803988229,-0.0267,-0.8285,-0.8018000000000001,9.79978,0.1935450221524697,9.4977,10.1592,0.6615000000000002,9.801691064505144,9.817,10.0142,0.19720000000000049,-0.007639999999999996,0.041655004501260105,-0.0833,0.0866,0.1699,0.04234984061363159,0.0006,-0.0251,-0.0257,0.002785,0.010852017093609834,-0.0172,0.0223,0.0395,0.011203682430344052,-0.0008,0.0134,0.0142,-0.0023350000000000003,0.013063279641805117,-0.0249,0.0226,0.0475,0.013270324035229887,0.001,-0.0199,-0.020900000000000002,-0.00022499999999999986,0.009144827773118529,-0.0182,0.0171,0.0353,0.009147595312430475,0.004,0.0171,0.0131,-0.0006550000000000101,0.005760857141085851,-0.0115,0.0082,0.019700000000000002,0.00579797378400419,-0.0021,-0.0105,-0.008400000000000001,9.806585,3.570714214263103e-05,9.8065,9.8066,9.999999999976694e-05,9.806585000065008,9.8066,9.8066,0.0,-10.7445,0.3863350230046456,-11.31,-9.87,1.4400000000000013,10.751443391470747,-11.06,-11.12,-0.05999999999999872,-26.899,0.4287645041278489,-27.81,-26.31,1.5,26.902416991787184,-27.44,-26.75,0.6900000000000013,5.574,0.4586981578336673,4.63,6.31,1.6799999999999997,5.592841853655438,5.88,5.38,-0.5,341.496,4.142247457600771,333.31,347.29,13.980000000000018,341.52112120628794,339.88,339.99,0.11000000000001364,-83.3865,0.12962542188938023,-83.58,-83.12,0.45999999999999375,83.38660075215923,-83.22,-83.55,-0.3299999999999983,-131.244,1.3251996076063404,-133.79,-129.41,4.3799999999999955,131.25069024580404,-133.58,-129.41,4.170000000000016,9.87303495091967,0.19460951651609443,9.540078776404313,10.180124541969022,0.6400457655647092,9.874952759684472,9.820650225417868,10.15898818436167,0.3383379589438018,0.03844699682116122,0.024838708409126654,0.001414213562373095,0.08675396244552752,0.08533974888315443,0.04577262282194455,0.001414213562373095,0.03472146310281294,0.03330724954043984,0.1,0.0007745966692378434,0.09800000000001319,0.10199999999998965,0.003999999999976467,0.10000299995500132,0.09999999999999432,0.09999999999999432,0.0,0.1,2.0,-21.22204243323995,23.96973726240769,72.599
0.83926,0.6954920972951454,-0.3559,2.5221,2.878,1.0899846810850142,0.2756,0.8453,0.5697000000000001,-0.41752500000000003,0.3486387584233858,-1.0008,0.0441,1.0449,0.5439449507992513,-0.5913,-0.4529,0.13840000000000002,9.79425,0.1945514315033431,9.4977,10.1592,0.6615000000000002,9.796182078850924,10.1592,9.7064,-0.45279999999999987,-0.0059199999999999964,0.042657878522026856,-0.0833,0.0866,0.1699,0.04306670407635114,-0.0227,0.035,0.0577,0.0028,0.010847257717967247,-0.0172,0.0223,0.0395,0.011202812146956674,0.0197,-0.0005,-0.0202,-0.002215,0.013104322760066619,-0.0249,0.0226,0.0475,0.013290203158718079,-0.0131,0.0034,0.0165,-0.001345,0.00989936740403143,-0.0184,0.0171,0.035500000000000004,0.009990320315185094,0.0123,-0.0184,-0.030699999999999998,3.9999999999989954e-05,0.006352668730541509,-0.0115,0.0118,0.0233,0.006352794660619833,-0.0115,0.0118,0.0233,9.806585,3.570714214263103e-05,9.8065,9.8066,9.999999999976694e-05,9.806585000065008,9.8066,9.8066,0.0,-10.704,0.39352763562423426,-11.31,-9.87,1.4400000000000013,10.71123148848908,-11.31,-10.25,1.0600000000000005,-26.839499999999997,0.43211659306256694,-27.81,-26.25,1.5599999999999987,26.84297831836102,-27.62,-26.25,1.370000000000001,5.5455,0.45650273821741744,4.63,6.31,1.6799999999999997,5.564257812143502,4.63,5.31,0.6799999999999997,341.71099999999996,4.164325755749669,333.31,347.29,13.980000000000018,341.7363737298095,333.31,344.18,10.870000000000005,-83.41349999999998,0.14718270958234178,-83.76,-83.12,0.6400000000000006,83.41362985148172,-83.12,-83.76,-0.6400000000000006,-130.982,1.3551110655588325,-133.79,-128.34,5.449999999999989,130.989009653482,-133.79,-128.34,5.449999999999989,9.869685357793344,0.19605349948339484,9.540078776404313,10.180124541969022,0.6400457655647092,9.871632389655725,10.180124541969022,9.753658362891333,-0.42646617907768913,0.04013470162295624,0.023368338101719486,0.012103718436910204,0.08675396244552752,0.07465024400861732,0.046442152189578804,0.03278704012258502,0.03516830959827328,0.002381269475688258,0.1,0.0007745966692378435,0.09800000000001319,0.10199999999998965,0.003999999999976467,0.10000299995500132,0.10000000000000853,0.09999999999999432,-1.4210854715202004e-14,0.1,2.0,-21.276210672172382,24.014101326294295,72.699
0.89103,0.6901234861240413,-0.3559,2.5221,2.878,1.1270336671989882,0.1855,1.311,1.1255,-0.42166999999999993,0.35116380522485513,-1.0008,0.0441,1.0449,0.5487454847194645,-0.154,-0.6742,-0.5202,9.76963,0.17719160561380998,9.4977,10.1402,0.6425000000000001,9.771236728377836,9.5697,9.6668,0.09710000000000107,-0.0017649999999999934,0.044813717486948124,-0.0833,0.0866,0.1699,0.04484846151207419,-0.0098,0.0604,0.0702,0.001125,0.010693683883489357,-0.0172,0.0223,0.0395,0.010752697336017601,-0.0102,-0.0138,-0.003599999999999999,-0.00042000000000000023,0.013923526852058714,-0.0249,0.0228,0.0477,0.013929860013654122,0.0045,0.0228,0.0183,-0.0029749999999999998,0.010197836780415737,-0.0203,0.0171,0.0374,0.010622923326467155,-0.0086,-0.0203,-0.011699999999999999,0.00149499999999999,0.006855543377442804,-0.0105,0.0176,0.0281,0.007016658749005816,0.0069999999999999,0.0176,0.0106000000000001,9.806585,3.570714214263103e-05,9.8065,9.8066,9.999999999976694e-05,9.806585000065008,9.8066,9.8066,0.0,-10.685500000000001,0.37275293426075135,-11.31,-9.87,1.4400000000000013,10.69199957912457,-10.69,-10.94,-0.25,-26.783500000000004,0.39861353464226484,-27.81,-26.25,1.5599999999999987,26.786466078973536,-27.19,-26.5,0.6900000000000013,5.5985,0.4058605055927467,4.69,6.31,1.6199999999999992,5.6131920508744395,5.44,5.69,0.25,342.4015,3.8469264029872026,334.09,347.29,13.200000000000045,342.42310968303525,334.09,347.12,13.03000000000003,-83.451,0.16238534416627712,-83.87,-83.16,0.710000000000008,83.45115799076727,-83.16,-83.87,-0.710000000000008,-130.722,1.2886295045512488,-133.51,-128.34,5.1699999999999875,130.7283513626635,-133.51,-128.59,4.9199999999999875,9.849607266723082,0.18338589726546628,9.540078776404313,10.15898818436167,0.6189094079573572,9.85131431312594,9.572736512617485,9.778562720563794,0.20582620794630913,0.04179627372985958,0.023960749201530632,0.012103718436910204,0.08675396244552752,0.07465024400861732,0.04817723528804864,0.014843517103436099,0.06601848226065182,0.05117496515721572,0.1,0.0007745966692378434,0.09800000000001319,0.10199999999998965,0.003999999999976467,0.10000299995500132,0.10199999999998965,0.10000000000000853,-0.001999999999981128,0.1,2.0,-21.33991250815768,24.054583265938646,72.799
0.9673550000000001,0.6922830912820275,-0.3559,2.5221,2.878,1.1895509970152605,-0.3559,1.712,2.0679,-0.44194000000000006,0.3468014726035632,-1.0008,0.0441,1.0449,0.5617670558158426,-0.2255,-0.5594,-0.3339,9.764899999999999,0.1836117861140727,9.4751,10.1402,0.6651000000000007,9.766626095945313,9.8346,9.4751,-0.3595000000000006,-0.005954999999999995,0.049083281012988526,-0.0936,0.0866,0.1802,0.04944320479095181,-0.0019,-0.0936,-0.0917,0.0004150000000000003,0.011832762779672379,-0.0244,0.0223,0.046700000000000005,0.011840038006695756,0.0108,-0.0244,-0.0352,0.0004749999999999999,0.014761127158858838,-0.0249,0.0228,0.0477,0.014768767721106591,-0.0171,0.0224,0.0395,-0.002605,0.010120991799226004,-0.0203,0.0171,0.0374,0.010450861208532052,-0.0068,-0.0012,0.0056,0.0008349999999999951,0.006928800401223861,-0.0105,0.0176,0.0281,0.006978932583139053,-0.0038,-0.0062,-0.0024,9.806585,3.570714214263103e-05,9.8065,9.8066,9.999999999976694e-05,9.806585000065008,9.8065,9.8066,9.999999999976694e-05,-10.673,0.376564735470543,-11.31,-9.87,1.4400000000000013,10.679640911566267,-11.31,-10.44,0.870000000000001,-26.752,0.3900461511154802,-27.81,-26.25,1.5599999999999987,26.754843299858813,-26.69,-26.56,0.13000000000000256,5.6015,0.40489844405727216,4.69,6.31,1.6199999999999992,5.616114760223477,5.31,5.5,0.1900000000000004,343.2175,3.7263573030508033,335.2,350.41,15.210000000000036,343.23772817829916,335.2,350.41,15.210000000000036,-83.48599999999998,0.17109646401957027,-83.87,-83.23,0.6400000000000006,83.48617532262453,-83.23,-83.86,-0.6299999999999955,-130.45350000000002,1.2382094935833772,-132.74,-128.14,4.600000000000023,130.4593761482861,-132.74,-128.14,4.600000000000023,9.853208433088898,0.17855719421469737,9.540078776404313,10.15898818436167,0.6189094079573572,9.854826183018146,9.84362088969298,9.644759839933807,-0.19886104975917362,0.04601849109037889,0.02617693598885705,0.012103718436910204,0.09928786431382236,0.08718414587691216,0.05294273793448918,0.020314034557418672,0.09928786431382236,0.07897382975640369,0.09995000000000047,0.0006689544080102817,0.09800000000001319,0.10099999999999909,0.002999999999985903,0.09995223859424106,0.09800000000001319,0.10099999999999909,0.002999999999985903,0.09995000000000047,1.9990000000000094,-21.406762328351817,24.093886374438952,72.9
1.01433,0.6299701842944633,0.0631,2.5221,2.459,1.1940384340547836,0.2196,0.5836,0.364,-0.4731850000000001,0.35396988046301336,-1.0008,0.0441,1.0449,0.590930385493926,-0.0073,-0.8504,-0.8431000000000001,9.770634999999999,0.18745042351245825,9.4751,10.1402,0.6651000000000007,9.772432960348207,9.6525,9.9493,0.2967999999999993,-0.007449999999999994,0.04939139095024557,-0.0936,0.0866,0.1802,0.049950095095004574,-0.0405,-0.0318,0.0087,-0.00211,0.01444669166279948,-0.0397,0.0223,0.062,0.014599965753384493,0.0111,-0.0397,-0.0508,0.002825,0.0154988991544561,-0.0249,0.0299,0.0548,0.015754253393925083,-0.0052,0.0299,0.0351,-0.0031550000000000003,0.010620568487609313,-0.0203,0.0171,0.0374,0.011079282467741312,0.0019,-0.0178,-0.0197,0.0013299999999999952,0.006933620987622552,-0.0105,0.0176,0.0281,0.0070600283285550585,-0.0024,0.0061,0.0085,9.80659,2.9999999999930076e-05,9.8065,9.8066,9.999999999976694e-05,9.806590000045889,9.8066,9.8066,0.0,-10.632499999999999,0.34838018026288464,-11.25,-9.87,1.3800000000000008,10.638205910772736,-11.06,-10.5,0.5600000000000005,-26.736,0.39872797744828486,-27.81,-26.25,1.5599999999999987,26.738973054326525,-27.62,-26.37,1.25,5.6175,0.3993479059667146,4.69,6.31,1.6199999999999992,5.631676926102917,5.69,5.63,-0.0600000000000005,344.1085,3.8317480018915684,337.51,353.02,15.509999999999991,344.1298331516754,341.15,353.02,11.870000000000005,-83.517,0.177935381529363,-83.87,-83.25,0.6200000000000045,83.5171895480206,-83.3,-83.85,-0.5499999999999972,-130.1285,1.4331129578648025,-132.5,-126.24,6.260000000000005,130.1363912401139,-132.5,-126.24,6.260000000000005,9.861158220512262,0.1814690525226327,9.540078776404313,10.15898818436167,0.6189094079573572,9.86282781290437,9.65500045054375,10.002616638160237,0.34761618761648805,0.04795293342678685,0.0256297420152086,0.012103718436910204,0.09928786431382236,0.08718414587691216,0.05437248844774349,0.042314300183271376,0.059002881285577916,0.01668858110230654,0.10004999999999953,0.0004974937185523291,0.09900000000000375,0.10099999999999909,0.001999999999995339,0.10005123687391328,0.10099999999999909,0.09999999999999432,-0.0010000000000047748,0.10004999999999953,2.0009999999999906,-21.475219156532916,24.14824155609533,73.0
1.078785,0.6110223255127427,0.0631,2.5221,2.459,1.2398085975262472,0.0631,1.5087,1.4456,-0.50526,0.3390508227390106,-1.0008,0.0441,1.0449,0.6084760701950406,-0.1342,-0.6488,-0.5146000000000001,9.794744999999999,0.2012106892662514,9.4751,10.1402,0.6651000000000007,9.79681148928058,10.1402,10.1347,-0.005499999999999616,-0.007364999999999995,0.04933587209120763,-0.0936,0.0866,0.1802,0.04988257711866939,-0.0833,-0.0388,0.0445,-0.000715,0.016808845141769852,-0.0397,0.039,0.07869999999999999,0.016824045292378405,0.0223,0.039,0.0167,0.0013850000000000002,0.017399030863815376,-0.034,0.0299,0.0639,0.01745406829366724,0.0003,-0.034,-0.034300000000000004,-0.00286,0.010836623090243566,-0.0203,0.0171,0.0374,0.011207675941068246,0.0122,0.0078,-0.004400000000000001,0.0010799999999999952,0.007150356634462364,-0.0105,0.0176,0.0281,0.007231459050565103,-0.0101,-0.0074,0.0026999999999999993,9.80659,2.9999999999930076e-05,9.8065,9.8066,9.999999999976694e-05,9.806590000045889,9.8065,9.8066,9.999999999976694e-05,-10.62,0.3371201566207514,-11.25,-9.87,1.3800000000000008,10.625349406019549,-10.87,-10.81,0.05999999999999872,-26.73,0.3860828926538961,-27.81,-26.25,1.5599999999999987,26.732788107490773,-27.12,-27.5,-0.379999999999999,5.583,0.42082181502388866,4.69,6.31,1.6199999999999992,5.598837379313673,5.56,5.0,-0.5599999999999996,344.30549999999994,3.7754489468141426,337.51,353.02,15.509999999999991,344.3261990395154,341.47,345.09,3.6199999999999477,-83.53949999999999,0.17752394204726277,-83.87,-83.25,0.6200000000000045,83.53968862163661,-83.25,-83.75,-0.5,-129.78799999999998,1.6253264287520846,-132.4,-125.69,6.710000000000008,129.79817652802367,-132.4,-125.69,6.710000000000008,9.891753260345666,0.1951954903190688,9.540078776404313,10.26690124721184,0.7268224708075266,9.893678984230284,10.1412843018032,10.26690124721184,0.12561694540863932,0.0490708077545676,0.025846089188004226,0.012103718436910204,0.09928786431382236,0.08718414587691216,0.05546137845383939,0.0862338100747033,0.06467178673888638,-0.021562023335816916,0.1,0.00044721359549891566,0.09900000000000375,0.10099999999999909,0.001999999999995339,0.10000099999500005,0.09999999999999432,0.10000000000000853,1.4210854715202004e-14,0.1,2.0,-21.557321737489858,24.195983339406908,73.10000000000001
1.1301900000000002,0.5649183249815852,0.0791,2.5221,2.443,1.2635118321567076,0.0791,1.0912,1.0121,-0.53264,0.32996945070718287,-1.0008,0.0441,1.0449,0.6265662040040142,0.0441,-0.6818,-0.7259,9.767120000000002,0.18947037921532742,9.4751,10.1347,0.6596000000000011,9.768957575862432,9.7899,9.5877,-0.2021999999999995,-0.0025599999999999946,0.04629217428464556,-0.0936,0.0866,0.1802,0.04636290543095849,0.0108,0.0128,0.002,-0.00337,0.017153982044994683,-0.0397,0.039,0.07869999999999999,0.017481876329501933,-0.0066,-0.0308,-0.0242,0.0012399999999999998,0.017419540751696067,-0.034,0.0299,0.0639,0.017463619327046726,-0.0031,-0.0026,0.0005,-0.003415,0.010323191124841195,-0.0203,0.0171,0.0374,0.010873384937543598,-0.0117,0.0011,0.0128,0.0019999999999999957,0.006829202003162591,-0.0105,0.0176,0.0281,0.007116038223618529,0.0044,0.0083,0.0039,9.806595,2.1794494717652574e-05,9.8065,9.8066,9.999999999976694e-05,9.806595000024219,9.8066,9.8066,0.0,-10.563999999999998,0.3810957884836828,-11.25,-9.75,1.5,10.570871771050863,-10.69,-9.75,0.9399999999999995,-26.701999999999998,0.3769827582264206,-27.81,-26.25,1.5599999999999987,26.704661016384385,-26.5,-26.56,-0.05999999999999872,5.5705,0.425011470433446,4.69,6.31,1.6199999999999992,5.586689986029295,5.13,5.31,0.17999999999999972,344.614,3.7832240219157023,337.51,353.02,15.509999999999991,344.6347657738551,337.51,347.64,10.129999999999995,-83.56749999999998,0.1737778754617513,-83.87,-83.37,0.5,83.56768068458045,-83.37,-83.81,-0.4399999999999977,-129.45099999999996,1.7432753655117152,-131.34,-125.66,5.680000000000007,129.4627375347826,-131.34,-125.66,5.680000000000007,9.86837168906754,0.1918845575085712,9.540078776404313,10.26690124721184,0.7268224708075266,9.870237052725734,9.790318872743624,9.673652876240702,-0.1166659965029222,0.046431869473966506,0.0245803681248377,0.012103718436910204,0.09928786431382236,0.08718414587691216,0.052536777594367166,0.013031116606031887,0.03345504446268156,0.020423927856649676,0.1,0.00044721359549891566,0.09900000000000375,0.10099999999999909,0.001999999999995339,0.10000099999500005,0.09999999999999432,0.09999999999999432,0.0,0.1,2.0,-21.647952229593457,24.25145136651055,73.2
1.175545,0.5127112096248725,0.3373,2.5221,2.1848,1.2824893104817678,0.456,0.9862,0.5302,-0.532535,0.33015324210887287,-1.0008,0.0462,1.047,0.6265737701978914,-0.1603,0.0462,0.2065,9.752200000000002,0.19861719714063023,9.4751,10.1347,0.6596000000000011,9.754222348860004,9.8089,9.4915,-0.31739999999999924,-0.0028549999999999956,0.04622484694404082,-0.0936,0.0866,0.1802,0.04631293015994561,0.0178,0.0049,-0.0129,-0.00202,0.017893171882033657,-0.0397,0.039,0.07869999999999999,0.018006832036757604,0.0101,0.0204,0.010300000000000002,0.0013250000000000002,0.017402295107255248,-0.034,0.0299,0.0639,0.0174526645530131,-0.0229,-0.0014,0.021500000000000002,-0.0023650000000000003,0.010493677858596576,-0.0203,0.0171,0.0374,0.010756881518358376,-0.0084,0.0093,0.0177,0.0017699999999999949,0.006821957197168563,-0.0105,0.0176,0.0281,0.007047836547480364,0.002,-0.0002,-0.0022,9.806595,2.1794494717652574e-05,9.8065,9.8066,9.999999999976694e-05,9.806595000024219,9.8066,9.8066,0.0,-10.5355,0.3917712980809084,-11.25,-9.75,1.5,10.542781653814139,-10.56,-10.12,0.4400000000000013,-26.7115,0.37415605033194355,-27.81,-26.25,1.5599999999999987,26.714120329892953,-26.56,-26.69,-0.13000000000000256,5.589,0.4133267472593565,4.69,6.31,1.6199999999999992,5.604262663366163,6.31,5.5,-0.8099999999999996,345.387,3.831846943707438,338.15,353.02,14.870000000000005,345.40825528640744,343.55,352.97,9.420000000000016,-83.588,0.17345316370709427,-83.87,-83.37,0.5,83.5881799658301,-83.37,-83.78,-0.4099999999999966,-129.1935,1.8237304488328325,-130.98,-125.66,5.319999999999993,129.20637149537168,-130.91,-126.19,4.719999999999999,9.855991200856803,0.20411908444159327,9.540078776404313,10.26690124721184,0.7268224708075266,9.858104642982848,9.820801968271226,9.542709108528877,-0.2780928597423493,0.04683165802111695,0.024094082406125223,0.012103718436910204,0.09928786431382236,0.08718414587691216,0.052666203584462015,0.030712538156264454,0.021026887549040633,-0.00968565060722382,0.09995000000000047,0.0004974937185520434,0.09900000000000375,0.10099999999999909,0.001999999999995339,0.09995123811139157,0.10000000000000853,0.09900000000000375,-0.0010000000000047748,0.09995000000000047,1.9990000000000094,-21.750378876755946,24.32007531311305,73.299
1.19629,0.49111669478851977,0.3373,2.5221,2.1848,1.2931764659163882,0.3373,0.8709,0.5336000000000001,-0.57278,0.33138121340836446,-1.0008,0.0462,1.047,0.6617329045770657,0.0164,-0.9652,-0.9815999999999999,9.791460000000002,0.270529997227664,9.4751,10.5941,1.1189999999999998,9.79519654784936,9.5341,10.5941,1.0599999999999987,-0.002359999999999993,0.046495595490325746,-0.0936,0.0866,0.1802,0.046555450808686186,-0.0193,0.0277,0.047,-0.0033750000000000004,0.01795006615586695,-0.0397,0.039,0.07869999999999999,0.018264596902204,-0.0012,-0.017,-0.0158,0.005085000000000001,0.019730237580931457,-0.034,0.0523,0.0863,0.020374972392619334,0.0162,0.0523,0.0361,-0.0020150000000000003,0.010402897432927041,-0.0203,0.0171,0.0374,0.010596249336439757,0.0031,-0.0014,-0.0045,0.0008749999999999947,0.007832424592678817,-0.0159,0.0176,0.0335,0.007881148393476672,-0.0013,-0.0159,-0.014600000000000002,9.80659,2.9999999999930083e-05,9.8065,9.8066,9.999999999976694e-05,9.806590000045889,9.8066,9.8065,-9.999999999976694e-05,-10.5355,0.39177129808090844,-11.25,-9.75,1.5,10.542781653814139,-11.12,-10.56,0.5599999999999987,-26.7395,0.3826287365057673,-27.81,-26.25,1.5599999999999987,26.742237471834702,-27.81,-27.12,0.6899999999999977,5.5175,0.40604033050917493,4.69,6.25,1.5599999999999996,5.532420356408215,6.13,4.88,-1.25,345.4045,3.824209035866115,338.15,353.02,14.870000000000005,345.42566956582715,343.52,343.9,0.37999999999999545,-83.603,0.16679628293220494,-83.87,-83.38,0.4900000000000091,83.60316638740424,-83.44,-83.67,-0.23000000000000398,-128.9745,1.866929230045961,-130.98,-125.66,5.319999999999993,128.9880113615215,-130.83,-126.53,4.300000000000011,9.898629452809827,0.2705663984419005,9.540078776404313,10.673567007331709,1.1334882309273961,9.902326555916039,9.540078776404313,10.673567007331709,1.1334882309273961,0.048374821460176985,0.02400045101026229,0.012103718436910204,0.09928786431382236,0.08718414587691216,0.05400134257590268,0.0252263750864051,0.061575806937465304,0.0363494318510602,0.09994999999999976,0.000497493718551972,0.09900000000000375,0.10099999999999909,0.001999999999995339,0.09995123811139085,0.09999999999999432,0.09999999999999432,0.0,0.09994999999999976,1.9989999999999952,-21.862002754367296,24.388359926935735,73.399
1.27941,0.479235708081107,0.5836,2.5221,1.9385,1.3662198988449845,0.7565,1.9997,1.2432,-0.603005,0.30258063301374727,-1.0008,0.0462,1.047,0.6746629302844495,-0.2839,-0.5881,-0.30419999999999997,9.812070000000002,0.2657983636142253,9.4751,10.5941,1.1189999999999998,9.81566943488828,10.1017,9.9463,-0.15539999999999843,-0.007214999999999995,0.052670459225262124,-0.1164,0.0866,0.203,0.05316233158919951,-0.0023,-0.1164,-0.11410000000000001,-0.00429,0.018279275149742674,-0.0397,0.039,0.07869999999999999,0.01877594205359614,0.0073,-0.0195,-0.0268,0.007200000000000001,0.02283177610261628,-0.034,0.0585,0.0925,0.02394013366712893,-0.0249,0.0585,0.0834,-0.0011849999999999999,0.011392992363729556,-0.0203,0.0197,0.039999999999999994,0.01145445328245744,-0.0019,0.0197,0.021599999999999998,0.0005099999999999948,0.008091100048819069,-0.0159,0.0176,0.0335,0.008107157331642204,-0.0045,-0.0086,-0.0041,9.80659,2.999999999993008e-05,9.8065,9.8066,9.999999999976694e-05,9.806590000045889,9.8066,9.8066,0.0,-10.4825,0.38065568431326485,-11.25,-9.75,1.5,10.48940918259937,-10.62,-10.06,0.5599999999999987,-26.701999999999998,0.30469000639994737,-27.5,-26.25,1.25,26.703738315074915,-27.0,-27.06,-0.05999999999999872,5.486,0.38096456528133943,4.69,6.25,1.5599999999999996,5.499211761698216,5.19,5.5,0.3099999999999996,345.908,4.1885099976005815,338.15,353.59,15.439999999999998,345.9333578595739,338.15,353.59,15.439999999999998,-83.6085,0.16310349475103267,-83.87,-83.38,0.4900000000000091,83.60865909102957,-83.38,-83.55,-0.1700000000000017,-128.71650000000002,1.9474862643931539,-130.98,-125.66,5.319999999999993,128.73123193304724,-130.65,-125.67,4.980000000000004,9.929743476154895,0.2632258236938582,9.542709108528877,10.673567007331709,1.130857898802832,9.933231766977954,10.133964394549647,10.162359243305662,0.02839484875601528,0.05369974974039772,0.02946585104521257,0.012103718436910204,0.13172494069081983,0.11962122225390963,0.06125275095863042,0.026049760075670562,0.13172494069081983,0.10567518061514927,0.1,0.0005477225575038897,0.09900000000000375,0.10099999999999909,0.001999999999995339,0.10000149998875017,0.09900000000000375,0.10099999999999909,0.001999999999995339,0.1,2.0,-21.97365871149519,24.441544599168964,73.5
1.2668449999999998,0.49578956975212785,0.5052,2.5221,2.0169,1.3604056569641279,0.6804,0.5052,-0.17520000000000002,-0.591315,0.3187666548982186,-1.0008,0.0462,1.047,0.6717630605354837,-0.3777,-0.0501,0.3276,9.791445,0.2584259168020885,9.4751,10.5941,1.1189999999999998,9.794854727993673,9.7917,9.6892,-0.10250000000000092,-0.010249999999999993,0.054031069765459946,-0.1164,0.0866,0.203,0.05499471792817925,-0.0568,-0.063,-0.006199999999999997,-0.004090000000000001,0.018426282859003332,-0.0397,0.039,0.07869999999999999,0.01887474503139049,0.0048,0.0113,0.0065,0.008935,0.021612433342870024,-0.034,0.0585,0.0925,0.023386566656950738,0.0179,0.0098,-0.0081,-0.00036999999999999983,0.011885078880680598,-0.0203,0.0197,0.039999999999999994,0.011890836808231789,0.0059,0.0144,0.0085,0.00030999999999999463,0.00826013922400827,-0.0159,0.0176,0.0335,0.008265954270379188,-0.0024,-0.0085,-0.006100000000000001,9.806585,3.570714214263103e-05,9.8065,9.8066,9.999999999976694e-05,9.806585000065008,9.8066,9.8065,-9.999999999976694e-05,-10.4735,0.37942423486119065,-11.25,-9.75,1.5,10.480370461009477,-10.81,-10.44,0.370000000000001,-26.720499999999998,0.33221190526529903,-27.5,-26.25,1.25,26.722565090200455,-26.44,-27.37,-0.9299999999999997,5.508,0.3759069033683739,4.69,6.25,1.5599999999999996,5.520812440212038,5.5,5.63,0.1299999999999999,346.638,4.042528416721397,339.99,353.59,13.599999999999966,346.6615713920422,344.12,352.75,8.629999999999995,-83.614,0.15704776343520493,-83.87,-83.42,0.45000000000000284,83.61414748713283,-83.43,-83.49,-0.05999999999998806,-128.4975,1.9639472370713018,-130.98,-125.66,5.319999999999993,128.51250754304036,-130.66,-126.27,4.390000000000001,9.908169811799535,0.2632855560876123,9.542709108528877,10.673567007331709,1.130857898802832,9.911667281719055,9.822575545140898,9.702491107442459,-0.12008443769843957,0.05563482640778293,0.028850868107837897,0.012103718436910204,0.13172494069081983,0.11962122225390963,0.06267061911294639,0.05974688276387313,0.06475129342337495,0.005004410659501815,0.1,0.0005477225575038897,0.09900000000000375,0.10099999999999909,0.001999999999995339,0.10000149998875017,0.09999999999999432,0.09900000000000375,-0.000999999999990564,0.1,2.0,-22.10273558105979,24.494189537809262,73.599
1.2610549999999998,0.5032248885687193,0.5052,2.5221,2.0169,1.357753660094496,0.7929,0.5646,-0.22830000000000006,-0.607315,0.3156588352557235,-1.0008,0.0462,1.047,0.6844501512162884,-0.104,-0.6977,-0.5937,9.795815000000001,0.25913128771917904,9.4751,10.5941,1.1189999999999998,9.79924183488192,9.5906,9.8791,0.2884999999999991,-0.0069049999999999945,0.053108647836298754,-0.1164,0.0866,0.203,0.05355564862831931,-0.0049,0.0101,0.015,-0.00549,0.01875835547162917,-0.0397,0.039,0.07869999999999999,0.019545229597014206,0.0093,-0.0232,-0.0325,0.009495,0.021979455748493866,-0.034,0.0585,0.0925,0.023942671112471975,0.006,0.0291,0.023100000000000002,-0.00039,0.011874843156858956,-0.0203,0.0197,0.039999999999999994,0.01188124572593295,-0.0014,0.0055,0.0069,0.0006649999999999949,0.008288562903181706,-0.0159,0.0176,0.0335,0.008315196930921115,-0.0002,0.0047,0.0049,9.806585,3.570714214263103e-05,9.8065,9.8066,9.999999999976694e-05,9.806585000065008,9.8066,9.8066,0.0,-10.433,0.38453998491704344,-11.25,-9.75,1.5,10.440084290847462,-10.25,-10.0,0.25,-26.779500000000002,0.3786881962776238,-27.62,-26.25,1.370000000000001,26.782177376008846,-26.44,-27.62,-1.1799999999999997,5.502,0.37694296650819736,4.69,6.25,1.5599999999999996,5.514897097861391,6.13,5.38,-0.75,346.71649999999994,4.007966161284299,339.99,353.59,13.599999999999966,346.73966482795134,347.12,345.69,-1.4300000000000068,-83.61500000000001,0.1559326777811507,-83.87,-83.42,0.45000000000000284,83.61514539842646,-83.44,-83.45,-0.010000000000005116,-128.30149999999998,1.933725096801508,-130.98,-125.66,5.319999999999993,128.31607146028125,-130.51,-126.74,3.769999999999996,9.913030387402006,0.2625568280286344,9.542709108528877,10.673567007331709,1.130857898802832,9.916506821935837,9.623882520583884,9.91978705719029,0.2959045366064057,0.054575603116424364,0.029068514658966184,0.012103718436910204,0.13172494069081983,0.11962122225390963,0.061834254260886824,0.012103718436910204,0.03856241693670147,0.026458698499791267,0.1,0.0005477225575038897,0.09900000000000375,0.10099999999999909,0.001999999999995339,0.10000149998875017,0.10099999999999909,0.09999999999999432,-0.0010000000000047748,0.1,2.0,-22.250087106570007,24.54161396566292,73.699
1.2458299999999998,0.5214353460401394,0.4884,2.5221,2.0337,1.3505507058233688,1.8853,0.4884,-1.3969,-0.6191000000000001,0.30069287321118865,-1.0008,0.0462,1.047,0.6882594089440406,-0.5481,-0.3397,0.20840000000000003,9.81546,0.25771829853543565,9.4751,10.5941,1.1189999999999998,9.818842789911649,9.8859,9.9835,0.09759999999999991,-0.0060549999999999935,0.053269733198130435,-0.1164,0.0866,0.203,0.05361275501221701,0.0106,0.0121,0.0014999999999999996,-0.0056549999999999994,0.01864168648486504,-0.0397,0.039,0.07869999999999999,0.019480541573580548,-0.0105,0.006,0.0165,0.00946,0.021985549799811696,-0.034,0.0585,0.0925,0.02393441037502282,0.0226,0.0053,-0.0173,-0.00068,0.011966436395184658,-0.0203,0.0197,0.039999999999999994,0.011985741529000197,0.0083,-0.0072,-0.0155,0.000554999999999995,0.008313872443091723,-0.0159,0.0176,0.0335,0.008332376611747691,-0.0029,-0.0024,0.0005,9.806585,3.570714214263103e-05,9.8065,9.8066,9.999999999976694e-05,9.806585000065008,9.8066,9.8066,0.0,-10.442499999999999,0.3822417428800784,-11.25,-9.75,1.5,10.449493528396482,-11.25,-10.44,0.8100000000000005,-26.829500000000003,0.3961751506594025,-27.62,-26.25,1.370000000000001,26.832424881102344,-26.81,-27.44,-0.6300000000000026,5.464499999999999,0.34886207876466024,4.69,6.25,1.5599999999999996,5.475624621903879,6.25,5.38,-0.8700000000000001,346.6255,4.0184194343049855,339.99,353.59,13.599999999999966,346.64879192779546,344.39,345.3,0.910000000000025,-83.6135,0.15774267019421284,-83.87,-83.41,0.46000000000000796,83.61364879611463,-83.45,-83.41,0.04000000000000625,-128.13299999999998,1.8800215424297677,-130.98,-125.66,5.319999999999993,128.14679149319346,-130.33,-127.14,3.190000000000012,9.931896764962127,0.2545360605785537,9.542709108528877,10.673567007331709,1.130857898802832,9.935157872726533,10.078977552807626,10.001210071786312,-0.07776748102131315,0.054695848101006195,0.028897044840461752,0.01450861812854691,0.13172494069081983,0.11721632256227292,0.061860124474494876,0.02708080501019126,0.01450861812854691,-0.01257218688164435,0.09995000000000047,0.0004974937185520434,0.09900000000000375,0.10099999999999909,0.001999999999995339,0.09995123811139157,0.10000000000000853,0.10000000000000853,0.0,0.09995000000000047,1.9990000000000094,-22.410957645070212,24.574419667149044,73.799
1.1851399999999999,0.5140604997468683,0.4884,2.5221,2.0337,1.2918262332837183,1.4477,0.6715,-0.7762,-0.6257900000000001,0.30052718662377287,-1.0008,0.0462,1.047,0.6942115772586913,-0.8758,-0.6819,0.19390000000000007,9.831935,0.2718396701642348,9.4751,10.5941,1.1189999999999998,9.835692281202173,9.6807,10.2154,0.5347000000000008,-0.0038049999999999968,0.0548525247823653,-0.1164,0.0866,0.203,0.05498433867930031,-0.0139999999999999,0.0556,0.0695999999999999,-0.00528,0.01861586957410263,-0.0397,0.039,0.07869999999999999,0.01935016795792739,-0.0053,-0.003,0.0023,0.009515,0.02201970197346004,-0.034,0.0585,0.0925,0.023987548853519818,0.0029,0.0237,0.0208,-0.00012499999999999995,0.012610149681903066,-0.0203,0.0197,0.039999999999999994,0.01261076920730849,0.0092,0.0194,0.0102,0.0003249999999999951,0.008468463556041316,-0.0159,0.0176,0.0335,0.0084746976347242,0.0069999999999999,-0.0075,-0.0144999999999999,9.806585,3.570714214263103e-05,9.8065,9.8066,9.999999999976694e-05,9.806585000065008,9.8065,9.8066,9.999999999976694e-05,-10.427,0.3544587423100183,-11.12,-9.75,1.3699999999999992,10.433023051829224,-10.31,-10.94,-0.629999999999999,-26.895,0.4857108193153622,-28.12,-26.25,1.870000000000001,26.89938549483984,-26.56,-28.12,-1.5600000000000023,5.411499999999999,0.3030061880556237,4.69,5.94,1.25,5.41997647596371,5.63,5.19,-0.4399999999999995,346.55349999999993,4.070393439214445,339.99,353.59,13.599999999999966,346.5774032809987,346.29,342.95,-3.340000000000032,-83.6115,0.16003983879022224,-83.87,-83.41,0.46000000000000796,83.61165316509417,-83.42,-83.41,0.010000000000005116,-127.96199999999999,1.827207158479848,-130.98,-125.66,5.319999999999993,127.97504495017768,-130.98,-126.91,4.069999999999993,9.940954458965814,0.26270102068268486,9.542709108528877,10.673567007331709,1.130857898802832,9.94442493970868,9.827452030918288,10.260131432881355,0.43267940196306753,0.056367551560727217,0.028210071447069357,0.01450861812854691,0.13172494069081983,0.11721632256227292,0.06303260267512362,0.015247950681976815,0.06051487420461187,0.04526692352263506,0.1,0.0005477225575038897,0.09900000000000375,0.10099999999999909,0.001999999999995339,0.10000149998875017,0.09999999999999432,0.10099999999999909,0.0010000000000047748,0.1,2.0,-22.573647315623575,24.62191816334267,73.9
1.1400649999999999,0.5283860049954011,0.4884,2.5221,2.0337,1.2565587827475482,1.3231,0.5462,-0.7768999999999999,-0.6286050000000001,0.30310840713348747,-1.0008,0.0462,1.047,0.6978674318951988,-0.7829999999999999,-0.9321,-0.14910000000000012,9.897094999999998,0.36723091846275685,9.4751,10.9839,1.5088000000000008,9.903905693538281,9.7162,10.9839,1.2676999999999996,-0.0026649999999999985,0.054865720399899974,-0.1164,0.0866,0.203,0.05493040596973592,0.0786,0.0088,-0.0698,-0.00413,0.01927776179954509,-0.0397,0.039,0.07869999999999999,0.019715197183898515,-0.0068,0.0177,0.0245,0.006809999999999999,0.02568419552954696,-0.0512,0.0585,0.1097,0.026571676650147615,0.0039,-0.0512,-0.0551,0.0002800000000000002,0.013026342541174019,-0.0203,0.0197,0.039999999999999994,0.01302935148040761,-0.0182,0.0173,0.035500000000000004,0.00027000000000000017,0.008428410289016548,-0.0159,0.0176,0.0335,0.008432733839034647,0.0082,0.0059,-0.002300000000000001,9.80659,2.9999999999930076e-05,9.8065,9.8066,9.999999999976694e-05,9.806590000045889,9.8066,9.8066,0.0,-10.43,0.3537089198762168,-11.12,-9.75,1.3699999999999992,10.43599587964656,-10.5,-10.37,0.13000000000000078,-26.932499999999997,0.487348694468345,-28.12,-26.25,1.870000000000001,26.93690897263456,-26.69,-27.31,-0.6199999999999974,5.4079999999999995,0.30085877085436613,4.69,5.94,1.25,5.416362247856028,5.56,5.56,0.0,346.7195,4.123613069869675,339.99,353.59,13.599999999999966,346.74402066221705,346.87,349.61,2.740000000000009,-83.61100000000002,0.1606517973755676,-83.87,-83.41,0.46000000000000796,83.61115433959753,-83.51,-83.41,0.10000000000000853,-127.83999999999999,1.6985552684561085,-130.64,-125.66,4.97999999999999,127.8512834898422,-130.6,-128.54,2.0600000000000023,10.001426953574608,0.3532220347194515,9.542709108528877,11.03690192309418,1.4941928145653023,10.007662410048612,9.83708417418495,11.03690192309418,1.1998177489092292,0.058349316011643115,0.026597928885035545,0.01450861812854691,0.13172494069081983,0.11721632256227292,0.06412559941240316,0.07898993606783082,0.05488323970029466,-0.024106696367536158,0.09995000000000047,0.0005894913061261155,0.09900000000000375,0.10099999999999909,0.001999999999995339,0.09995173835406813,0.10000000000000853,0.09900000000000375,-0.0010000000000047748,0.09995000000000047,1.9990000000000094,-22.736359850662495,24.676331236931986,73.99900000000001
1.1078649999999997,0.5358211233938057,0.4884,2.5221,2.0337,1.230637694246361,2.5221,0.6791,-1.843,-0.57899,0.3511771730907349,-1.0008,0.2093,1.2101,0.6771667645417929,-1.0008,0.2093,1.2101,9.889925000000002,0.37206095048392274,9.4751,10.9839,1.5088000000000008,9.896921029113045,9.4977,9.5728,0.07510000000000083,-0.008525000000000001,0.052060290769453066,-0.1164,0.0866,0.203,0.05275366811890904,0.0866,-0.0386,-0.1252,-0.0037750000000000006,0.019290693999957594,-0.0397,0.039,0.07869999999999999,0.019656589226007652,0.005,0.0003,-0.0047,0.0066,0.02572426869708836,-0.0512,0.0585,0.1097,0.02655744716647291,-0.0013,-0.0003,0.001,0.0003300000000000001,0.01295704827497374,-0.0203,0.0197,0.039999999999999994,0.012961249939724176,-0.0132,-0.0172,-0.004,0.0005200000000000002,0.008728722701518248,-0.0159,0.0176,0.0335,0.008744198076439029,0.0055,0.0132,0.0077,9.80659,2.9999999999930076e-05,9.8065,9.8066,9.999999999976694e-05,9.806590000045889,9.8066,9.8066,0.0,-10.442499999999999,0.3603175682644408,-11.12,-9.75,1.3699999999999992,10.44871451423571,-10.62,-10.75,-0.13000000000000078,-26.985500000000002,0.5149512112812246,-28.12,-26.25,1.870000000000001,26.99041283493085,-26.62,-27.75,-1.129999999999999,5.4079999999999995,0.30085877085436613,4.69,5.94,1.25,5.416362247856027,5.94,5.56,-0.3800000000000008,346.61899999999997,4.1431677494400345,339.99,353.59,13.599999999999966,346.64376094197917,344.03,344.86,0.8300000000000409,-83.60900000000001,0.1621388294024614,-83.87,-83.41,0.46000000000000796,83.60915721378849,-83.52,-83.47,0.04999999999999716,-127.80249999999998,1.6446302776004105,-130.64,-125.66,4.97999999999999,127.81308154879922,-130.64,-129.85,0.789999999999992,9.989529730281763,0.3624439071315691,9.542709108528877,11.03690192309418,1.4941928145653023,9.996102731464898,9.877696813528951,9.599139708328035,-0.2785571052009157,0.056329935785041696,0.026487116386142897,0.01450861812854691,0.13172494069081983,0.11721632256227292,0.062246517974903624,0.08675396244552752,0.038602331535802344,-0.04815163090972518,0.09994999999999976,0.0005894913061260553,0.09900000000000375,0.10099999999999909,0.001999999999995339,0.09995173835406741,0.09999999999999432,0.09999999999999432,0.0,0.09994999999999976,1.9989999999999952,-22.934310001465263,24.70138636847443,74.099
1.0040099999999998,0.4452919086397147,0.445,1.9997,1.5547,1.098326437813458,1.2753,0.445,-0.8303,-0.60389,0.39510977575858586,-1.4988,0.2093,1.7081,0.7216611857374623,-0.9954,-1.4988,-0.5034,9.90352,0.36232086553219645,9.4751,10.9839,1.5088000000000008,9.910145548880703,9.9543,9.7696,-0.18469999999999942,-0.011260000000000001,0.048291452659865175,-0.1164,0.0604,0.1768,0.049586812763072405,-0.0547,0.0319,0.0866,-0.00028000000000000106,0.025798325527056985,-0.0397,0.0749,0.1146,0.025799844960774473,-0.0117,0.0749,0.0866,0.0018099999999999998,0.03425431213730616,-0.0971,0.0585,0.15560000000000002,0.03430209906113618,-0.0029,-0.0971,-0.0942,-0.00039000000000000005,0.014043429068429121,-0.0276,0.0197,0.047299999999999995,0.014048843368761714,-0.0018,-0.0276,-0.0258,0.00127,0.009713295012507343,-0.0159,0.0205,0.0364,0.009795968558544888,-0.0034,0.0205,0.0239,9.806585,3.570714214263103e-05,9.8065,9.8066,9.999999999976694e-05,9.806585000065008,9.8066,9.8065,-9.999999999976694e-05,-10.433499999999999,0.358012220461816,-11.12,-9.75,1.3699999999999992,10.439640558946461,-10.25,-10.44,-0.1899999999999995,-27.042,0.5334097861869431,-28.12,-26.25,1.870000000000001,27.047260304881156,-27.0,-27.75,-0.75,5.3705,0.2780912619986467,4.69,5.88,1.1899999999999995,5.377695138253935,5.88,5.19,-0.6899999999999995,346.52599999999995,4.220393820486423,339.99,353.59,13.599999999999966,346.5516994619995,347.29,342.17,-5.1200000000000045,-83.613,0.16087572843658068,-83.87,-83.41,0.46000000000000796,83.61315476646004,-83.47,-83.6,-0.12999999999999545,-127.73949999999999,1.5565008030836367,-130.27,-125.66,4.610000000000014,127.74898259868844,-130.27,-129.38,0.8900000000000148,9.990340529873146,0.36221088908804894,9.542709108528877,11.03690192309418,1.4941928145653023,9.996904552460228,10.084904547887401,9.893912805356635,-0.19099174253076612,0.058327857206266966,0.02998297973393124,0.01450861812854691,0.13172494069081983,0.11721632256227292,0.06558290935907006,0.05601240933935979,0.12671239087003291,0.07069998153067313,0.1,0.0006324555320322019,0.09900000000000375,0.10099999999999909,0.001999999999995339,0.10000199998000041,0.09900000000000375,0.10099999999999909,0.001999999999995339,0.1,2.0,-23.18079166729315,24.658057837702515,74.2
0.9886299999999999,0.4409471023830409,0.445,1.9997,1.5547,1.0825080249125179,1.1661,0.9677,-0.1983999999999999,-0.5731200000000001,0.38730772597509594,-1.4988,0.2093,1.7081,0.6917180126323152,-0.8007,-0.38,0.42069999999999996,9.923950000000001,0.37587443847646773,9.4751,10.9839,1.5088000000000008,9.931065662656753,9.6226,10.3629,0.7402999999999995,-0.012820000000000003,0.05013816510404026,-0.1164,0.0604,0.1768,0.05175121254618098,-0.06,-0.0859,-0.025900000000000006,-0.0010850000000000015,0.02638659271296694,-0.0397,0.0749,0.1146,0.02640889054844978,-0.0172,-0.0278,-0.010599999999999998,0.004505,0.03586040260510191,-0.0971,0.0585,0.15560000000000002,0.036142267499425104,0.0049,0.051,0.046099999999999995,0.0003850000000000001,0.014368168811647503,-0.0276,0.0197,0.047299999999999995,0.014373325989484827,-0.0037,0.0137,0.0174,0.00211,0.009995443962125945,-0.0159,0.0205,0.0364,0.010215723175575972,0.0056,0.0134,0.0078000000000000005,9.806585,3.570714214263103e-05,9.8065,9.8066,9.999999999976694e-05,9.806585000065008,9.8066,9.8066,0.0,-10.4615,0.3644073956439413,-11.12,-9.75,1.3699999999999992,10.46784481161237,-9.87,-10.81,-0.9400000000000013,-27.123,0.634335084951164,-28.62,-26.25,2.370000000000001,27.130416694182934,-26.31,-28.62,-2.3100000000000023,5.3485,0.25320495650756913,4.69,5.69,1.0,5.354490171809077,4.69,5.44,0.75,346.004,4.710764693762571,336.85,353.59,16.739999999999952,346.03606650174487,342.0,336.85,-5.149999999999977,-83.631,0.16397865714781437,-83.87,-83.41,0.46000000000000796,83.6311607596116,-83.52,-83.83,-0.3100000000000023,-127.80850000000001,1.6918518699933531,-131.65,-125.66,5.990000000000009,127.81969736703338,-129.8,-131.65,-1.8499999999999943,10.006841257095804,0.3734845167945698,9.542709108528877,11.03690192309418,1.4941928145653023,10.01380859758164,9.726013595507668,10.414919092340565,0.6889054968328967,0.06071198600999663,0.03155844981493819,0.01450861812854691,0.13172494069081983,0.11721632256227292,0.06842427200928046,0.06260870546497507,0.10369498541395336,0.04108627994897829,0.10004999999999953,0.0005894913061263566,0.09900000000000375,0.10099999999999909,0.001999999999995339,0.10005173661661204,0.09999999999999432,0.09999999999999432,0.0,0.10004999999999953,2.0009999999999906,-23.463627377486347,24.57568454727891,74.3
0.9524350000000001,0.4543993576965091,0.4422,1.9997,1.5575,1.0552777859407447,1.3354,0.4422,-0.8932,-0.49593499999999996,0.4775653989507615,-1.4988,0.743,2.2418,0.6884912740914004,-0.0876,0.743,0.8306,9.968599999999999,0.3901920885922726,9.4751,10.9839,1.5088000000000008,9.976233549090558,9.8339,10.5156,0.6816999999999993,-0.015935,0.05470034986176962,-0.1223,0.0604,0.1827,0.056974138870192675,0.0375,-0.1223,-0.1598,-0.005365,0.03438380832601299,-0.1028,0.0749,0.1777,0.034799849137604026,0.0122,-0.1028,-0.115,0.009075,0.0410657019299561,-0.0971,0.0963,0.19340000000000002,0.04205647988122639,-0.0165,0.0963,0.1128,-0.0008799999999999952,0.015722073654578766,-0.0289999999999999,0.0197,0.048699999999999896,0.015746682190226603,-0.0028,-0.0289999999999999,-0.0261999999999999,0.0015900000000000005,0.010070595811569442,-0.0159,0.0205,0.0364,0.010195342073711897,0.0023,-0.0048,-0.0070999999999999995,9.80658,3.9999999999906775e-05,9.8065,9.8066,9.999999999976694e-05,9.80658000008158,9.8066,9.8065,-9.999999999976694e-05,-10.486500000000001,0.33925322400826197,-11.12,-9.75,1.3699999999999992,10.491986227592943,-10.62,-10.37,0.25,-27.204500000000003,0.6293367540514383,-28.62,-26.25,2.370000000000001,27.211778424057474,-26.81,-27.94,-1.1300000000000026,5.4045000000000005,0.22348322084666664,4.88,5.81,0.9299999999999997,5.409118689768232,5.25,5.81,0.5599999999999996,346.2645,4.625425899309161,336.85,353.59,16.739999999999952,346.2953920065931,339.99,347.21,7.21999999999997,-83.6505,0.17258258892484016,-83.91,-83.41,0.5,83.6506780307249,-83.58,-83.91,-0.3299999999999983,-127.84100000000001,1.7354765916024337,-131.65,-125.66,5.990000000000009,127.85277924237705,-129.43,-130.45,-1.0199999999999818,10.048094918597224,0.38555903939693587,9.542709108528877,11.03690192309418,1.4941928145653023,10.05548940957127,9.924543119458951,10.55108682553603,0.6265437060770793,0.06690877165189726,0.04182159461371923,0.01450861812854691,0.18654441830298757,0.17203580017444065,0.07890392575784808,0.042747397581607234,0.18654441830298757,0.14379702072138034,0.10005000000000024,0.0005894913061262963,0.09900000000000375,0.10099999999999909,0.001999999999995339,0.10005173661661275,0.10000000000000853,0.10000000000000853,0.0,0.10005000000000024,2.0010000000000048,-23.757050213115505,24.495156350854558,74.4
0.8795999999999999,0.501483870129439,-0.1213,1.9997,2.121,1.0125128305359887,1.4948,-0.1213,-1.6160999999999999,-0.49777999999999994,0.4760531804326067,-1.4988,0.743,2.2418,0.6887754053390699,-0.8285,-0.1245,0.704,9.95318,0.4011505522867942,9.4751,10.9839,1.5088000000000008,9.96126065706545,10.0142,9.5255,-0.48870000000000147,-0.019485000000000002,0.053405873038458986,-0.1223,0.0604,0.1827,0.056849384341433294,-0.0251,-0.0335,-0.008400000000000001,-0.0049650000000000015,0.03463146365662301,-0.1028,0.0749,0.1777,0.03498556130748798,0.0134,0.0202,0.006799999999999999,0.007524999999999999,0.04255962728925149,-0.0971,0.0963,0.19340000000000002,0.04321975821311359,-0.0199,-0.0475,-0.0276,-0.0014349999999999949,0.01597395614742947,-0.0289999999999999,0.0197,0.048699999999999896,0.01603828232698252,0.0171,-0.0139,-0.031,0.0014650000000000004,0.010076520977003919,-0.0159,0.0205,0.0364,0.010182460409940223,-0.0105,-0.0002,0.0103,9.80658,3.9999999999906775e-05,9.8065,9.8066,9.999999999976694e-05,9.80658000008158,9.8066,9.8066,0.0,-10.449000000000002,0.36304131996234257,-11.12,-9.75,1.3699999999999992,10.45530487360364,-11.12,-9.87,1.25,-27.201500000000003,0.6313499425833509,-28.62,-26.25,2.370000000000001,27.208825865884034,-26.75,-26.75,0.0,5.4325,0.23704166300462873,4.88,5.81,0.9299999999999997,5.4376690778310515,5.38,5.81,0.4299999999999997,346.61350000000004,4.396496645057286,336.85,353.59,16.739999999999952,346.6413817838257,339.99,346.97,6.980000000000018,-83.668,0.18203296404772562,-83.93,-83.41,0.5200000000000102,83.66819802051435,-83.55,-83.93,-0.38000000000000966,-127.90749999999998,1.818581521406175,-131.65,-125.66,5.990000000000009,127.92042759074877,-129.41,-130.76,-1.3499999999999943,10.028222053541235,0.40133541317608984,9.527085818339204,11.03690192309418,1.5098161047549752,10.036249681479632,10.15898818436167,9.527085818339204,-0.6319023660224659,0.0678481451810328,0.041477930221908314,0.01450861812854691,0.18654441830298757,0.17203580017444065,0.07952225789047995,0.03472146310281294,0.061534868164318024,0.026813405061505084,0.1,0.0006324555320322019,0.09900000000000375,0.10099999999999909,0.001999999999995339,0.1000019999800004,0.09999999999999432,0.09900000000000375,-0.000999999999990564,0.1,2.0,-24.051226539003693,24.42707698791702,74.49900000000001
0.825285,0.4906211993738142,-0.1213,1.9997,2.121,0.9601065006029279,0.8453,0.4085,-0.4368000000000001,-0.47915,0.469998366486523,-1.4988,0.743,2.2418,0.671180442951074,-0.4529,-0.4559,-0.0030000000000000027,9.968,0.408538142650108,9.4751,10.9839,1.5088000000000008,9.976368448187948,9.7064,10.3106,0.6042000000000005,-0.01426,0.05755191048088673,-0.1223,0.0794,0.2017,0.05929224232561963,0.035,0.0794,0.044399999999999995,-0.0047799999999999995,0.03473879099796077,-0.1028,0.0749,0.1777,0.035066108994298184,-0.0005,0.0171,0.0176,0.00791,0.04234407750795854,-0.0971,0.0963,0.19340000000000002,0.04307654814397272,0.0034,-0.0122,-0.015600000000000001,-0.001879999999999995,0.015570279380923122,-0.0289999999999999,0.0197,0.048699999999999896,0.01568336698544033,-0.0184,0.0082,0.0266,0.00296,0.010403191817898966,-0.0159,0.0205,0.0364,0.010816099111971933,0.0118,0.0194,0.007600000000000001,9.806574999999999,4.330127018912101e-05,9.8065,9.8066,9.999999999976694e-05,9.806575000095599,9.8066,9.8065,-9.999999999976694e-05,-10.421000000000001,0.33033165152615945,-10.94,-9.75,1.1899999999999995,10.426234219506101,-10.25,-10.56,-0.3100000000000005,-27.229499999999994,0.623068816423997,-28.62,-26.25,2.370000000000001,27.236627636328254,-26.25,-27.31,-1.0599999999999987,5.444999999999999,0.24050987505713764,4.88,5.81,0.9299999999999997,5.450309165542813,5.31,5.63,0.3200000000000003,346.75250000000005,4.225511655409317,336.85,353.59,16.739999999999952,346.77824499959627,344.18,342.77,-1.410000000000025,-83.6895,0.19194986324558988,-83.98,-83.41,0.5700000000000074,83.68972012738483,-83.76,-83.98,-0.21999999999999886,-128.03249999999997,1.9949282568553681,-131.91,-125.66,6.25,128.04804096510028,-128.34,-131.91,-3.569999999999993,10.036710417486578,0.40578207084145945,9.527085818339204,11.03690192309418,1.5098161047549752,10.044909909675646,9.753658362891333,10.328755463268555,0.5750971003772225,0.07021865515545375,0.0408672419935511,0.01450861812854691,0.18654441830298757,0.17203580017444065,0.08124525216897294,0.03516830959827328,0.08213166259123214,0.04696335299295886,0.1,0.0006324555320322019,0.09900000000000375,0.10099999999999909,0.001999999999995339,0.10000199998000041,0.09999999999999432,0.09999999999999432,0.0,0.1,2.0,-24.34394159111241,24.38483064730407,74.599
0.8078100000000001,0.4957940841720482,-0.1213,1.9997,2.121,0.9478231744370887,1.311,0.4958,-0.8151999999999999,-0.500095,0.47763377128821194,-1.4988,0.743,2.2418,0.6915410533728277,-0.6742,-0.8718,-0.1976,9.937515,0.44778402748981566,9.0967,10.9839,1.8872,9.947598449399734,9.6668,9.0967,-0.5701,-0.014820000000000003,0.05712275903700731,-0.1223,0.0794,0.2017,0.05901391361365555,0.0604,0.0238,-0.0366,-0.0022050000000000012,0.036807709450602875,-0.1028,0.0749,0.1777,0.03687369658713376,-0.0138,0.051,0.0648,0.00707,0.04259112701021188,-0.0971,0.0963,0.19340000000000002,0.04317393889836784,0.0228,-0.0134,-0.0362,-0.00027999999999999493,0.015434040300582336,-0.0289999999999999,0.0197,0.048699999999999896,0.015436579932096349,-0.0203,0.0136,0.0339,0.0019500000000000003,0.010476235010727853,-0.0159,0.0205,0.0364,0.010656171920535066,0.0176,-0.0084,-0.026000000000000002,9.806574999999999,4.330127018912101e-05,9.8065,9.8066,9.999999999976694e-05,9.806575000095599,9.8066,9.8066,0.0,-10.4115,0.33776138026719404,-10.94,-9.75,1.1899999999999995,10.416977248703194,-10.94,-10.06,0.879999999999999,-27.264000000000003,0.5858702928123257,-28.62,-26.37,2.25,27.27029409449044,-26.5,-26.94,-0.4400000000000013,5.4295,0.2580595861424255,4.88,5.81,0.9299999999999997,5.435629218407009,5.69,5.0,-0.6900000000000004,346.485,4.5377092238264884,336.85,353.59,16.739999999999952,346.5147125736511,347.12,338.83,-8.29000000000002,-83.69650000000001,0.19688257921919033,-83.98,-83.41,0.5700000000000074,83.69673156700924,-83.87,-83.9,-0.030000000000001137,-128.23049999999998,2.2014506013081476,-132.3,-125.66,6.640000000000015,128.24939576855712,-128.59,-132.3,-3.710000000000008,10.006618484201855,0.4459811886501339,9.151819697196837,11.03690192309418,1.8850822258973423,10.01655193711888,9.778562720563794,9.151819697196837,-0.6267430233669575,0.07135290280836425,0.04018785588732156,0.01450861812854691,0.18654441830298757,0.17203580017444065,0.08189200510428353,0.06601848226065182,0.057853262656482905,-0.008165219604168918,0.1,0.0006324555320322019,0.09900000000000375,0.10099999999999909,0.001999999999995339,0.1000019999800004,0.10000000000000853,0.09999999999999432,-1.4210854715202004e-14,0.1,2.0,-24.600021808900124,24.393675327661114,74.699
0.724435,0.5422003903309182,-0.3565,1.9997,2.3562,0.904868682461715,1.712,-0.3565,-2.0685,-0.49707,0.47671222566659643,-1.4988,0.743,2.2418,0.6887184700587026,-0.5594,-0.6137,-0.054300000000000015,9.942335,0.4453563273099418,9.0967,10.9839,1.8872,9.952304633123928,9.4751,9.7632,0.2881,-0.019255,0.05449333422538944,-0.1223,0.0794,0.2017,0.05779514252945485,-0.0936,-0.0283,0.0653,-0.0037449999999999996,0.0378890548179814,-0.1028,0.0749,0.1777,0.03807368513816334,-0.0244,-0.0446,-0.0202,0.007655,0.0428825194572334,-0.0971,0.0963,0.19340000000000002,0.043560412073349354,0.0224,0.0345,0.012100000000000003,0.0010600000000000047,0.014787575866246627,-0.0289999999999999,0.0197,0.048699999999999896,0.014825518540678423,-0.0012,0.0065,0.007699999999999999,0.001025,0.009851694016766863,-0.0159,0.0205,0.0364,0.00990487253830154,-0.0062,-0.0009,0.0053,9.806574999999999,4.330127018912102e-05,9.8065,9.8066,9.999999999976694e-05,9.806575000095599,9.8066,9.8066,0.0,-10.405000000000001,0.3286563554839615,-10.94,-9.75,1.1899999999999995,10.410189239394258,-10.44,-10.81,-0.370000000000001,-27.320000000000004,0.563258377656294,-28.62,-26.37,2.25,27.325805752072526,-26.56,-27.62,-1.0600000000000023,5.417,0.25109958183955616,4.88,5.81,0.9299999999999997,5.42281661131925,5.5,5.44,-0.05999999999999961,345.9175,5.09795534994178,335.77,353.59,17.819999999999993,345.9550634909106,350.41,335.77,-14.640000000000043,-83.6915,0.19365626764967003,-83.98,-83.41,0.5700000000000074,83.69172405321807,-83.86,-83.77,0.09000000000000341,-128.43199999999996,2.4005636838042865,-132.62,-125.66,6.960000000000008,128.45443289353622,-128.14,-132.62,-4.480000000000018,10.007138491953983,0.4457209629947311,9.151819697196837,11.03690192309418,1.8850822258973423,10.01705984678139,9.644759839933807,9.788962875606382,0.1442030356725752,0.07120645963520116,0.04021235638731543,0.01450861812854691,0.18654441830298757,0.17203580017444065,0.08177648500638798,0.09928786431382236,0.06308961879739011,-0.03619824551643225,0.1,0.0006324555320322019,0.09900000000000375,0.10099999999999909,0.001999999999995339,0.1000019999800004,0.10099999999999909,0.10000000000000853,-0.000999999999990564,0.1,2.0,-24.866136626410537,24.353380117790195,74.799
0.6749399999999999,0.4927144704593117,-0.3565,1.9997,2.3562,0.8356503772511564,0.5836,0.7221,0.13849999999999996,-0.37685,0.6977621661425905,-1.4988,1.845,3.3438,0.7930245664542808,-0.8504,1.845,2.6954000000000002,9.867265,0.6128356339794545,7.9737,10.9839,3.0102,9.8862776662655,9.9493,7.9737,-1.9755999999999991,-0.014905000000000002,0.05179043806534176,-0.1223,0.0794,0.2017,0.05389256442219094,-0.0318,-0.0066,0.0252,-0.0037400000000000003,0.037886335267481336,-0.1028,0.0749,0.1777,0.038070487257191754,-0.0397,-0.0243,0.0154,0.012184999999999998,0.04860449850579676,-0.0971,0.113,0.2101,0.050108597066770885,0.0299,0.113,0.08310000000000001,-0.001394999999999995,0.018554850444021363,-0.0503,0.0197,0.06999999999999999,0.01860721634205395,-0.0178,-0.0503,-0.0325,0.0018100000000000002,0.009870202632165159,-0.0159,0.0205,0.0364,0.010034789484588105,0.0061,0.0095,0.0033999999999999994,9.806564999999999,5.722761571116461e-05,9.8064,9.8066,0.00019999999999953388,9.80656500016698,9.8066,9.8064,-0.00019999999999953388,-10.411,0.33033165152615956,-10.94,-9.75,1.1899999999999995,10.416239244564231,-10.5,-10.56,-0.0600000000000005,-27.376500000000004,0.5404005458916564,-28.62,-26.37,2.25,27.38183311978948,-26.37,-27.69,-1.3200000000000003,5.3825,0.28273441601616167,4.81,5.81,1.0,5.389920685872845,5.63,4.81,-0.8200000000000003,345.22400000000005,5.375495698072875,335.77,353.59,17.819999999999993,345.265848484903,353.02,336.54,-16.47999999999996,-83.6885,0.19147519421585818,-83.98,-83.41,0.5700000000000074,83.68871904265234,-83.85,-83.8,0.04999999999999716,-128.628,2.52549915858232,-132.62,-125.66,6.960000000000008,128.65279060323564,-126.24,-132.06,-5.820000000000007,9.935708682385542,0.589388317892871,8.216163648564944,11.03690192309418,2.8207382745292353,9.953174649854187,10.002616638160237,8.216163648564944,-1.7864529895952934,0.07203064353310194,0.04094176830825946,0.01450861812854691,0.18654441830298757,0.17203580017444065,0.08285313512474951,0.059002881285577916,0.11577154227183813,0.05676866098626021,0.09994999999999976,0.0005894913061260553,0.09900000000000375,0.10099999999999909,0.001999999999995339,0.09995173835406741,0.09999999999999432,0.09999999999999432,0.0,0.09994999999999976,1.9989999999999952,-25.090452010610818,24.37032972877701,74.899
0.5479349999999998,0.7566002598962017,-1.9565,1.9997,3.9562,0.9341716745331127,1.5087,-1.9565,-3.4652,-0.33955500000000005,0.6913590741973378,-1.4988,1.845,3.3438,0.770243446904938,-0.6488,-0.1045,0.5443,9.904485000000003,0.6387452068509007,7.9737,10.9839,3.0102,9.925060128508038,10.1347,10.6937,0.5589999999999993,-0.011020000000000005,0.05327050403365825,-0.1223,0.0794,0.2017,0.05439840990323155,-0.0388,0.0459,0.0847,-0.009604999999999999,0.050107399403680884,-0.157,0.0749,0.2319,0.05101967757640183,0.039,-0.157,-0.196,0.016940000000000004,0.05441008546216409,-0.0971,0.125,0.22210000000000002,0.05698614743953131,-0.034,0.125,0.159,-0.002189999999999995,0.01955440871005819,-0.0503,0.0197,0.06999999999999999,0.019676661302162002,0.0078,-0.0337,-0.0415,0.002145,0.010120645977406778,-0.0159,0.0205,0.0364,0.01034545794056503,-0.0074,0.0128,0.020200000000000003,9.80656,5.8309518948317106e-05,9.8064,9.8066,0.00019999999999953388,9.806560000173354,9.8066,9.8065,-9.999999999976694e-05,-10.433,0.34961550308875045,-10.94,-9.75,1.1899999999999995,10.438856259188553,-10.81,-10.94,-0.129999999999999,-27.476500000000005,0.529842193487835,-28.62,-26.56,2.0600000000000023,27.48160812252442,-27.5,-28.37,-0.870000000000001,5.372999999999999,0.2774004325879828,4.81,5.81,1.0,5.38015613156347,5.0,5.44,0.4400000000000004,344.7315,5.081875908559751,335.77,353.59,17.819999999999993,344.76895532370656,345.09,343.17,-1.919999999999959,-83.6835,0.18847479937647021,-83.98,-83.41,0.5700000000000074,83.68371224437884,-83.75,-83.75,0.0,-128.665,2.495484922815605,-132.62,-125.66,6.960000000000008,128.68919795382982,-125.69,-126.98,-1.2900000000000063,9.979163244390021,0.6237557064390047,8.216163648564944,11.03690192309418,2.8207382745292353,9.998638419279898,10.26690124721184,10.871707878249858,0.6048066310380182,0.07937379947416635,0.05009406608606285,0.01450861812854691,0.20586600010686565,0.19135738197831875,0.0938595519912598,0.06467178673888638,0.20586600010686565,0.14119421336797927,0.09995000000000047,0.0005894913061261156,0.09900000000000375,0.10099999999999909,0.001999999999995339,0.09995173835406813,0.10000000000000853,0.10000000000000853,0.0,0.09995000000000047,1.9990000000000094,-25.32559071254093,24.391834988451507,74.99900000000001
0.51068,0.7261047573181159,-1.9565,1.9997,3.9562,0.8877061343710542,1.0912,0.7636,-0.3276,-0.31537,0.6885728422614414,-1.4988,1.845,3.3438,0.7573577727864156,-0.6818,-0.1651,0.5166999999999999,9.929195000000002,0.6564859194796183,7.9737,10.9839,3.0102,9.950873685787595,9.5877,10.6289,1.0412,-0.013064999999999998,0.05505293157498518,-0.1223,0.0794,0.2017,0.05658197151036715,0.0128,-0.0797,-0.0925,-0.013170000000000001,0.0490476615140824,-0.157,0.0749,0.2319,0.05078505685730794,-0.0308,-0.0323,-0.0015000000000000013,0.017145,0.054225183033347155,-0.0971,0.125,0.22210000000000002,0.05687109547037053,-0.0026,-0.0299,-0.027299999999999998,5.000000000005348e-06,0.022754636340754815,-0.0503,0.0517,0.10200000000000001,0.022754636890093403,0.0011,0.0517,0.050600000000000006,0.0030250000000000003,0.010017079165105965,-0.0159,0.0205,0.0364,0.010463866398229672,0.0083,0.0102,0.0019000000000000006,9.806549999999998,6.708203932483735e-05,9.8064,9.8066,0.00019999999999953388,9.80655000022944,9.8066,9.8064,-0.00019999999999953388,-10.4455,0.3669124554985836,-11.06,-9.75,1.3100000000000005,10.451942164019087,-9.75,-11.06,-1.3100000000000005,-27.4985,0.5394096309855807,-28.62,-26.56,2.0600000000000023,27.503790011560223,-26.56,-27.94,-1.3800000000000026,5.382499999999999,0.26754205276927956,4.81,5.81,1.0,5.389145108456442,5.31,5.19,-0.11999999999999922,344.62600000000003,5.095222664418111,335.77,353.59,17.819999999999993,344.66366383766075,347.64,342.98,-4.659999999999968,-83.691,0.1938788281375788,-83.98,-83.41,0.5700000000000074,83.69122456984364,-83.81,-83.9,-0.09000000000000341,-128.74249999999998,2.4249615976340753,-132.62,-125.66,6.960000000000008,128.76533596042066,-125.66,-127.24,-1.5799999999999983,9.998696822481456,0.6384057797351443,8.216163648564944,11.03690192309418,2.8207382745292353,10.019056846205636,9.673652876240702,10.657572809040527,0.9839199327998251,0.08069251449875148,0.05003679749812918,0.01450861812854691,0.20586600010686565,0.19135738197831875,0.09494715898856584,0.03345504446268156,0.09104608723058888,0.057591042767907316,0.1,0.0006324555320322019,0.09900000000000375,0.10099999999999909,0.001999999999995339,0.1000019999800004,0.09999999999999432,0.10099999999999909,0.0010000000000047748,0.1,2.0,-25.569633218434817,24.39640328876237,75.10000000000001
0.5093,0.7250255629976091,-1.9565,1.9997,3.9562,0.8860296592101192,0.9862,1.0636,0.07740000000000014,-0.24807499999999996,0.7147436385691025,-1.4988,1.845,3.3438,0.7565709976598364,0.0462,0.6641,0.6179,9.902040000000001,0.6808309940065889,7.9737,10.9839,3.0102,9.925418228165501,9.4915,9.0446,-0.4468999999999994,-0.014255000000000004,0.054737304235776905,-0.1223,0.0794,0.2017,0.05656304005267044,0.0049,-0.011,-0.015899999999999997,-0.012389999999999998,0.04888486371055974,-0.157,0.0749,0.2319,0.050430566128093386,0.0204,-0.0152,-0.0356,0.016210000000000002,0.0547165779266211,-0.0971,0.125,0.22210000000000002,0.05706722351753238,-0.0014,-0.0213,-0.0199,0.0020250000000000055,0.024489280818349883,-0.0503,0.0517,0.10200000000000001,0.024572861046284367,0.0093,0.0415,0.032200000000000006,0.00269,0.00994685377393274,-0.0159,0.0205,0.0364,0.010304173911575834,-0.0002,0.0016,0.0018000000000000002,9.80655,6.708203932483735e-05,9.8064,9.8066,0.00019999999999953388,9.80655000022944,9.8066,9.8066,0.0,-10.5015,0.3410465510747764,-11.06,-9.87,1.1900000000000013,10.507036451825986,-10.12,-10.87,-0.75,-27.570500000000003,0.5042962918761155,-28.62,-26.69,1.9299999999999997,27.57511169515003,-26.69,-28.0,-1.3099999999999987,5.407500000000001,0.28253982020239193,4.81,5.81,1.0,5.414876268207797,5.5,5.81,0.3099999999999996,344.38100000000003,5.062105194481838,335.77,353.59,17.819999999999993,344.418202291923,352.97,342.74,-10.230000000000018,-83.7015,0.20538439570717315,-84.02,-83.41,0.6099999999999994,83.70175198285875,-83.78,-84.02,-0.23999999999999488,-129.0505,2.405002027026174,-132.62,-125.67,6.950000000000003,129.0729080210096,-126.19,-131.82,-5.6299999999999955,9.97156938598284,0.6627059800769791,8.216163648564944,11.03690192309418,2.8207382745292353,9.993566692402666,9.542709108528877,9.131104146268402,-0.4116049622604745,0.08043903145375098,0.050287669649551885,0.01450861812854691,0.20586600010686565,0.19135738197831875,0.09486457452600523,0.021026887549040633,0.028385383562671826,0.0073584960136311925,0.1,0.0006324555320322019,0.09900000000000375,0.10099999999999909,0.001999999999995339,0.1000019999800004,0.09900000000000375,0.09999999999999432,0.000999999999990564,0.1,2.0,-25.80914420100254,24.410731276804725,75.2
0.44598499999999996,0.735825533176853,-1.9565,1.9997,3.9562,0.8604311916126705,0.8709,-0.2801,-1.151,-0.22948,0.7268921946203577,-1.4988,1.845,3.3438,0.7622554250380905,-0.9652,0.4181,1.3833,9.960854999999999,0.6935156108372758,7.9737,10.9839,3.0102,9.984968514397028,10.5941,10.6678,0.07370000000000054,-0.014135000000000003,0.05478177867685568,-0.1223,0.0794,0.2017,0.056575979885460224,0.0277,0.0073,-0.020399999999999998,-0.022165,0.05970047968819011,-0.1751,0.0749,0.25,0.06368229345744389,-0.017,-0.1751,-0.15810000000000002,0.017660000000000002,0.054614855122027,-0.0971,0.125,0.22210000000000002,0.05739911149138112,0.0523,0.0276,-0.0247,0.0013900000000000052,0.024457041930699627,-0.0503,0.0517,0.10200000000000001,0.024496509955501816,-0.0014,-0.0034,-0.002,0.0024850000000000002,0.010046057684484994,-0.0159,0.0205,0.0364,0.010348840514762994,-0.0159,-0.0043,0.011600000000000001,9.80655,6.708203932483735e-05,9.8064,9.8066,0.00019999999999953388,9.80655000022944,9.8065,9.8066,9.999999999976694e-05,-10.517500000000002,0.3301041502314081,-11.06,-9.87,1.1900000000000013,10.522679079017852,-10.56,-10.44,0.120000000000001,-27.663999999999998,0.5057311538752582,-28.62,-26.75,1.870000000000001,27.668622300360386,-27.12,-28.56,-1.4399999999999977,5.392,0.28552758185506344,4.81,5.81,1.0,5.399554611261932,4.88,5.19,0.3100000000000005,343.60299999999995,4.874507257149174,335.77,353.59,17.819999999999993,343.63757424065255,343.9,337.41,-6.489999999999952,-83.6935,0.20528699423003063,-84.02,-83.41,0.6099999999999994,83.69375176797847,-83.67,-83.62,0.04999999999999716,-129.37449999999998,2.434127102268902,-132.67,-125.67,6.999999999999986,129.39739651554046,-126.53,-132.67,-6.139999999999986,10.028417124252602,0.6721766017923778,8.216163648564944,11.03690192309418,2.8207382745292353,10.050918933212028,10.673567007331709,10.679663873924122,0.006096866592413264,0.08825829303079834,0.05254909810158244,0.01450861812854691,0.20586600010686565,0.19135738197831875,0.1027177394611077,0.061575806937465304,0.17741211908998775,0.11583631215252244,0.1,0.0006324555320322019,0.09900000000000375,0.10099999999999909,0.001999999999995339,0.1000019999800004,0.09999999999999432,0.09900000000000375,-0.000999999999990564,0.1,2.0,-26.05533020095561,24.425006925355007,75.299
0.397885,0.7379166499510632,-1.9565,1.9997,3.9562,0.8383516299858909,1.9997,-0.0911,-2.0908,-0.27413,0.7949533861177019,-1.8582,1.845,3.7032,0.8408912789415764,-0.5881,-1.8582,-1.2701000000000002,9.95938,0.6921973465710483,7.9737,10.9839,3.0102,9.983405588825889,9.9463,10.5646,0.6182999999999996,-0.011205000000000007,0.0583892924687395,-0.1223,0.0863,0.2086,0.05945470124388819,-0.1164,0.0863,0.2027,-0.027005,0.06292246399339428,-0.1751,0.0749,0.25,0.0684726697303384,-0.0195,-0.1138,-0.0943,0.01777,0.05468668119387023,-0.0971,0.125,0.22210000000000002,0.057501356505738184,0.0585,0.0545,-0.0040000000000000036,-0.0005449999999999945,0.026078429304695474,-0.0503,0.0517,0.10200000000000001,0.0260841235237069,0.0197,-0.0401,-0.05979999999999999,0.004305000000000001,0.009845683064165738,-0.0086,0.0205,0.0291,0.010745720078245105,-0.0086,0.0205,0.0291,9.80655,6.708203932483735e-05,9.8064,9.8066,0.00019999999999953388,9.80655000022944,9.8066,9.8065,-9.999999999976694e-05,-10.520500000000002,0.330748771728634,-11.06,-9.87,1.1900000000000013,10.525697839098365,-10.06,-10.62,-0.5599999999999987,-27.714,0.4988627065636398,-28.62,-26.75,1.870000000000001,27.718489497084793,-27.06,-28.12,-1.0600000000000023,5.417,0.2603862515571817,4.81,5.81,1.0,5.423254557919995,5.5,5.38,-0.1200000000000001,343.2755,5.060054816896745,335.77,353.59,17.819999999999993,343.31279186042576,353.59,337.35,-16.239999999999952,-83.695,0.20521939479493803,-84.02,-83.41,0.6099999999999994,83.69525159768624,-83.55,-83.7,-0.15000000000000568,-129.61549999999997,2.378542568464984,-132.67,-125.67,6.999999999999986,129.63732219156643,-125.67,-131.35,-5.679999999999993,10.031096815706032,0.674844740242013,8.216163648564944,11.03690192309418,2.8207382745292353,10.053771369466286,10.162359243305662,10.727160836400282,0.5648015930946197,0.09282286254723125,0.05397860861987658,0.01450861812854691,0.20586600010686565,0.19135738197831875,0.10737678520052647,0.13172494069081983,0.15286719726612377,0.02114225657530394,0.1,0.0006324555320322019,0.09900000000000375,0.10099999999999909,0.001999999999995339,0.10000199998000041,0.10099999999999909,0.09999999999999432,-0.0010000000000047748,0.1,2.0,-26.235340827954403,24.49636184177531,75.399
0.3166650000000001,0.6400462743231929,-1.9565,1.0636,3.0201000000000002,0.7140980013275489,0.5052,0.3753,-0.12989999999999996,-0.32272,0.8410239381848771,-1.8582,1.845,3.7032,0.9008159984147707,-0.0501,-1.5599,-1.5098,9.987985,0.7028054739933376,7.9737,10.9839,3.0102,10.012680954394781,9.6892,10.5184,0.8292000000000002,-0.008380000000000002,0.05446640799612179,-0.1223,0.0863,0.2086,0.05510729534281283,-0.063,-0.0599,0.0030999999999999986,-0.029279999999999994,0.06343047847840973,-0.1751,0.0749,0.25,0.06986232174784918,0.0113,-0.065,-0.0763,0.015584999999999998,0.05388277345311765,-0.0971,0.125,0.22210000000000002,0.05609140308460825,0.0098,0.0148,0.005000000000000001,0.0004450000000000051,0.02718071880947963,-0.0503,0.0517,0.10200000000000001,0.02718436131307851,0.0144,0.0395,0.0251,0.003655000000000001,0.011033651933970002,-0.0216,0.0205,0.0421,0.0116232740654258,-0.0085,-0.0216,-0.0131,9.806545,6.689544080114235e-05,9.8064,9.8066,0.00019999999999953388,9.806545000228164,9.8065,9.8065,0.0,-10.5645,0.3250457660084193,-11.06,-9.87,1.1900000000000013,10.569499278584582,-10.44,-10.94,-0.5,-27.811,0.5484149888542434,-29.0,-26.75,2.25,27.816406669446,-27.37,-29.0,-1.629999999999999,5.369999999999999,0.31932741817764404,4.56,5.81,1.25,5.379486034929359,5.63,4.56,-1.0700000000000003,342.38800000000003,4.718197325250397,335.77,352.75,16.980000000000018,342.42050746122084,352.75,335.84,-16.910000000000025,-83.697,0.20398774472992381,-84.02,-83.41,0.6099999999999994,83.69724858082255,-83.49,-83.59,-0.10000000000000853,-129.94050000000001,2.2582658723011337,-132.67,-126.27,6.3999999999999915,129.9601219797827,-126.27,-132.17,-5.8999999999999915,10.054981853203344,0.6874047168527677,8.216163648564944,11.03690192309418,2.8207382745292353,10.078451533494617,9.702491107442459,10.640059993251917,0.9375688858094584,0.09071770076070775,0.053236287142236764,0.01450861812854691,0.20586600010686565,0.19135738197831875,0.10518461627063151,0.06475129342337495,0.08962170496034987,0.024870411536974918,0.09995000000000047,0.0005894913061261155,0.09900000000000375,0.10099999999999909,0.001999999999995339,0.09995173835406813,0.09900000000000375,0.10000000000000853,0.0010000000000047748,0.09995000000000047,1.9990000000000094,-26.42212033364777,24.54069882341031,75.49900000000001
0.30706,0.6385846383996409,-1.9565,1.0636,3.0201000000000002,0.7085733441218348,0.5646,0.3131,-0.2515,-0.31446,0.844465080035877,-1.8582,1.845,3.7032,0.9011139567224559,-0.6977,0.1151,0.8128,10.006505,0.6995608304322076,7.9737,10.9839,3.0102,10.030928554750053,9.8791,10.0596,0.18050000000000033,-0.006574999999999999,0.05321009185295587,-0.1223,0.0863,0.2086,0.05361477874616289,0.0101,-0.0269,-0.037,-0.032084999999999995,0.06281133874548449,-0.1751,0.0749,0.25,0.07053163474640298,-0.0232,-0.0448,-0.0216,0.015889999999999998,0.05386642646398589,-0.0971,0.125,0.22210000000000002,0.056161232180214855,0.0291,0.0159,-0.0132,0.00036500000000000605,0.027141854671337395,-0.0503,0.0517,0.10200000000000001,0.027144308795767846,0.0055,0.0128,0.007300000000000001,0.00332,0.011489891209232574,-0.0216,0.0205,0.0421,0.011959933110180843,0.0047,-0.0152,-0.0199,9.80655,6.708203932483735e-05,9.8064,9.8066,0.00019999999999953388,9.80655000022944,9.8066,9.8066,0.0,-10.602,0.3507648785155093,-11.19,-9.87,1.3200000000000003,10.607800903108995,-10.0,-11.19,-1.1899999999999995,-27.898500000000002,0.607497119334734,-29.12,-26.75,2.370000000000001,27.905113420303458,-27.62,-29.12,-1.5,5.3355,0.32656507774102234,4.56,5.81,1.25,5.345484543051265,5.38,4.94,-0.4399999999999995,341.59700000000004,4.213862954582174,335.77,349.61,13.840000000000032,341.62298963916345,345.69,336.93,-8.759999999999991,-83.7055,0.1986573683506365,-84.02,-83.41,0.6099999999999994,83.7057357353724,-83.45,-83.66,-0.20999999999999375,-130.1985,2.1143563441388022,-132.67,-126.74,5.929999999999993,130.2156668953471,-126.74,-131.43,-4.690000000000012,10.073113772652956,0.6826339727037548,8.216163648564944,11.03690192309418,2.8207382745292353,10.096217619361223,9.91978705719029,10.065129496434707,0.14534243924441803,0.09021118900004807,0.05352832314950289,0.01450861812854691,0.20586600010686565,0.19135738197831875,0.10489680643375182,0.03856241693670147,0.05462105821018117,0.016058641273479703,0.1,0.0005477225575038896,0.09900000000000375,0.10099999999999909,0.001999999999995339,0.10000149998875017,0.09999999999999432,0.09999999999999432,0.0,0.1,2.0,-26.638998120465843,24.563093694577518,75.599
0.23378500000000005,0.6870685120677559,-1.9565,1.0636,3.0201000000000002,0.7257537919294671,0.4884,-0.9009,-1.3893,-0.28602000000000005,0.8406488081238205,-1.8582,1.845,3.7032,0.8879740193271422,-0.3397,-0.1289,0.21080000000000002,9.997270000000002,0.7023951488300584,7.9737,10.9839,3.0102,10.021914308055123,9.9835,9.6944,-0.28909999999999947,-0.003855,0.055340721670393854,-0.1223,0.0863,0.2086,0.055474827624788524,0.0121,0.0645,0.0524,-0.03751,0.06639310129825236,-0.1751,0.0749,0.25,0.07625643579397086,0.006,-0.1317,-0.13770000000000002,0.01849,0.05566618273242741,-0.0971,0.125,0.22210000000000002,0.0586566620257239,0.0053,0.0811,0.0758,-0.0012849999999999945,0.027775209720180324,-0.0503,0.0517,0.10200000000000001,0.02780491862962378,-0.0072,-0.0275,-0.0203,0.0031750000000000016,0.011489859659717347,-0.0216,0.0205,0.0421,0.011920465594933781,-0.0024,0.0018,0.0042,9.806549999999998,6.708203932483735e-05,9.8064,9.8066,0.00019999999999953388,9.80655000022944,9.8066,9.8066,0.0,-10.6705,0.36015933973728903,-11.37,-9.87,1.5,10.67657646439157,-10.44,-11.37,-0.9299999999999997,-28.005000000000003,0.7247309845728965,-29.75,-26.75,3.0,28.014375952357035,-27.44,-29.75,-2.3099999999999987,5.328999999999999,0.3269082440073972,4.56,5.81,1.25,5.33901769991447,5.38,5.25,-0.1299999999999999,341.20050000000003,4.183052085499297,335.77,349.61,13.840000000000032,341.22614074100477,345.3,337.76,-7.5400000000000205,-83.7125,0.19188212527486895,-84.02,-83.41,0.6099999999999994,83.71271991161201,-83.41,-83.59,-0.18000000000000682,-130.38799999999998,1.9601086704568196,-132.67,-126.91,5.759999999999991,130.40273221830898,-127.14,-130.53,-3.3900000000000006,10.063975596694558,0.6858410986784332,8.216163648564944,11.03690192309418,2.8207382745292353,10.087317920215463,10.001210071786312,9.737023538022285,-0.26418653376402723,0.09666196277004642,0.05467695541489268,0.01450861812854691,0.20586600010686565,0.19135738197831875,0.11105451138967745,0.01450861812854691,0.16757789233666834,0.15306927420812144,0.1,0.0005477225575038897,0.09900000000000375,0.10099999999999909,0.001999999999995339,0.10000149998875017,0.10000000000000853,0.09999999999999432,-1.4210854715202004e-14,0.1,2.0,-26.840211467865288,24.584252176146734,75.699
0.14899,0.7519951003164848,-1.9565,1.0636,3.0201000000000002,0.7666124516338096,0.6715,-1.2075,-1.879,-0.334285,0.8695589935565039,-1.8582,1.845,3.7032,0.9316003995812797,-0.6819,-1.305,-0.6231,10.01916,0.7084210361077654,7.9737,10.9839,3.0102,10.044173807237707,10.2154,10.4213,0.20589999999999975,-0.0009550000000000003,0.057575380806382866,-0.1223,0.0863,0.2086,0.05758330053062259,0.0556,0.0701,0.014499999999999999,-0.045595,0.07033110602713426,-0.1751,0.0749,0.25,0.08381747132907315,-0.003,-0.1557,-0.1527,0.021920000000000002,0.05684869039828446,-0.0971,0.125,0.22210000000000002,0.06092831853908329,0.0237,0.0739,0.050199999999999995,-0.002539999999999994,0.02856981624022107,-0.0503,0.0517,0.10200000000000001,0.028682503377494787,0.0194,-0.0323,-0.0517,0.004455,0.012201412828029385,-0.0216,0.0232,0.0448,0.012989284044934888,-0.0075,0.0232,0.030699999999999998,9.806545,6.689544080114235e-05,9.8064,9.8066,0.00019999999999953388,9.806545000228164,9.8066,9.8065,-9.999999999976694e-05,-10.711,0.3771060858697457,-11.37,-9.87,1.5,10.717636399878472,-10.94,-11.25,-0.3100000000000005,-28.114000000000004,0.7923408357518879,-29.75,-26.75,3.0,28.125163110638134,-28.12,-29.62,-1.5,5.3725,0.38374307811346897,4.56,6.25,1.6900000000000004,5.386187427113914,5.19,6.25,1.0599999999999996,341.235,4.219408133850057,335.77,349.61,13.840000000000032,341.2610857246985,342.95,345.99,3.0400000000000205,-83.723,0.18044666802133077,-84.02,-83.41,0.6099999999999994,83.72319445649455,-83.41,-83.62,-0.21000000000000796,-130.473,1.851253899388196,-132.67,-126.91,5.759999999999991,130.48613286476078,-126.91,-128.84,-1.9300000000000068,10.092508923328412,0.6944530639549551,8.216163648564944,11.03690192309418,2.8207382745292353,10.116372938237301,10.260131432881355,10.571876604463373,0.3117451715820181,0.1052394494167311,0.054572184182633716,0.028385383562671826,0.20586600010686565,0.17748061654419384,0.11854731123057999,0.06051487420461187,0.1860583510622407,0.12554347685762882,0.10004999999999953,0.0005894913061263566,0.09900000000000375,0.10099999999999909,0.001999999999995339,0.10005173661661204,0.10099999999999909,0.10099999999999909,0.0,0.10004999999999953,2.0009999999999906,-27.025279856141225,24.601854884380913,75.8
0.11952500000000002,0.7424288887664596,-1.9565,1.0636,3.0201000000000002,0.7519886172675755,0.5462,0.0822,-0.464,-0.33345,0.8692327499007386,-1.8582,1.845,3.7032,0.9309964962340084,-0.9321,-0.6652,0.2669,10.014145000000001,0.707368313875452,7.9737,10.9839,3.0102,10.039097071574716,10.9839,10.1151,-0.8688000000000002,-0.006739999999999999,0.05741464447333972,-0.1223,0.0863,0.2086,0.05780890069876783,0.0088,-0.0601,-0.0689,-0.050415,0.07054972909232182,-0.1751,0.0749,0.25,0.08671180138827701,0.0177,-0.0994,-0.11710000000000001,0.019254999999999998,0.057941595378449846,-0.0971,0.125,0.22210000000000002,0.061057214970877925,-0.0512,-0.0296,0.0216,-0.0024599999999999947,0.028633309274339904,-0.0503,0.0517,0.10200000000000001,0.028738789118541504,0.0173,0.021,0.003700000000000002,0.004805,0.01195129595483268,-0.0216,0.0232,0.0448,0.012881051975673415,0.0059,-0.0005,-0.0063999999999999994,9.806545000000002,6.689544080114236e-05,9.8064,9.8066,0.00019999999999953388,9.806545000228164,9.8066,9.8066,0.0,-10.77,0.48514946150645155,-12.12,-9.87,2.25,10.780921574707795,-10.37,-12.12,-1.75,-28.185999999999996,0.8527391160255285,-29.75,-26.75,3.0,28.198896432307418,-27.31,-29.56,-2.25,5.4505,0.4841329879279039,4.56,6.75,2.1900000000000004,5.4719589727994125,5.56,6.75,1.1900000000000004,341.4855,4.45588091739445,335.77,349.61,13.840000000000032,341.51457009181905,349.61,347.96,-1.650000000000034,-83.7275,0.17357635207596753,-84.02,-83.41,0.6099999999999994,83.72767992127812,-83.41,-83.5,-0.09000000000000341,-130.592,1.6876628810280805,-132.67,-126.98,5.6899999999999835,130.6029045235978,-128.54,-129.29,-0.75,10.086366475217464,0.693485902242599,8.216163648564944,11.03690192309418,2.8207382745292353,10.110178602230526,11.03690192309418,10.137282470662441,-0.8996194524317378,0.10820714587054654,0.053665655521481025,0.028385383562671826,0.20586600010686565,0.17748061654419384,0.12078405937871106,0.05488323970029466,0.11986880328092044,0.06498556358062577,0.09994999999999976,0.0005894913061260553,0.09900000000000375,0.10099999999999909,0.001999999999995339,0.09995173835406743,0.09900000000000375,0.09900000000000375,0.0,0.09994999999999976,1.9989999999999952,-27.211650452333004,24.623281450306578,75.899
0.08025000000000002,0.7395899678200077,-1.9565,1.0636,3.0201000000000002,0.7439310337658995,0.6791,-0.2393,-0.9184000000000001,-0.352235,0.8858676550563295,-1.8582,1.845,3.7032,0.953326280714006,0.2093,-1.3078,-1.5171000000000001,9.951345,0.6734253213794383,7.9737,10.6937,2.7199999999999998,9.97410492086884,9.5728,9.7279,0.15509999999999913,-0.008339999999999997,0.05740516875682886,-0.1223,0.0863,0.2086,0.05800783567760479,-0.0386,-0.0232,0.015400000000000004,-0.056945,0.06998470886558006,-0.1751,0.0749,0.25,0.09022523205844361,0.0003,-0.1129,-0.1132,0.01881,0.05851235681460797,-0.0971,0.125,0.22210000000000002,0.06146146760369459,-0.0003,-0.0601,-0.0598,-0.002209999999999994,0.02882592409620201,-0.0503,0.0517,0.10200000000000001,0.028910517117478194,-0.0172,0.0223,0.0395,0.003755,0.01270753614986005,-0.0216,0.0232,0.0448,0.01325071696173456,0.0132,-0.0151,-0.0283,9.80654,6.63324958069534e-05,9.8064,9.8066,0.00019999999999953388,9.806540000224341,9.8066,9.8065,-9.999999999976694e-05,-10.845,0.5312673526577741,-12.12,-9.87,2.25,10.858004881192494,-10.75,-11.87,-1.1199999999999992,-28.282999999999998,0.8578991782255068,-29.75,-26.75,3.0,28.296008199037544,-27.75,-29.25,-1.5,5.513,0.5677067905177813,4.56,6.81,2.25,5.542153011240306,5.56,6.81,1.25,341.26800000000003,4.1496428762003115,335.77,347.96,12.189999999999998,341.2932278261613,344.86,345.26,0.39999999999997726,-83.722,0.18492160501142169,-84.02,-83.3,0.7199999999999989,83.7222042232525,-83.47,-83.3,0.1700000000000017,-130.73250000000002,1.6268554791375907,-132.67,-126.98,5.6899999999999835,130.74262202893135,-129.85,-131.35,-1.5,10.025437980279293,0.6600201940648461,8.216163648564944,10.871707878249858,2.6555442296849137,10.047140556048772,9.599139708328035,9.818332024330813,0.21919231600277733,0.11196234154610103,0.05241610034630791,0.028385383562671826,0.20586600010686565,0.17748061654419384,0.12362448584321796,0.038602331535802344,0.1299871532113847,0.09138482167558237,0.10004999999999953,0.0005894913061263566,0.09900000000000375,0.10099999999999909,0.001999999999995339,0.10005173661661204,0.09999999999999432,0.10099999999999909,0.0010000000000047748,0.10004999999999953,2.0009999999999906,-27.37315614371333,24.645715097850186,76.0
0.00661500000000001,0.7495470847618579,-1.9565,1.0636,3.0201000000000002,0.7495762739708348,0.445,-0.7936,-1.2386,-0.4005300000000001,0.8802491522858741,-1.8582,1.845,3.7032,0.9670898877560452,-1.4988,-0.7566,0.7421999999999999,9.939530000000001,0.6819816508528657,7.9737,10.6937,2.7199999999999998,9.962898955274012,9.7696,9.3365,-0.4331000000000014,-0.0034999999999999988,0.058715611212010715,-0.1223,0.0863,0.2086,0.058819835089874234,0.0319,0.0582,0.026300000000000004,-0.063345,0.07030905684902906,-0.1751,0.0749,0.25,0.09463589435304133,0.0749,-0.1277,-0.2026,0.0172,0.059451492832392365,-0.0971,0.125,0.22210000000000002,0.06188957909050602,-0.0971,-0.0325,0.0646,-0.0013449999999999942,0.028621975386056073,-0.0503,0.0517,0.10200000000000001,0.028653559988245786,-0.0276,0.0001,0.0277,0.0036300000000000004,0.012626048471315165,-0.0216,0.0232,0.0448,0.013137503568029962,0.0205,0.0107,-0.009800000000000001,9.806540000000002,6.63324958069534e-05,9.8064,9.8066,0.00019999999999953388,9.806540000224341,9.8065,9.8066,9.999999999976694e-05,-10.8885,0.556716040724533,-12.12,-9.87,2.25,10.902722825056133,-10.44,-11.62,-1.1799999999999997,-28.326500000000003,0.8518055822780217,-29.75,-26.75,3.0,28.339304419833596,-27.75,-28.62,-0.870000000000001,5.5755,0.6343380407952843,4.56,6.81,2.25,5.611469058989811,5.19,6.81,1.6199999999999992,341.1875,4.094428989492917,335.77,347.96,12.189999999999998,341.2120667634719,342.17,343.25,1.079999999999984,-83.714,0.19860513588525383,-84.02,-83.3,0.7199999999999989,83.71423558750327,-83.6,-83.31,0.28999999999999204,-130.884,1.677901665771865,-132.88,-126.98,5.8999999999999915,130.8947547077422,-129.38,-132.88,-3.5,10.015514176590525,0.6678014772477091,8.216163648564944,10.871707878249858,2.6555442296849137,10.037752887698522,9.893912805356635,9.400663634552615,-0.4932491708040203,0.11723479048445898,0.050020489802330106,0.028385383562671826,0.20586600010686565,0.17748061654419384,0.12745997607092197,0.12671239087003291,0.14405131030296114,0.01733891943292823,0.1,0.0006324555320322019,0.09900000000000375,0.10099999999999909,0.001999999999995339,0.10000199998000041,0.10099999999999909,0.09900000000000375,-0.001999999999995339,0.1,2.0,-27.52267522406393,24.663410505957444,76.099
-0.05370999999999998,0.7603109159416297,-1.9565,1.0636,3.0201000000000002,0.7622056500708979,0.9677,-0.7615,-1.7292,-0.39817,0.8773599934462478,-1.8582,1.845,3.7032,0.9634832157334139,-0.38,-1.4516,-1.0716,9.977985,0.692911689376792,7.9737,10.6937,2.7199999999999998,10.002015360391125,10.3629,10.5387,0.17580000000000062,-0.0009099999999999983,0.06130537415267931,-0.1223,0.0863,0.2086,0.06131212767471049,-0.0859,0.0837,0.1696,-0.073825,0.0642847250519126,-0.1751,0.051,0.2261,0.09789104402344477,-0.0278,-0.1347,-0.1069,0.021195000000000002,0.05407830872910136,-0.0601,0.125,0.1851,0.058083487326433834,0.051,-0.0172,-0.0682,-0.00023999999999999304,0.028007024118959868,-0.0503,0.0517,0.10200000000000001,0.028008052413547067,0.0137,-0.0055,-0.019200000000000002,0.002765,0.012018663611233988,-0.0216,0.0232,0.0448,0.012332619348702853,0.0134,0.0032,-0.0102,9.806545000000002,6.689544080114236e-05,9.8064,9.8066,0.00019999999999953388,9.806545000228164,9.8066,9.8066,0.0,-10.951,0.5727905376313402,-12.12,-9.87,2.25,10.965969633370321,-10.81,-11.69,-0.879999999999999,-28.3825,0.8488749907966424,-29.75,-26.75,3.0,28.39519140629272,-28.62,-28.87,-0.25,5.6225,0.6388417253123029,4.56,6.81,2.25,5.658676965510578,5.44,6.13,0.6899999999999995,340.92500000000007,4.190197489379227,335.77,347.96,12.189999999999998,340.9507491999395,336.85,336.92,0.06999999999999318,-83.702,0.2119339519756099,-84.02,-83.3,0.7199999999999989,83.70226830857094,-83.83,-83.36,0.46999999999999886,-131.1085,1.7600178266142648,-133.87,-126.98,6.890000000000001,131.12031282375742,-131.65,-133.87,-2.219999999999999,10.05408962709173,0.6817993839146886,8.216163648564944,10.871707878249858,2.6555442296849137,10.077180589306714,10.414919092340565,10.66542181538077,0.2505027230402046,0.11887501258933526,0.05083558184859681,0.028385383562671826,0.20586600010686565,0.17748061654419384,0.12928853390769038,0.10369498541395336,0.1595168329675586,0.05582184755360525,0.09994999999999976,0.0005894913061260553,0.09900000000000375,0.10099999999999909,0.001999999999995339,0.09995173835406741,0.09999999999999432,0.09999999999999432,0.0,0.09994999999999976,1.9989999999999952,-27.653802521655066,24.686744502045883,76.199
-0.15829500000000002,0.7564699475028733,-1.9565,1.0636,3.0201000000000002,0.7728545066828556,0.4422,-1.124,-1.5662,-0.42432500000000006,0.8841988927130593,-1.8582,1.845,3.7032,0.9807443028129198,0.743,-0.9031,-1.6461000000000001,9.95719,0.6872657440175526,7.9737,10.6937,2.7199999999999998,9.980880066356873,10.5156,9.947,-0.5686,-0.0010349999999999984,0.061480836648503734,-0.1223,0.0863,0.2086,0.06148954789230443,-0.1223,-0.0884,0.0339,-0.07947,0.06494888836616067,-0.1751,0.051,0.2261,0.1026344922528484,-0.1028,-0.1407,-0.03789999999999999,0.019325000000000002,0.05366035664249726,-0.0601,0.125,0.1851,0.05703410821604911,0.0963,0.0136,-0.0827,-0.0014499999999999947,0.027901191730820382,-0.0503,0.0517,0.10200000000000001,0.027938843927406868,-0.0289999999999999,-0.0105,0.0184999999999999,0.0026050000000000005,0.011896700172736975,-0.0216,0.0232,0.0448,0.01217856723921168,-0.0048,0.0102,0.015,9.806540000000002,6.63324958069534e-05,9.8064,9.8066,0.00019999999999953388,9.806540000224341,9.8065,9.8065,0.0,-10.9635,0.572304770205526,-12.12,-9.87,2.25,10.978427255303922,-10.37,-11.06,-0.6900000000000013,-28.351499999999998,0.8509540234348738,-29.75,-26.75,3.0,28.364267573833104,-27.94,-28.0,-0.05999999999999872,5.644499999999999,0.6397536635299558,4.56,6.81,2.25,5.680639488649143,5.81,5.88,0.07000000000000028,341.0375,4.108691853862977,335.77,347.96,12.189999999999998,341.0622490909834,347.21,339.1,-8.109999999999957,-83.6815,0.21829509843329087,-84.02,-83.3,0.7199999999999989,83.68178472642659,-83.91,-83.42,0.4899999999999949,-131.233,1.878031149901406,-134.14,-126.98,7.159999999999982,131.246437246883,-130.45,-134.14,-3.6899999999999977,10.035891616978509,0.676764233142158,8.216163648564944,10.871707878249858,2.6555442296849137,10.058684326242673,10.55108682553603,10.05095889007611,-0.5001279354599202,0.12202633103669266,0.051742318596324006,0.028385383562671826,0.20586600010686565,0.17748061654419384,0.13254317409810285,0.18654441830298757,0.16672135436110155,-0.019823063941886016,0.1,0.0006324555320322019,0.09900000000000375,0.10099999999999909,0.001999999999995339,0.10000199998000041,0.10000000000000853,0.10099999999999909,0.000999999999990564,0.1,2.0,-27.775430411321594,24.70103449806774,76.3
-0.24591,0.7828623243585042,-1.9565,1.0636,3.0201000000000002,0.8205761067688969,-0.1213,-1.3101,-1.1888,-0.4724400000000001,0.8446668031833616,-1.8582,1.845,3.7032,0.9678127721827192,-0.1245,-0.2193,-0.0948,9.94395,0.6788800781434082,7.9737,10.6937,2.7199999999999998,9.967096857310056,9.5255,10.2508,0.7253000000000007,0.002355000000000001,0.05635660098870407,-0.0884,0.0863,0.17470000000000002,0.05640578427785576,-0.0335,-0.0545,-0.020999999999999998,-0.08025,0.06531701539415284,-0.1751,0.051,0.2261,0.10347161446503095,0.0202,-0.1184,-0.1386,0.015224999999999997,0.050671775921118066,-0.0601,0.125,0.1851,0.05290963522837783,-0.0475,0.0143,0.0618,-0.000784999999999998,0.0273904595616795,-0.0503,0.0517,0.10200000000000001,0.027401706151259995,-0.0139,-0.0157,-0.0017999999999999995,0.0032700000000000008,0.011835755151235599,-0.0216,0.0232,0.0448,0.012279169353014072,-0.0002,0.0085,0.008700000000000001,9.806545,6.689544080114235e-05,9.8064,9.8066,0.00019999999999953388,9.806545000228164,9.8066,9.8066,0.0,-11.02,0.5666745097496443,-12.12,-9.87,2.25,11.034560254038219,-9.87,-11.5,-1.6300000000000008,-28.345,0.8545612909557745,-29.75,-26.75,3.0,28.3578789756921,-26.75,-27.81,-1.0599999999999987,5.641499999999999,0.6391109058684571,4.56,6.81,2.25,5.677586194854289,5.81,5.75,-0.05999999999999961,340.71900000000005,3.857054446076695,335.77,347.96,12.189999999999998,340.7408308817715,346.97,340.84,-6.130000000000052,-83.667,0.21218152605728954,-84.02,-83.3,0.7199999999999989,83.6672690482963,-83.93,-83.62,0.3100000000000023,-131.3595,1.9060285281180853,-134.14,-126.98,7.159999999999982,131.37332752503457,-130.76,-132.98,-2.219999999999999,10.025162572925053,0.6701804670554985,8.216163648564944,10.871707878249858,2.6555442296849137,10.047538328963967,9.527085818339204,10.336505944466921,0.8094201261277174,0.1192552713459184,0.049654780799147334,0.028385383562671826,0.20586600010686565,0.17748061654419384,0.1291797855703438,0.061534868164318024,0.1311232244875026,0.06958835632318458,0.09994999999999976,0.0006689544080112908,0.09900000000000375,0.10099999999999909,0.001999999999995339,0.09995223859424036,0.09900000000000375,0.09900000000000375,0.0,0.09994999999999976,1.9989999999999952,-27.882601587229175,24.69954711736206,76.399
-0.276985,0.7896051951925088,-1.9565,1.0636,3.0201000000000002,0.8367777808355096,0.4085,-0.7428,-1.1513,-0.5173100000000002,0.8488173501407709,-1.8582,1.845,3.7032,0.9940324592285706,-0.4559,-1.0219,-0.5660000000000001,9.954820000000002,0.6738145431793529,7.9737,10.6937,2.7199999999999998,9.977598271678412,10.3106,9.7429,-0.5677000000000003,0.006390000000000002,0.05653370587534484,-0.0884,0.0863,0.17470000000000002,0.05689369033557236,0.0794,0.0472,-0.0322,-0.084875,0.061184735637248605,-0.1751,0.051,0.2261,0.10462952499175365,0.0171,-0.0723,-0.08940000000000001,0.018095,0.048621892959859137,-0.0601,0.125,0.1851,0.05187983712387694,-0.0122,0.0099,0.0221,0.00030000000000000024,0.027279021243439068,-0.0503,0.0517,0.10200000000000001,0.027280670812866753,0.0082,0.0078,-0.00040000000000000105,0.00267,0.01229183062037547,-0.0216,0.0232,0.0448,0.01257847367529145,0.0194,-0.0122,-0.0316,9.806545000000002,6.689544080114236e-05,9.8064,9.8066,0.00019999999999953388,9.806545000228164,9.8065,9.8066,9.999999999976694e-05,-11.0795,0.501532401744892,-12.12,-10.06,2.0599999999999987,11.090845549370886,-10.56,-11.06,-0.5,-28.351,0.8436936647859813,-29.75,-26.87,2.879999999999999,28.363550906048417,-27.31,-26.87,0.4399999999999977,5.619999999999999,0.6403124237432848,4.56,6.81,2.25,5.656359253088509,5.63,5.38,-0.25,340.16700000000003,3.7101402938433448,335.77,347.96,12.189999999999998,340.1872323147945,342.77,335.93,-6.839999999999975,-83.65099999999998,0.20363938715287894,-84.02,-83.3,0.7199999999999989,83.65124786875566,-83.98,-83.61,0.37000000000000455,-131.44899999999998,1.9177666698532427,-134.14,-126.98,7.159999999999982,131.46298882194944,-131.91,-132.55,-0.6400000000000148,10.04003158118068,0.6622165086998308,8.216163648564944,10.871707878249858,2.6555442296849137,10.06184699026476,10.328755463268555,9.824465983451722,-0.5042894798168334,0.12052396807651469,0.04847391173704953,0.028385383562671826,0.20586600010686565,0.17748061654419384,0.12990668574018813,0.08213166259123214,0.08690880277624356,0.004777140185011422,0.1,0.0006324555320322019,0.09900000000000375,0.10099999999999909,0.001999999999995339,0.1000019999800004,0.09999999999999432,0.10000000000000853,1.4210854715202004e-14,0.1,2.0,-27.978821804561363,24.721770637332625,76.49900000000001
-0.30965499999999996,0.7739289524723829,-1.9565,1.0636,3.0201000000000002,0.8335779762565708,0.4958,-0.2449,-0.7407,-0.553965,0.8611138822914192,-1.8582,1.845,3.7032,1.0239112947418834,-0.8718,-1.189,-0.31720000000000004,9.92095,0.6721025684372883,7.9737,10.6937,2.7199999999999998,9.94368999743053,9.0967,9.6332,0.5365000000000002,0.0049949999999999994,0.055039408381631426,-0.0884,0.0863,0.17470000000000002,0.05526559960771257,0.0238,0.0515,0.027699999999999995,-0.093575,0.0583722269148608,-0.1751,0.051,0.2261,0.11028870069050592,0.051,-0.1569,-0.2079,0.0233,0.05063068239713939,-0.0601,0.125,0.1851,0.05573469296587181,-0.0134,0.0919,0.10529999999999999,0.00037500000000000174,0.02730268988579697,-0.0503,0.0517,0.10200000000000001,0.027305265060057555,0.0136,0.0097,-0.003899999999999999,0.0011599999999999998,0.011995265732779746,-0.0216,0.0232,0.0448,0.012051224004224632,-0.0084,-0.0108,-0.002400000000000001,9.80655,6.708203932483735e-05,9.8064,9.8066,0.00019999999999953388,9.80655000022944,9.8066,9.8066,0.0,-11.120000000000001,0.49053032526032453,-12.12,-10.06,2.0599999999999987,11.130813986407283,-10.06,-11.37,-1.3099999999999987,-28.301,0.9292034222924493,-29.75,-26.31,3.4400000000000013,28.316250104842627,-26.94,-26.31,0.6300000000000026,5.572999999999999,0.671588415623736,4.56,6.81,2.25,5.61331987330136,5.0,4.69,-0.3099999999999996,339.8405,3.7537747335182465,335.77,347.96,12.189999999999998,339.86123089431663,338.83,336.24,-2.589999999999975,-83.629,0.19023406634985218,-84.02,-83.3,0.7199999999999989,83.62921636605236,-83.9,-83.54,0.35999999999999943,-131.4765,1.928095627815176,-134.14,-126.98,7.159999999999982,131.49063694803522,-132.3,-132.46,-0.1599999999999966,10.009063269595421,0.6624724992298,8.216163648564944,10.871707878249858,2.6555442296849137,10.030962932191505,9.151819697196837,9.709389231563435,0.5575695343665981,0.12586665343715908,0.049817924008634565,0.028385383562671826,0.20586600010686565,0.17748061654419384,0.13536705655365341,0.057853262656482905,0.18898536980412,0.1311321071476371,0.1,0.0006324555320322019,0.09900000000000375,0.10099999999999909,0.001999999999995339,0.1000019999800004,0.09999999999999432,0.09999999999999432,0.0,0.1,2.0,-28.061707734083726,24.745176044703925,76.599
-0.360605,0.7524708010780219,-1.9565,1.0636,3.0201000000000002,0.8344149282581179,-0.3565,-0.5232,-0.16670000000000001,-0.52452,0.8598098438608388,-1.8582,1.845,3.7032,1.0071713846213066,-0.6137,-0.2829,0.33080000000000004,9.970485,0.6455106685989008,7.9737,10.6937,2.7199999999999998,9.99135902460221,9.7632,10.0874,0.32420000000000115,0.0025899999999999994,0.05521576677000873,-0.0884,0.0863,0.17470000000000002,0.05527647781832703,-0.0283,-0.0243,0.004,-0.10398,0.049555298404913274,-0.1751,-0.0152,0.15990000000000001,0.11518492956980092,-0.0446,-0.1571,-0.11249999999999999,0.02938,0.053099487756474634,-0.0601,0.125,0.1851,0.06068558313141599,0.0345,0.1082,0.0737,-0.00014999999999999972,0.027143829869788087,-0.0503,0.0517,0.10200000000000001,0.027144244325455074,0.0065,0.0031,-0.0034,0.0007450000000000002,0.012453653078514754,-0.0216,0.0232,0.0448,0.01247591679997907,-0.0009,-0.0167,-0.015799999999999998,9.806550000000001,6.708203932483736e-05,9.8064,9.8066,0.00019999999999953388,9.80655000022944,9.8066,9.8066,0.0,-11.164,0.42909672569247115,-12.12,-10.44,1.6799999999999997,11.172243284139492,-10.81,-10.94,-0.129999999999999,-28.326,0.898467584278921,-29.75,-26.31,3.4400000000000013,28.340245588209008,-27.62,-27.44,0.17999999999999972,5.494999999999999,0.8099475291646985,3.44,6.81,3.3699999999999997,5.5543712515459385,5.44,3.44,-2.0000000000000004,339.0975,5.106991164080857,323.97,347.96,23.989999999999952,339.1359548396484,335.77,323.97,-11.799999999999955,-83.59749999999998,0.19485571585149872,-84.02,-83.27,0.75,83.59772709230796,-83.77,-83.27,0.5,-131.445,1.9195116566460326,-134.14,-126.98,7.159999999999982,131.45901471561393,-132.62,-131.67,0.950000000000017,10.05671828771334,0.6327044417199023,8.216163648564944,10.871707878249858,2.6555442296849137,10.076601492021009,9.788962875606382,10.104920059555148,0.3159571839487665,0.1325888407971923,0.04925440382399108,0.028385383562671826,0.20586600010686565,0.17748061654419384,0.14144185024242295,0.06308961879739011,0.1922970098571478,0.12920739105975768,0.1,0.0006324555320322019,0.09900000000000375,0.10099999999999909,0.001999999999995339,0.1000019999800004,0.10000000000000853,0.09999999999999432,-1.4210854715202004e-14,0.1,2.0,-28.132756244727375,24.77615201636071,76.699
-0.39186,0.7645366756408748,-1.9565,1.0636,3.0201000000000002,0.8591103468123289,0.7221,-0.9816,-1.7037,-0.5294350000000001,0.8605861922404984,-1.8582,1.845,3.7032,1.0104009172105894,1.845,-0.7120000000000001,-2.557,9.966455,0.6470419750487598,7.9737,10.6937,2.7199999999999998,9.987436537195117,7.9737,9.6826,1.7089000000000008,0.0018799999999999986,0.055697599589210306,-0.0884,0.0863,0.17470000000000002,0.05572931903405962,-0.0066,-0.0425,-0.0359,-0.10872000000000001,0.048163156042767795,-0.1751,-0.0152,0.15990000000000001,0.11891058825857351,-0.0243,-0.1394,-0.1151,0.030719999999999997,0.05354804945093705,-0.0601,0.125,0.1851,0.06173420445749665,0.113,0.0613,-0.0517,-0.00025999999999999824,0.02712110617213096,-0.0503,0.0517,0.10200000000000001,0.027122352405350093,-0.0503,0.0043,0.054599999999999996,-0.00020999999999999995,0.01325005283008336,-0.0216,0.0232,0.0448,0.013251716869900293,0.0095,-0.02,-0.0295,9.80655,6.708203932483735e-05,9.8064,9.8066,0.00019999999999953388,9.80655000022944,9.8064,9.8066,0.00019999999999953388,-11.214,0.44297178239702795,-12.12,-10.44,1.6799999999999997,11.22274565335952,-10.56,-11.81,-1.25,-28.329500000000007,0.8958430387071165,-29.75,-26.31,3.4400000000000013,28.343660755096547,-27.69,-27.69,0.0,5.342,1.0571735902868553,2.38,6.81,4.43,5.4456018951076475,4.81,2.38,-2.4299999999999997,338.18250000000006,6.933827135860822,317.47,347.96,30.489999999999952,338.2535753913032,336.54,317.47,-19.069999999999993,-83.5555,0.2387357325579892,-84.02,-82.93,1.0899999999999892,83.55584105854001,-83.8,-82.93,0.8699999999999903,-131.349,1.9063129333873794,-134.14,-126.98,7.159999999999982,131.36283275721485,-132.06,-130.7,1.3600000000000136,10.05518208609062,0.633389612767941,8.216163648564944,10.871707878249858,2.6555442296849137,10.075111373379453,8.216163648564944,9.758238843151975,1.5420751945870315,0.13733946896472923,0.04684514131141213,0.028385383562671826,0.20586600010686565,0.17748061654419384,0.14510891426786984,0.11577154227183813,0.1581021821481285,0.04233063987629036,0.1,0.0006324555320322019,0.09900000000000375,0.10099999999999909,0.001999999999995339,0.1000019999800004,0.09999999999999432,0.10000000000000853,1.4210854715202004e-14,0.1,2.0,-28.19403758161279,24.799724582164515,76.799
-0.40615500000000004,0.7460233277016208,-1.9565,1.0636,3.0201000000000002,0.8494190305732502,-1.9565,0.4362,2.3927,-0.69987,0.6950889375468438,-1.8582,0.6641,2.5223,0.9863907177178829,-0.1045,-1.5637,-1.4592,10.07128,0.45788597226820554,9.0446,10.6937,1.649099999999999,10.081683411117412,10.6937,10.0702,-0.6234999999999999,0.0009949999999999991,0.055965288125765955,-0.0884,0.0863,0.17470000000000002,0.0559741324184663,0.0459,-0.0243,-0.0702,-0.1121,0.044340433015476965,-0.1751,-0.0152,0.15990000000000001,0.12055075279731768,-0.157,-0.0919,0.0651,0.0256,0.05022867706798578,-0.0601,0.125,0.1851,0.05637623612835465,0.125,0.0106,-0.1144,0.00373,0.025272853024539986,-0.0401,0.0517,0.09179999999999999,0.025546624043109884,-0.0337,0.0295,0.0632,-0.00165,0.013674702921818813,-0.0216,0.0232,0.0448,0.013773888339898796,0.0128,-0.0193,-0.032100000000000004,9.806560000000001,5.83095189483171e-05,9.8064,9.8066,0.00019999999999953388,9.806560000173354,9.8065,9.8066,9.999999999976694e-05,-11.3295,0.5464565399004755,-12.87,-10.44,2.4299999999999997,11.342670981739706,-10.94,-12.87,-1.9299999999999997,-28.401000000000003,0.89901001106773,-29.75,-26.31,3.4400000000000013,28.415225144277848,-28.37,-29.12,-0.75,5.263999999999999,1.147259342956073,2.38,6.81,4.43,5.3875690250798645,5.44,3.25,-2.1900000000000004,337.516,7.662090706850183,317.47,347.96,30.489999999999952,337.602958947341,343.17,323.21,-19.960000000000036,-83.50649999999999,0.2804509761081256,-84.02,-82.82,1.2000000000000028,83.50697093656314,-83.75,-82.82,0.9300000000000068,-131.25499999999997,1.9152663000220085,-134.14,-126.98,7.159999999999982,131.26897299057384,-126.98,-130.18,-3.200000000000003,10.154384580437869,0.472539450274441,9.131104146268402,10.871707878249858,1.7406037319814551,10.165373566155846,10.871707878249858,10.20021353550993,-0.671494342739928,0.1363332709661804,0.04750901732999781,0.028385383562671826,0.20586600010686565,0.17748061654419384,0.14437405410945553,0.20586600010686565,0.09564758230086111,-0.11021841780600454,0.1,0.0006324555320322019,0.09900000000000375,0.10099999999999909,0.001999999999995339,0.1000019999800004,0.10000000000000853,0.09999999999999432,-1.4210854715202004e-14,0.1,2.0,-28.248083685479898,24.796987705097422,76.899
-0.33016999999999996,0.6562359027819188,-1.3101,1.0636,2.3737000000000004,0.7346140408404948,0.7636,-0.4368,-1.2004,-0.7203649999999999,0.6831729431666625,-1.8582,0.6641,2.5223,0.9927995787166712,-0.1651,-0.5144,-0.34929999999999994,9.976020000000002,0.5133137340847211,8.7885,10.6678,1.8792999999999989,9.98921748837215,10.6289,8.7885,-1.840399999999999,-0.006120000000000002,0.058778878859672035,-0.0964,0.0863,0.1827,0.0590966242690731,-0.0797,-0.0964,-0.016700000000000007,-0.10868,0.043372682647030265,-0.1751,-0.0152,0.15990000000000001,0.11701509304358988,-0.0323,-0.0886,-0.056299999999999996,0.018480000000000003,0.04550447890043353,-0.0601,0.1082,0.1683,0.04911382697367413,-0.0299,-0.0174,0.0125,0.005205,0.023867037415649224,-0.0401,0.0517,0.09179999999999999,0.0244280064679867,0.0517,-0.0042,-0.055900000000000005,-0.00221,0.01329555940906587,-0.0216,0.0232,0.0448,0.013477982044801813,0.0102,0.0016,-0.0086,9.806565,5.722761571116461e-05,9.8064,9.8066,0.00019999999999953388,9.806565000166982,9.8064,9.8066,0.00019999999999953388,-11.425999999999998,0.6327511359136385,-12.87,-10.44,2.4299999999999997,11.443506892557018,-11.06,-12.87,-1.8099999999999987,-28.435499999999998,0.9103267270601254,-29.75,-26.31,3.4400000000000013,28.4500677503587,-27.94,-29.06,-1.1199999999999974,5.1795,1.1925287208281399,2.38,6.81,4.43,5.31501128879328,5.19,3.75,-1.4400000000000004,336.8195,7.749112513701161,317.47,347.96,30.489999999999952,336.90862904502757,342.98,329.24,-13.740000000000009,-83.45500000000001,0.32243604016921035,-84.02,-82.72,1.2999999999999972,83.45562287826986,-83.9,-82.72,1.1800000000000068,-131.39149999999998,1.6897286024684544,-134.14,-127.24,6.8999999999999915,131.40236472377504,-127.24,-129.71,-2.470000000000013,10.051517730071026,0.5260856817741858,8.814370870913024,10.727160836400282,1.9127899654872582,10.065275695305122,10.657572809040527,8.814370870913024,-1.8432019381275033,0.13264407574498463,0.04475109126891523,0.028385383562671826,0.1922970098571478,0.16391162629447598,0.13998968176262136,0.09104608723058888,0.13208209568295015,0.04103600845236127,0.10004999999999953,0.0006689544080115563,0.09900000000000375,0.10099999999999909,0.001999999999995339,0.10005223635681466,0.10099999999999909,0.10099999999999909,0.0,0.10004999999999953,2.0009999999999906,-28.277063676199603,24.80351207306724,77.0
-0.417895,0.6204526174294054,-1.3101,1.0636,2.3737000000000004,0.748062618702472,1.0636,-0.9909,-2.0545,-0.710985,0.6919636878297878,-1.8582,0.6641,2.5223,0.9921257054930087,0.6641,0.0225,-0.6416000000000001,9.919320000000003,0.5005370192103675,8.7885,10.6678,1.8792999999999989,9.931940725256068,9.0446,9.4949,0.4502999999999986,0.00027999999999999797,0.057370485443300895,-0.0964,0.0863,0.1827,0.05737116871739672,-0.011,0.0483,0.059300000000000005,-0.11259499999999997,0.039678098177710085,-0.1751,-0.0152,0.15990000000000001,0.11938167991781652,-0.0152,-0.1106,-0.0954,0.023295000000000003,0.04522453399428235,-0.0601,0.1082,0.1683,0.05087155885168058,-0.0213,0.0664,0.0877,0.0006999999999999999,0.023158605312064887,-0.0401,0.0415,0.0816,0.023169182117632033,0.0415,-0.0384,-0.0799,-0.00258,0.013045673612351337,-0.0216,0.0232,0.0448,0.013298345761785561,0.0016,0.0028,0.0012,9.80657,4.5825756949451594e-05,9.8065,9.8066,9.999999999976694e-05,9.806570000107072,9.8066,9.8065,-9.999999999976694e-05,-11.547999999999998,0.7706270174345043,-13.5,-10.44,3.0600000000000005,11.573684374476436,-10.87,-13.5,-2.630000000000001,-28.476,0.9053861054820754,-29.75,-26.31,3.4400000000000013,28.49038960772562,-28.0,-28.75,-0.75,5.122999999999999,1.2172062273912339,2.38,6.81,4.43,5.265616772990605,5.81,4.06,-1.75,336.335,7.651096980172184,317.47,347.96,30.489999999999952,336.4220140091906,342.74,333.29,-9.449999999999989,-83.405,0.3270550412392388,-84.02,-82.72,1.2999999999999972,83.40564123606987,-84.02,-82.9,1.1199999999999903,-131.37099999999998,1.741659840496988,-134.14,-126.83,7.309999999999988,131.3825445787986,-131.82,-126.83,4.989999999999995,9.99596370418963,0.5177521526015608,8.814370870913024,10.727160836400282,1.9127899654872582,10.009363499593768,9.131104146268402,9.546492291412589,0.41538814514418654,0.13497911666302403,0.043726308612433026,0.028385383562671826,0.1922970098571478,0.16391162629447598,0.1418849956831236,0.028385383562671826,0.137746905591378,0.10936152202870618,0.1,0.0006324555320322019,0.09900000000000375,0.10099999999999909,0.001999999999995339,0.1000019999800004,0.09999999999999432,0.10000000000000853,1.4210854715202004e-14,0.1,2.0,-28.288296793381733,24.77772770809682,77.10000000000001
-0.52218,0.5315993807370358,-1.3101,0.4362,1.7463,0.7451643134235564,-0.2801,-1.0221,-0.742,-0.7813000000000001,0.6159345151881003,-1.8582,0.4181,2.2763,0.9948894496374963,0.4181,-0.7422,-1.1602999999999999,10.032765000000001,0.5446078215330733,8.7885,11.3135,2.5249999999999986,10.047535579658328,10.6678,11.3135,0.6456999999999997,-0.002115000000000003,0.05877404422872396,-0.0964,0.0863,0.1827,0.05881208634285984,0.0073,-0.0589,-0.0662,-0.11650999999999997,0.03321093042960405,-0.1751,-0.0448,0.1303,0.12115092240672376,-0.1751,-0.0935,0.0816,0.023745,0.04482154030151129,-0.0601,0.1082,0.1683,0.050722731590481206,0.0276,-0.0123,-0.0399,-0.00184,0.02125176227986752,-0.0401,0.0395,0.0796,0.021331268129204134,-0.0034,-0.0093,-0.005899999999999999,-0.0017150000000000002,0.013843311561905986,-0.0216,0.0232,0.0448,0.013949139758422381,-0.0043,0.0189,0.0232,9.806569999999999,4.5825756949451594e-05,9.8065,9.8066,9.999999999976694e-05,9.806570000107072,9.8066,9.8066,0.0,-11.685500000000001,0.8755768098802069,-13.62,-10.44,3.1799999999999997,11.718256909626106,-10.44,-13.62,-3.1799999999999997,-28.4885,0.9004403089600108,-29.75,-26.31,3.4400000000000013,28.502726623956523,-28.56,-28.25,0.3099999999999987,5.035500000000001,1.2275319751436211,2.38,6.81,4.43,5.182961990985463,5.19,4.06,-1.1300000000000008,335.997,7.508671054187946,317.47,347.96,30.489999999999952,336.08088929601456,337.41,335.98,-1.4300000000000068,-83.347,0.3155011885873025,-83.7,-82.72,0.980000000000004,83.34759714592856,-83.62,-82.86,0.7600000000000051,-130.9905,2.3329197907343486,-134.14,-124.21,9.929999999999993,131.01127281650233,-132.67,-124.21,8.459999999999994,10.108598341084626,0.5606118747593414,8.814370870913024,11.383796884168303,2.5694260132552795,10.124131868733238,10.679663873924122,11.383796884168303,0.7041330102441812,0.13911924268580933,0.03681085864968207,0.05462105821018117,0.1922970098571478,0.1376759516469666,0.1439069247812627,0.17741211908998775,0.11118790401837783,-0.06622421507160992,0.1,0.0006324555320322019,0.09900000000000375,0.10099999999999909,0.001999999999995339,0.1000019999800004,0.09900000000000375,0.09999999999999432,0.000999999999990564,0.1,2.0,-28.307168559539406,24.770415269826742,77.2
-0.5878500000000001,0.576837536486661,-1.5935,0.4362,2.0297,0.8235952683205507,-0.0911,-1.5935,-1.5024,-0.8785999999999998,0.5708332479805289,-1.8582,0.1151,1.9733,1.0477540536786292,-1.8582,-1.5279,0.33030000000000004,9.967115000000002,0.5432366991238717,8.7885,11.3135,2.5249999999999986,9.981908010721197,10.5646,9.3548,-1.2098000000000013,-0.004910000000000003,0.05958344484838049,-0.0964,0.0863,0.1827,0.059785407918655206,0.0863,-0.0486,-0.1349,-0.11089,0.03231900215043775,-0.1571,-0.0448,0.11229999999999998,0.11550372288372353,-0.1138,-0.0627,0.05109999999999999,0.02016,0.047175442764217916,-0.0601,0.1082,0.1683,0.05130251455825533,0.0545,-0.0441,-0.0986,-0.0014799999999999995,0.021283246932740314,-0.0401,0.0395,0.0796,0.021334643188954436,-0.0401,0.0038,0.043899999999999995,-0.0007900000000000002,0.014251733227927051,-0.0216,0.0232,0.0448,0.014273612016585011,0.0205,0.0142,-0.0063,9.80657,4.5825756949451594e-05,9.8065,9.8066,9.999999999976694e-05,9.806570000107072,9.8065,9.8066,9.999999999976694e-05,-11.823,0.8850655342967547,-13.62,-10.62,3.0,11.856081561797724,-10.62,-13.19,-2.5700000000000003,-28.429000000000002,0.9324961125924331,-29.75,-26.31,3.4400000000000013,28.44428923351751,-28.12,-27.37,0.75,4.9915,1.2369408837935627,2.38,6.81,4.43,5.1424794603381745,5.38,4.31,-1.0700000000000003,336.014,7.5122349537271464,317.47,347.96,30.489999999999952,336.09796469184397,337.35,337.75,0.39999999999997726,-83.32300000000001,0.3120592892384403,-83.7,-82.72,0.980000000000004,83.32358435641136,-83.7,-83.14,0.5600000000000023,-130.5595,2.74303568150325,-134.14,-124.05,10.08999999999999,130.58831220672087,-131.35,-124.05,7.299999999999997,10.055203338306589,0.5545007509535355,8.814370870913024,11.383796884168303,2.5694260132552795,10.070480885116657,10.727160836400282,9.611763818363412,-1.1153970180368695,0.13478682469568518,0.03714653265722961,0.05462105821018117,0.1922970098571478,0.1376759516469666,0.1398118485679951,0.15286719726612377,0.09076375928750417,-0.0621034379786196,0.10004999999999953,0.0005894913061263566,0.09900000000000375,0.10099999999999909,0.001999999999995339,0.10005173661661204,0.09999999999999432,0.09999999999999432,0.0,0.10004999999999953,2.0009999999999906,-28.284893546810267,24.740967183663372,77.3
-0.6458950000000001,0.582313536228551,-1.5935,0.4362,2.0297,0.8696375138527547,0.3753,-1.252,-1.6273,-0.7697550000000001,0.5811186793375344,-1.5637,0.3187,1.8824,0.9644800047175681,-1.5599,0.3187,1.8786,9.916545000000003,0.5322270675895768,8.7885,11.3135,2.5249999999999986,9.930817206479032,10.5184,9.5532,-0.9651999999999994,-0.0033350000000000025,0.06232680222023267,-0.0964,0.1178,0.2142,0.062415963502937294,-0.0599,0.1178,0.1777,-0.108155,0.034215851224249846,-0.1571,-0.0448,0.11229999999999998,0.11343821446055999,-0.065,-0.0591,0.0059000000000000025,0.014355000000000001,0.04966988499080705,-0.0616,0.1082,0.1698,0.05170264500003844,0.0148,-0.0616,-0.0764,0.0014999999999999996,0.019787091751947785,-0.0384,0.0395,0.0779,0.019843865550844674,0.0395,0.0195,-0.02,-0.00081,0.01422209196988966,-0.0216,0.0232,0.0448,0.014245139521956251,-0.0216,0.0201,0.0417,9.806569999999999,4.5825756949451594e-05,9.8065,9.8066,9.999999999976694e-05,9.80657000010707,9.8065,9.8065,0.0,-12.007499999999999,0.9930753999571231,-14.31,-10.94,3.370000000000001,12.048495964227236,-10.94,-14.31,-3.370000000000001,-28.366500000000002,0.9911572781350091,-29.75,-26.31,3.4400000000000013,28.38381079066023,-29.0,-26.87,2.129999999999999,4.913,1.259408988375103,2.38,6.81,4.43,5.071851732848665,4.56,3.81,-0.7499999999999996,335.9515,7.506057070792887,317.47,347.96,30.489999999999952,336.0353422558407,335.84,336.1,0.26000000000004775,-83.30750000000002,0.30043094048383306,-83.66,-82.72,0.9399999999999977,83.30804171867204,-83.59,-83.39,0.20000000000000284,-130.22899999999998,3.012822430877731,-134.14,-124.05,10.08999999999999,130.26384586676383,-132.17,-124.74,7.429999999999993,10.000853346030356,0.5390304487628151,8.814370870913024,11.383796884168303,2.5694260132552795,10.015369262962798,10.640059993251917,9.64016099087562,-0.9998990023762975,0.1344174269576585,0.03700134903057658,0.05462105821018117,0.1922970098571478,0.1376759516469666,0.13941715999115745,0.08962170496034987,0.14547924250558908,0.055857537545239214,0.1,0.0006324555320322019,0.09900000000000375,0.10099999999999909,0.001999999999995339,0.10000199998000041,0.10000000000000853,0.09900000000000375,-0.0010000000000047748,0.1,2.0,-28.274374718533807,24.726041387691822,77.399
-0.621185,0.6333700413462892,-1.5935,0.8695,2.463,0.8871462187824508,0.3131,0.8695,0.5564,-0.7450850000000001,0.5570248955612307,-1.5637,0.3187,1.8824,0.9302840380765436,0.1151,-1.0665,-1.1816,9.872630000000001,0.5167656568503753,8.7885,11.3135,2.5249999999999986,9.886145348971965,10.0596,9.6401,-0.4194999999999993,-0.003285000000000002,0.06228178927262768,-0.0964,0.1178,0.2142,0.06236836137016909,-0.0269,-0.0589,-0.032,-0.11047999999999998,0.032753024287842485,-0.1571,-0.0448,0.11229999999999998,0.11523276877694122,-0.0448,-0.1115,-0.06670000000000001,0.013830000000000005,0.04971787505515496,-0.0616,0.1082,0.1698,0.05160558109352127,0.0159,0.0043,-0.011600000000000001,0.002095,0.021058857400153504,-0.0384,0.0514,0.08979999999999999,0.021162809359817993,0.0128,0.0514,0.0386,-0.0003850000000000001,0.013712340245195203,-0.02,0.0232,0.0432,0.013717743983614798,-0.0152,-0.0131,0.0020999999999999994,9.806564999999999,5.722761571116461e-05,9.8064,9.8066,0.00019999999999953388,9.80656500016698,9.8066,9.8064,-0.00019999999999953388,-12.163499999999999,1.0561831043905219,-14.31,-10.94,3.370000000000001,12.209269224650589,-11.19,-14.06,-2.870000000000001,-28.216500000000003,1.1044649156944732,-29.75,-26.0,3.75,28.238107496785265,-29.12,-26.0,3.120000000000001,4.835000000000001,1.3254338912220405,2.38,6.81,4.43,5.013382091961473,4.94,3.0,-1.9400000000000004,335.634,7.6372124495787,317.47,347.96,30.489999999999952,335.7208795562171,336.93,329.49,-7.439999999999998,-83.30300000000001,0.29681812613113834,-83.66,-82.72,0.9399999999999977,83.30352879680427,-83.66,-83.5,0.1599999999999966,-129.94299999999998,3.0856070715501027,-134.14,-124.05,10.08999999999999,129.9796300194765,-131.43,-126.45,4.980000000000004,9.955740941137263,0.5211036163406849,8.814370870913024,11.383796884168303,2.5694260132552795,9.969369421683599,10.065129496434707,9.737811895390053,-0.3273176010446548,0.1362450559209522,0.035620559191239715,0.05462105821018117,0.1922970098571478,0.1376759516469666,0.1408244989339568,0.05462105821018117,0.12617428422622415,0.07155322601604297,0.10004999999999953,0.0006689544080115563,0.09900000000000375,0.10099999999999909,0.001999999999995339,0.10005223635681466,0.09999999999999432,0.10099999999999909,0.0010000000000047748,0.10004999999999953,2.0009999999999906,-28.23157669966497,24.67983665835321,77.5
-0.681695,0.5980452996847313,-1.5935,0.8695,2.463,0.9068441175306812,-0.9009,-0.8971,0.0038000000000000256,-0.739595,0.5659454280007923,-1.5637,0.3187,1.8824,0.9312867396779577,-0.1289,0.2249,0.3538,9.85321,0.5166724503009619,8.7885,11.3135,2.5249999999999986,9.866747069069929,9.6944,9.6712,-0.02319999999999922,-0.005545000000000001,0.06389683462425974,-0.0964,0.1178,0.2142,0.06413698231129993,0.0645,-0.0721,-0.1366,-0.11115499999999998,0.031507927177140675,-0.1571,-0.0583,0.0988,0.11553433905121022,-0.1317,-0.0583,0.07340000000000002,0.010320000000000005,0.05187887431315371,-0.0616,0.1082,0.1698,0.052895368417282054,0.0811,-0.0543,-0.13540000000000002,-0.0008000000000000001,0.023253666377584418,-0.0451,0.0514,0.0965,0.02326742357890104,-0.0275,-0.0451,-0.0176,0.00127,0.013821436249536443,-0.02,0.0232,0.0432,0.013879661379154752,0.0018,0.0179,0.0161,9.806555,6.689544080114236e-05,9.8064,9.8066,0.00019999999999953388,9.806555000228164,9.8066,9.8064,-0.00019999999999953388,-12.306999999999999,1.107872285058165,-14.31,-10.94,3.370000000000001,12.3567645441677,-11.37,-14.06,-2.6900000000000013,-28.0885,1.1401064643269065,-29.75,-26.0,3.75,28.111628821539316,-29.75,-26.56,3.1900000000000013,4.7410000000000005,1.3801880306682854,2.38,6.81,4.43,4.937813281200495,5.25,3.06,-2.19,335.107,7.889098871227303,317.47,347.96,30.489999999999952,335.19984983588523,337.76,326.39,-11.370000000000005,-83.2895,0.28622499890820247,-83.62,-82.72,0.9000000000000057,83.28999180573858,-83.59,-83.39,0.20000000000000284,-129.8025,3.0786667162913233,-134.14,-124.05,10.08999999999999,129.8390049060759,-130.53,-128.62,1.9099999999999966,9.938250556785004,0.5230055836820132,8.814370870913024,11.383796884168303,2.5694260132552795,9.952002761756047,9.737023538022285,9.715321809389538,-0.02170172863274722,0.13888656990160422,0.031147659638676148,0.08690880277624356,0.1922970098571478,0.10538820708090423,0.14233641838967284,0.16757789233666834,0.10745133782322117,-0.06012655451344717,0.1,0.0007071067811848996,0.09900000000000375,0.10099999999999909,0.001999999999995339,0.10000249996875078,0.09999999999999432,0.09900000000000375,-0.000999999999990564,0.1,2.0,-28.161016767811077,24.647150837574642,77.599
-0.678735,0.5970987835149223,-1.5935,0.8695,2.463,0.903995662323664,-1.2075,-0.8417,0.3658,-0.729695,0.5781420054580017,-1.5637,0.3187,1.8824,0.9309688348704269,-1.305,0.0691,1.3740999999999999,9.882549999999998,0.5234379872535045,8.7885,11.3135,2.5249999999999986,9.896402469028834,10.4213,10.2812,-0.14010000000000034,-0.00885,0.06186554372184892,-0.0964,0.1178,0.2142,0.06249534382656039,0.0701,-0.0016,-0.0717,-0.10914499999999998,0.03141529046499491,-0.1571,-0.0583,0.0988,0.11357619248768644,-0.1557,-0.0915,0.06420000000000001,0.004585000000000001,0.05004483265033464,-0.0616,0.1082,0.1698,0.050254427665629625,0.0739,-0.0336,-0.10749999999999998,0.00010500000000000049,0.02253813379585808,-0.0451,0.0514,0.0965,0.02253837837999886,-0.0323,-0.0094,0.022900000000000004,0.0013250000000000002,0.013825623855725283,-0.02,0.0232,0.0432,0.013888970444205,0.0232,0.0029,-0.0203,9.806555,6.689544080114236e-05,9.8064,9.8066,0.00019999999999953388,9.806555000228164,9.8065,9.8066,9.999999999976694e-05,-12.4135,1.1150348649257564,-14.31,-10.94,3.370000000000001,12.463478045874673,-11.25,-13.5,-2.25,-27.916499999999996,1.1359501529556657,-29.62,-26.0,3.620000000000001,27.939601911981494,-29.62,-26.31,3.3100000000000023,4.635,1.4179192501690636,2.38,6.81,4.43,4.847032081593849,6.25,3.13,-3.12,334.67600000000004,7.967462205746565,317.47,347.96,30.489999999999952,334.7708252372061,345.99,329.14,-16.850000000000023,-83.29,0.286757737471895,-83.62,-82.72,0.9000000000000057,83.29049363522826,-83.62,-83.6,0.020000000000010232,-129.64049999999997,3.1210758962255305,-134.14,-124.05,10.08999999999999,129.6780642784276,-128.84,-127.29,1.5499999999999972,9.967190779434134,0.5270682350162825,8.814370870913024,11.383796884168303,2.5694260132552795,9.981116819174094,10.571876604463373,10.315827991004891,-0.25604861345848207,0.13538203934585608,0.03166118163551511,0.08690880277624356,0.1922970098571478,0.10538820708090423,0.13903498480598328,0.1860583510622407,0.09748728122170604,-0.08857106984053466,0.10005000000000024,0.0007399324293457846,0.09900000000000375,0.10099999999999909,0.001999999999995339,0.10005273609452192,0.10099999999999909,0.10099999999999909,0.0,0.10005000000000024,2.0010000000000048,-28.086153491273677,24.612133085791854,77.7
-0.671555,0.5915347728367285,-1.5935,0.8695,2.463,0.8949298885946319,0.0822,-1.0639,-1.1461000000000001,-0.6709799999999999,0.5763607252407124,-1.5637,0.3187,1.8824,0.8845370800593947,-0.6652,-0.1307,0.5345,9.84279,0.511059899522551,8.7885,11.3135,2.5249999999999986,9.856048762308353,10.1151,9.6261,-0.48900000000000077,-0.011685000000000001,0.05943404979470943,-0.0964,0.1178,0.2142,0.06057182100614113,-0.0601,0.0134,0.0735,-0.10861499999999999,0.030706827823791895,-0.1571,-0.0583,0.0988,0.11287217327579016,-0.0994,-0.1451,-0.045700000000000005,0.002170000000000001,0.047754644800270474,-0.0616,0.1082,0.1698,0.04780392243320625,-0.0296,0.0256,0.0552,0.00221,0.021347878114697957,-0.0451,0.0514,0.0965,0.021461966359120035,0.021,0.0098,-0.011200000000000002,0.00047000000000000026,0.012947242949755751,-0.02,0.0201,0.0401,0.01295577091492436,-0.0005,0.0061,0.0066,9.806555,6.689544080114236e-05,9.8064,9.8066,0.00019999999999953388,9.806555000228164,9.8066,9.8065,-9.999999999976694e-05,-12.501,1.0886500815229843,-14.31,-10.94,3.370000000000001,12.548313034029713,-12.12,-13.0,-0.8800000000000008,-27.754,1.112862974494165,-29.56,-26.0,3.5599999999999987,27.77630248971234,-29.56,-26.37,3.1899999999999977,4.466499999999999,1.4162248232537091,2.38,6.81,4.43,4.685649901561148,6.75,2.88,-3.87,333.75000000000006,7.669352645432332,317.47,347.96,30.489999999999952,333.83810667747326,347.96,327.47,-20.489999999999952,-83.2975,0.2970669116545966,-83.77,-82.72,1.0499999999999972,83.29802971859539,-83.5,-83.77,-0.269999999999996,-129.64,3.1212048955491527,-134.14,-124.05,10.08999999999999,129.67756752808097,-129.29,-128.83,0.45999999999997954,9.92287674155729,0.5113899963446324,8.814370870913024,11.383796884168303,2.5694260132552795,9.936045619686938,10.137282470662441,9.685595846926507,-0.4516866237359345,0.13347657574663924,0.029635987025096257,0.08690880277624356,0.1922970098571478,0.10538820708090423,0.13672705657623146,0.11986880328092044,0.14794907907790436,0.028080275796983925,0.09995000000000047,0.0007399324293456406,0.09900000000000375,0.10099999999999909,0.001999999999995339,0.09995273883191043,0.09900000000000375,0.09900000000000375,0.0,0.09995000000000047,1.9990000000000094,-28.002926161337825,24.554454912401397,77.799
-0.689065,0.5738835154236441,-1.5935,0.8695,2.463,0.8967457072660008,-0.2393,-0.268,-0.028700000000000003,-0.6070949999999999,0.6406830475945186,-1.5637,0.6125,2.1762,0.8826319201683112,-1.3078,0.6125,1.9203000000000001,9.80737,0.5154888282979564,8.7885,11.3135,2.5249999999999986,9.820908056233904,9.7279,9.4067,-0.32119999999999926,-0.0095,0.058408415489550815,-0.0964,0.1178,0.2142,0.059175949506535166,-0.0232,-0.0164,0.006799999999999997,-0.10894,0.030641905945942724,-0.1571,-0.0583,0.0988,0.11316735394980303,-0.1129,-0.1059,0.007000000000000006,0.003089999999999999,0.047308888171251715,-0.0616,0.1082,0.1698,0.04740969310172762,-0.0601,-0.0112,0.0489,0.00172,0.021020932424609524,-0.0451,0.0514,0.0965,0.021091182991951875,0.0223,0.0112,-0.0111,0.0006600000000000002,0.012959490730734755,-0.02,0.0201,0.0401,0.012976286063431248,-0.0151,0.0033,0.0184,9.806549999999998,6.708203932483736e-05,9.8064,9.8066,0.00019999999999953388,9.80655000022944,9.8065,9.8065,0.0,-12.567,1.103463184705317,-14.31,-10.94,3.370000000000001,12.615352551553999,-11.87,-13.44,-1.5700000000000003,-27.5885,1.0775401384635286,-29.25,-26.0,3.25,27.60953503773651,-29.25,-26.25,3.0,4.310499999999999,1.3249999056603738,2.38,6.81,4.43,4.509549312292748,6.81,3.63,-3.1799999999999997,332.8765000000001,6.963558196066143,317.47,345.26,27.789999999999964,332.9493285696789,345.26,330.49,-14.769999999999982,-83.3125,0.31400437895035754,-83.8,-82.72,1.0799999999999983,83.31309173833365,-83.3,-83.8,-0.5,-129.70649999999995,3.1272020641461586,-134.14,-124.05,10.08999999999999,129.74419268314094,-131.35,-130.62,0.7299999999999898,9.887534052160518,0.5197089438966749,8.814370870913024,11.383796884168303,2.5694260132552795,9.901183112083121,9.818332024330813,9.430428682726996,-0.3879033416038169,0.1328704377831385,0.03002946491892785,0.08690880277624356,0.1922970098571478,0.10538820708090423,0.13622159153379465,0.1299871532113847,0.10774604401090557,-0.022241109200479142,0.10005000000000024,0.0007399324293457847,0.09900000000000375,0.10099999999999909,0.001999999999995339,0.10005273609452191,0.10099999999999909,0.10099999999999909,0.0,0.10005000000000024,2.0010000000000048,-27.916015937109165,24.513816679366883,77.9
-0.7282400000000001,0.5685614596505817,-1.5935,0.8695,2.463,0.923902392571856,-0.7936,-1.0228,-0.22919999999999996,-0.5373249999999999,0.6365434760289355,-1.5637,0.6125,2.1762,0.8330100554615173,-0.7566,0.0876,0.8442000000000001,9.789795000000002,0.5238232855410304,8.7885,11.3135,2.5249999999999986,9.803799109350416,9.3365,9.3764,0.03990000000000116,-0.010575,0.05884687651014282,-0.0964,0.1178,0.2142,0.059789509949488624,0.0582,-0.0447,-0.10289999999999999,-0.10664999999999998,0.031944130916335786,-0.1571,-0.0583,0.0988,0.11133126245579003,-0.1277,-0.0671,0.0606,0.006039999999999999,0.04506281615700466,-0.0616,0.1082,0.1698,0.04546580033387733,-0.0325,-0.0011,0.031400000000000004,-0.0001799999999999996,0.020790998052041657,-0.0451,0.0514,0.0965,0.02079177722081496,0.0001,-0.0157,-0.015799999999999998,0.0016350000000000004,0.012461070379385552,-0.02,0.0201,0.0401,0.01256787571548987,0.0107,0.0044,-0.006299999999999999,9.806555,6.689544080114235e-05,9.8064,9.8066,0.00019999999999953388,9.806555000228164,9.8066,9.8066,0.0,-12.6045,1.0918217574311295,-14.31,-10.94,3.370000000000001,12.65169929298037,-11.62,-12.62,-1.0,-27.410500000000003,1.082402305060369,-29.12,-25.69,3.4299999999999997,27.431862951684487,-28.62,-25.69,2.9299999999999997,4.154499999999999,1.1992350687000444,2.38,6.81,4.43,4.32412245432527,6.81,3.69,-3.1199999999999997,332.0425,6.4071076742942275,317.47,343.25,25.779999999999973,332.104310172271,343.25,328.58,-14.670000000000016,-83.33699999999999,0.33074310272475826,-83.8,-82.72,1.0799999999999983,83.33765631453767,-83.31,-83.79,-0.480000000000004,-129.748,3.1541284057564933,-134.14,-124.05,10.08999999999999,129.7863322156844,-132.88,-132.18,0.6999999999999886,9.868238778281917,0.5290007323369305,8.814370870913024,11.383796884168303,2.5694260132552795,9.88240751841372,9.400663634552615,9.432426546758794,0.03176291220617955,0.13040273921033946,0.032120088829892625,0.0806331817554039,0.1922970098571478,0.11166382810174388,0.13430031459382363,0.14405131030296114,0.0806331817554039,-0.06341812854755724,0.09995000000000047,0.0007399324293456406,0.09900000000000375,0.10099999999999909,0.001999999999995339,0.09995273883191043,0.09900000000000375,0.09900000000000375,0.0,0.09995000000000047,1.9990000000000094,-27.785768551412474,24.4644945734547,77.99900000000001
-0.734715,0.5700045019778353,-1.5935,0.8695,2.463,0.9298985232271314,-0.7615,-0.9231,-0.16160000000000008,-0.50528,0.6408159022683504,-1.5637,0.6125,2.1762,0.8160593722272907,-1.4516,-0.1157,1.3359,9.815584999999999,0.5134659056597622,8.7885,11.3135,2.5249999999999986,9.829005856570644,10.5387,9.8523,-0.6864000000000008,-0.012289999999999999,0.05729694494473505,-0.0964,0.1178,0.2142,0.058600204777799196,0.0837,0.0239,-0.05979999999999999,-0.10359999999999998,0.032692047962769165,-0.1571,-0.0583,0.0988,0.10863576759060525,-0.1347,-0.0667,0.06799999999999999,0.006895,0.044481945494773495,-0.0616,0.1082,0.1698,0.045013159187064396,-0.0172,-0.0154,0.0017999999999999995,-0.0009749999999999998,0.02106724649782216,-0.0451,0.0514,0.0965,0.02108979611091582,-0.0055,-0.0158,-0.010300000000000002,0.001415,0.012337312308602712,-0.02,0.0201,0.0401,0.012418192300008887,0.0032,0.0063,0.0031,9.806555,6.689544080114235e-05,9.8064,9.8066,0.00019999999999953388,9.806555000228164,9.8066,9.8066,0.0,-12.642,1.0700261679043181,-14.31,-10.94,3.370000000000001,12.687203001449927,-11.69,-12.37,-0.6799999999999997,-27.244999999999997,1.1365144081796765,-29.12,-25.31,3.8100000000000023,27.268694321510885,-28.87,-25.31,3.5600000000000023,3.9794999999999994,1.0443250212457804,2.38,6.13,3.75,4.114247804884873,6.13,3.31,-2.82,331.14250000000004,6.022252796919106,317.47,340.84,23.369999999999948,331.1972566839889,336.92,325.25,-11.670000000000016,-83.36600000000001,0.35185792587349807,-83.89,-82.72,1.1700000000000017,83.36674252962028,-83.36,-83.89,-0.5300000000000011,-129.68299999999996,3.101877012391046,-134.14,-124.05,10.08999999999999,129.72009146620272,-133.87,-131.58,2.289999999999992,9.893011910656076,0.518011222481703,8.814370870913024,11.383796884168303,2.5694260132552795,9.906564504963363,10.66542181538077,9.896126282035816,-0.7692955333449536,0.1268255219543246,0.034310136709333146,0.07250696518266365,0.1922970098571478,0.11979004467448413,0.13138454437261635,0.1595168329675586,0.07250696518266365,-0.08700986778489496,0.10005000000000024,0.0007399324293457846,0.09900000000000375,0.10099999999999909,0.001999999999995339,0.10005273609452191,0.09999999999999432,0.10099999999999909,0.0010000000000047748,0.10005000000000024,2.0010000000000048,-27.659034089436716,24.401165169691737,78.10000000000001
-0.7564600000000001,0.5788385503748001,-1.5935,0.8695,2.463,0.9525155111597922,-1.124,-1.1964,-0.0723999999999998,-0.4045300000000001,0.6425124341987476,-1.5637,0.6125,2.1762,0.7592540740753387,-0.9031,0.5634,1.4665,9.794704999999999,0.49166397821581337,8.7885,11.3135,2.5249999999999986,9.807037243964153,9.947,10.1211,0.17410000000000103,-0.014605000000000003,0.05422482342064379,-0.0964,0.1178,0.2142,0.05615725687745085,-0.0884,0.0374,0.12580000000000002,-0.097605,0.03713140820114422,-0.1571,-0.0148,0.14229999999999998,0.10442929426171567,-0.1407,-0.0148,0.12589999999999998,0.005420000000000003,0.045728116077529364,-0.0616,0.1082,0.1698,0.04604820300511194,0.0136,-0.0467,-0.0603,-3.999999999999958e-05,0.021259760111534656,-0.0451,0.0514,0.0965,0.021259797741276846,-0.0105,0.0132,0.0237,0.0018150000000000002,0.012517079331856933,-0.02,0.0201,0.0401,0.012647984029085426,0.0102,0.0112,0.0009999999999999992,9.806555,6.689544080114235e-05,9.8064,9.8066,0.00019999999999953388,9.806555000228165,9.8065,9.8066,9.999999999976694e-05,-12.6795,1.0489398219154424,-14.31,-10.94,3.370000000000001,12.722813957611736,-11.06,-12.44,-1.379999999999999,-27.051499999999997,1.17225967686345,-29.12,-25.0,4.120000000000001,27.076887653495188,-28.0,-25.0,3.0,3.8259999999999996,0.9370666998671974,2.38,5.88,3.5,3.9390823804536,5.88,3.06,-2.82,330.543,6.014059444335414,317.47,340.84,23.369999999999948,330.5977068281025,339.1,324.93,-14.170000000000016,-83.3995,0.380427062654591,-84.03,-82.72,1.3100000000000023,83.40036765506493,-83.42,-84.03,-0.6099999999999994,-129.58999999999997,3.0011980940950895,-134.14,-124.05,10.08999999999999,129.6247479843259,-134.14,-132.01,2.1299999999999955,9.870097209408126,0.49286218087200934,8.814370870913024,11.383796884168303,2.5694260132552795,9.882395056488079,10.05095889007611,10.20712779042175,0.15616890034563902,0.12193135598648153,0.036225632186311335,0.06163351361069723,0.1922970098571478,0.13066349624645057,0.12719886791949053,0.16672135436110155,0.06163351361069723,-0.10508784075040432,0.1,0.0007745966692405955,0.09899999999998954,0.10099999999999909,0.0020000000000095497,0.10000299995500135,0.10099999999999909,0.09899999999998954,-0.0020000000000095497,0.1,2.0,-27.531330154999978,24.34283915643921,78.199
-0.7133900000000001,0.5819275254703115,-1.5935,0.8695,2.463,0.9206329002376572,-1.3101,-0.2626,1.0475,-0.33682,0.6575820227165581,-1.5637,0.6125,2.1762,0.7388246266875516,-0.2193,0.4511,0.6704,9.783174999999998,0.4906601898208166,8.7885,11.3135,2.5249999999999986,9.795471428292771,10.2508,9.7164,-0.5343999999999998,-0.011584999999999995,0.0516516918890369,-0.0964,0.1178,0.2142,0.05293495536977432,-0.0545,-0.0279999999999999,0.0265000000000001,-0.09011499999999999,0.04241556642318949,-0.1571,0.0091,0.1662,0.09959816012356855,-0.1184,0.0091,0.1275,0.004065,0.04586695188259189,-0.0616,0.1082,0.1698,0.04604673169726598,0.0143,-0.0135,-0.0278,0.0009950000000000002,0.021229189221446964,-0.0451,0.0514,0.0965,0.021252493971296638,-0.0157,0.0102,0.0259,0.00209,0.01275640623373213,-0.02,0.0201,0.0401,0.012926484440867903,0.0085,0.0157,0.007199999999999998,9.806560000000001,6.63324958069534e-05,9.8064,9.8066,0.00019999999999953388,9.80656000022434,9.8066,9.8066,0.0,-12.732499999999998,0.9909484093533832,-14.31,-10.94,3.370000000000001,12.771003680212454,-11.5,-12.12,-0.6199999999999992,-26.8825,1.263431339646124,-29.12,-24.62,4.5,26.912173174977898,-27.81,-24.62,3.1899999999999977,3.6885,0.8200382613024834,2.38,5.75,3.37,3.7785572643536844,5.75,3.13,-2.62,329.73850000000004,5.890490875130865,317.47,340.84,23.369999999999948,329.79111004543466,340.84,323.01,-17.829999999999984,-83.43550000000002,0.41330950872197475,-84.14,-82.72,1.4200000000000017,83.43652368717191,-83.62,-84.14,-0.519999999999996,-129.5695,2.971300178373098,-133.73,-124.05,9.679999999999993,129.60356459218244,-132.98,-133.73,-0.75,9.854069765320284,0.49193122354717816,8.814370870913024,11.383796884168303,2.5694260132552795,9.866341128731563,10.336505944466921,9.73041000831928,-0.606095936147641,0.11521474805489847,0.03959502911536082,0.03238919572944031,0.1922970098571478,0.1599078141277075,0.12182858654683634,0.1311232244875026,0.03238919572944031,-0.0987340287580623,0.09995000000000047,0.0007399324293466008,0.09899999999998954,0.10099999999999909,0.0020000000000095497,0.09995273883191043,0.09900000000000375,0.10000000000000853,0.0010000000000047748,0.09995000000000047,1.9990000000000094,-27.38174344702091,24.27717032100962,78.299
-0.7063550000000001,0.5754861149280667,-1.5935,0.8695,2.463,0.9111101220489211,-0.7428,-1.1694,-0.4266,-0.2967700000000001,0.6872434183751781,-1.5637,0.6125,2.1762,0.748582626701956,-1.0219,0.5817,1.6036000000000001,9.770135,0.48143800460183844,8.7885,11.3135,2.5249999999999986,9.781989596728264,9.7429,9.99,0.24709999999999965,-0.009759999999999994,0.05073991919583633,-0.0964,0.1178,0.2142,0.051670078381980414,0.0472,-0.018,-0.0652,-0.08291999999999998,0.04874065654051041,-0.1571,0.0255,0.18259999999999998,0.09618408392244529,-0.0723,0.0255,0.0978,0.0027149999999999995,0.04594311999636072,-0.0616,0.1082,0.1698,0.046023271287469344,0.0099,-0.0127,-0.022600000000000002,0.0017200000000000004,0.02089156767693607,-0.0451,0.0514,0.0965,0.02096225178743925,0.0078,-0.0012,-0.009,0.00177,0.012671586325318547,-0.02,0.0201,0.0401,0.01279460823941085,-0.0122,0.0021,0.0143,9.80656,6.633249580695341e-05,9.8064,9.8066,0.00019999999999953388,9.80656000022434,9.8066,9.8066,0.0,-12.726,0.9994018210909966,-14.31,-10.94,3.370000000000001,12.765182333206212,-11.06,-11.37,-0.3099999999999987,-26.692,1.3901064707424393,-29.12,-24.0,5.120000000000001,26.728173525327165,-26.87,-24.0,2.870000000000001,3.526,0.7100661940974236,2.38,5.38,3.0,3.596786065364466,5.38,2.5,-2.88,328.886,5.438583823018637,317.47,337.75,20.279999999999973,328.9309641702952,335.93,323.79,-12.139999999999986,-83.46400000000001,0.44359215502531135,-84.19,-82.72,1.4699999999999989,83.46517878732425,-83.61,-84.19,-0.5799999999999983,-129.62400000000002,3.042499630238269,-134.07,-124.05,10.019999999999996,129.6597014496023,-132.55,-134.07,-1.5199999999999818,9.840995327277346,0.4823163303324998,8.814370870913024,11.383796884168303,2.5694260132552795,9.852807623921214,9.824465983451722,10.075017183608175,0.25055120015645294,0.11034347555088439,0.04316982630670841,0.03238919572944031,0.1922970098571478,0.1599078141277075,0.11848762171636325,0.08690880277624356,0.03369777440722161,-0.05321102836902195,0.1,0.0007071067811859044,0.09899999999998954,0.10099999999999909,0.0020000000000095497,0.10000249996875078,0.10000000000000853,0.09999999999999432,-1.4210854715202004e-14,0.1,2.0,-27.240486425371273,24.21607821535055,78.399
-0.75268,0.6126459047443311,-1.6693,0.8695,2.5388,0.9704958459468026,-0.2449,-1.6693,-1.4243999999999999,-0.22611000000000003,0.6816832262128796,-1.5637,0.6125,2.1762,0.7182045342379844,-1.189,0.3913,1.5803,9.78166,0.48340301240269473,8.7885,11.3135,2.5249999999999986,9.7935974405731,9.6332,9.9734,0.3401999999999994,-0.007784999999999996,0.053606373455028646,-0.0964,0.1178,0.2142,0.05416871329466853,0.0515,0.0867,0.0352,-0.07903999999999999,0.052384123549029625,-0.1571,0.0255,0.18259999999999998,0.09482308790584706,-0.1569,0.0053,0.1622,0.0013649999999999984,0.04610854882773909,-0.0616,0.1082,0.1698,0.046128749170121656,0.0919,-0.0171,-0.109,0.0014950000000000005,0.02084906412767729,-0.0451,0.0514,0.0965,0.020902595532612686,0.0097,0.0033,-0.0064,0.00279,0.012322252229199013,-0.02,0.0201,0.0401,0.012634160043311148,-0.0108,0.0082,0.019000000000000003,9.806560000000001,6.63324958069534e-05,9.8064,9.8066,0.00019999999999953388,9.80656000022434,9.8066,9.8066,0.0,-12.788499999999999,0.9299315835049374,-14.31,-10.94,3.370000000000001,12.822265985386514,-11.37,-12.31,-0.9400000000000013,-26.5545,1.4975529206008047,-29.12,-24.0,5.120000000000001,26.596694061480648,-26.31,-24.12,2.1899999999999977,3.351,0.6611875679412008,1.88,4.69,2.8100000000000005,3.415606827490541,4.69,1.88,-2.8100000000000005,327.9415,5.763818417507616,317.04,337.75,20.70999999999998,327.99214780997426,336.24,317.04,-19.19999999999999,-83.4945,0.4726042213099665,-84.22,-82.72,1.5,83.49583753098115,-83.54,-84.22,-0.6799999999999926,-129.72050000000002,3.1620333252513317,-134.48,-124.05,10.429999999999993,129.75903272990286,-132.46,-134.48,-2.019999999999982,9.85575717052497,0.486087814747099,8.814370870913024,11.383796884168303,2.5694260132552795,9.867736861509837,9.709389231563435,10.119702848404197,0.41031361684076195,0.11042448715133249,0.04312727254725493,0.03238919572944031,0.1922970098571478,0.1599078141277075,0.1185475811646952,0.18898536980412,0.08852903478520478,-0.10045633501891522,0.1,0.0007071067811859045,0.09899999999998954,0.10099999999999909,0.0020000000000095497,0.10000249996875078,0.09999999999999432,0.10000000000000853,1.4210854715202004e-14,0.1,2.0,-27.086439672073936,24.13553606787879,78.49900000000001
-0.7804599999999999,0.6014861489677049,-1.6693,0.8695,2.5388,0.985344304799089,-0.5232,-0.8005,-0.2773,-0.20586000000000002,0.6583966611397722,-1.5637,0.6125,2.1762,0.6898293288922993,-0.2829,-0.784,-0.5011000000000001,9.806610000000001,0.4879527291654385,8.7885,11.3135,2.5249999999999986,9.81874215762895,10.0874,10.1322,0.04479999999999862,-0.008599999999999993,0.05281693857087894,-0.0964,0.1178,0.2142,0.05351251255547621,-0.0243,0.0352,0.0595,-0.07369499999999998,0.04954376323009789,-0.1571,0.0255,0.18259999999999998,0.0888005489847895,-0.1571,-0.05,0.10709999999999999,-0.0025550000000000004,0.041329958565186106,-0.0616,0.1082,0.1698,0.041408857748071244,0.1082,0.0135,-0.0947,0.0012699999999999999,0.020783481421552067,-0.0451,0.0514,0.0965,0.02082224771728547,0.0031,0.0052,0.0021,0.0033549999999999995,0.011939282851159864,-0.02,0.0201,0.0401,0.012401713591274392,-0.0167,0.0005,0.0172,9.80656,6.633249580695341e-05,9.8064,9.8066,0.00019999999999953388,9.80656000022434,9.8066,9.8066,0.0,-12.819999999999999,0.8912126570016834,-14.31,-10.94,3.370000000000001,12.85094004343651,-10.94,-12.0,-1.0600000000000005,-26.439,1.5976886430090187,-29.12,-24.0,5.120000000000001,26.487229564452374,-27.44,-24.0,3.4400000000000013,3.1820000000000004,0.7261170704507641,1.31,4.31,2.9999999999999996,3.263796868679177,3.44,1.31,-2.13,326.62600000000003,6.653458799752201,309.93,337.75,27.819999999999993,326.69375933739536,323.97,309.93,-14.04000000000002,-83.52550000000002,0.4944034283861708,-84.22,-82.72,1.5,83.5269632214652,-83.27,-84.16,-0.8900000000000006,-129.883,3.3749831110688535,-135.71,-124.05,11.66000000000001,129.92684172256324,-131.67,-135.71,-4.0400000000000205,9.879985985111237,0.4902472784274502,8.814370870913024,11.383796884168303,2.5694260132552795,9.892141601291401,10.104920059555148,10.193965523288764,0.08904546373361555,0.10410622888148666,0.040320132788416146,0.03238919572944031,0.1922970098571478,0.1599078141277075,0.11164147974655297,0.1922970098571478,0.06262020440720392,-0.12967680544994387,0.1,0.0007071067811859045,0.09899999999998954,0.10099999999999909,0.0020000000000095497,0.10000249996875078,0.09999999999999432,0.09999999999999432,0.0,0.1,2.0,-26.929046959623662,24.046677949395416,78.599
-0.819685,0.6089638349483489,-1.6693,0.8695,2.5388,1.0211368426905378,-0.9816,-1.3077,-0.32610000000000006,-0.1898,0.6602364629433912,-1.5637,0.6125,2.1762,0.6869761473297308,-0.7120000000000001,0.0383,0.7503000000000001,9.808245000000001,0.48894461902653125,8.7885,11.3135,2.5249999999999986,9.820424472521543,9.6826,10.1201,0.4375,-0.006879999999999997,0.05283777625903648,-0.0964,0.1178,0.2142,0.05328381555406857,-0.0425,0.0101,0.0526,-0.065965,0.04796298859537425,-0.1451,0.0255,0.1706,0.081558748764311,-0.1394,-0.0025,0.1369,-0.00972,0.03311274075035167,-0.0616,0.0664,0.128,0.03450988264251271,0.0613,-0.0351,-0.0964,0.0013850000000000002,0.020799646030641963,-0.0451,0.0514,0.0965,0.020845706992088323,0.0043,0.0054,0.0011000000000000003,0.004595,0.011046468892818193,-0.02,0.0201,0.0401,0.011964050317513714,-0.02,0.0081,0.0281,9.806555000000001,6.689544080114236e-05,9.8064,9.8066,0.00019999999999953388,9.806555000228165,9.8066,9.8065,-9.999999999976694e-05,-12.876,0.8020498737609777,-14.31,-11.37,2.9400000000000013,12.900955778546022,-11.81,-12.06,-0.25,-26.314000000000004,1.6122140056456524,-29.12,-24.0,5.120000000000001,26.363342542249836,-27.69,-24.94,2.75,3.0540000000000003,0.8789163782749755,0.88,4.31,3.4299999999999997,3.1779568908341096,2.38,0.88,-1.5,325.8075,7.8323233302769095,307.6,337.75,30.149999999999977,325.9016298593795,317.47,307.6,-9.870000000000005,-83.56950000000002,0.5086597585813131,-84.22,-82.72,1.5,83.57104800707,-82.93,-84.15,-1.2199999999999989,-130.1665,3.732400400546544,-137.34,-124.05,13.290000000000006,130.22000051835354,-130.7,-137.34,-6.640000000000015,9.884955549786017,0.49299825329773983,8.814370870913024,11.383796884168303,2.5694260132552795,9.89724171165886,9.758238843151975,10.20431135305073,0.44607250989875524,0.09632186329706202,0.03747032360391484,0.03238919572944031,0.1581021821481285,0.12571298641868817,0.10335340584615486,0.1581021821481285,0.03660969816865471,-0.12149248397947378,0.10005000000000024,0.0007399324293467449,0.09899999999998954,0.10099999999999909,0.0020000000000095497,0.10005273609452192,0.10000000000000853,0.10099999999999909,0.000999999999990564,0.10005000000000024,2.0010000000000048,-26.785855053554883,23.923287976813867,78.7
-0.8455450000000001,0.626032945199372,-1.6693,0.8695,2.5388,1.0520758506400574,0.4362,-1.4988,-1.9349999999999998,-0.13453500000000002,0.6604722592774052,-1.5637,0.6125,2.1762,0.6740350669661037,-1.5637,0.3933,1.957,9.80502,0.48997434892043057,8.7885,11.3135,2.5249999999999986,9.81725481298107,10.0702,9.6181,-0.4520999999999997,-0.006449999999999992,0.05258051445164834,-0.0964,0.1178,0.2142,0.052974644878469916,-0.0243,-0.0339,-0.009600000000000001,-0.059675,0.046134085825992044,-0.1451,0.0255,0.1706,0.07542850588471178,-0.0919,-0.0136,0.0783,-0.012065,0.029459315589470167,-0.0616,0.0664,0.128,0.03183418759761272,0.0106,0.0144,0.0037999999999999996,0.0015199999999999953,0.020826872064714855,-0.0451,0.0514,0.0965,0.020882265202798282,0.0295,0.0069999999999999,-0.022500000000000096,0.005659999999999999,0.009549209391358008,-0.0193,0.0201,0.039400000000000004,0.011100585570139982,-0.0193,0.0013,0.0206,9.806555,6.689544080114235e-05,9.8064,9.8066,0.00019999999999953388,9.806555000228165,9.8066,9.8066,0.0,-12.895,0.780791265319996,-14.31,-11.37,2.9400000000000013,12.918616799023027,-12.87,-12.19,0.6799999999999997,-26.1795,1.603996493138311,-29.12,-24.0,5.120000000000001,26.22859174641292,-29.12,-25.0,4.120000000000001,3.007,0.9369210212179039,0.88,4.31,3.4299999999999997,3.1495825120164733,3.25,1.44,-1.81,325.2335,8.785031744393414,305.99,337.75,31.75999999999999,325.3521266335907,323.21,305.99,-17.21999999999997,-83.63100000000001,0.5019352547889022,-84.22,-82.72,1.5,83.63250624009781,-82.82,-84.16,-1.3400000000000034,-130.5695,4.176910909990778,-138.76,-124.05,14.709999999999994,130.63629248796065,-130.18,-138.76,-8.579999999999984,9.884149689349844,0.4932178509800601,8.814370870913024,11.383796884168303,2.5694260132552795,9.896447793526725,10.20021353550993,9.742121634428509,-0.4580919010814206,0.0903798703349715,0.03661512034984643,0.03238919572944031,0.14794907907790436,0.11555988334846405,0.09751506550272115,0.09564758230086111,0.03926232290631822,-0.05638525939454289,0.1,0.0007745966692405955,0.09899999999998954,0.10099999999999909,0.0020000000000095497,0.10000299995500136,0.09999999999999432,0.09900000000000375,-0.000999999999990564,0.1,2.0,-26.615199136054827,23.804132786702397,78.799
-0.9258650000000002,0.5555110055390442,-1.6693,0.8695,2.5388,1.079730742129722,-0.4368,-1.1702,-0.7333999999999998,-0.051925,0.5742480247027411,-1.5279,0.6125,2.1404,0.5765908423657109,-0.5144,0.0885,0.6029,9.787480000000002,0.4864336836609897,8.7885,11.3135,2.5249999999999986,9.799560320698067,8.7885,9.7194,0.9308999999999994,-0.0026799999999999945,0.053853194891296835,-0.0964,0.1178,0.2142,0.05391983864961022,-0.0964,0.0511,0.1475,-0.056105,0.04626467848153708,-0.1451,0.0255,0.1706,0.0727199525577403,-0.0886,-0.0205,0.0681,-0.012335,0.029274515794458493,-0.0616,0.0664,0.128,0.031767113498081624,-0.0174,0.0052,0.0226,0.00017499999999999504,0.019820794005286465,-0.0451,0.0514,0.0965,0.01982156653748638,-0.0042,0.0026,0.0068,0.0063750000000000005,0.008075139317683628,-0.0131,0.0201,0.0332,0.010288270019784666,0.0016,-0.005,-0.0066,9.806555000000001,6.689544080114236e-05,9.8064,9.8066,0.00019999999999953388,9.806555000228165,9.8066,9.8066,0.0,-12.898499999999999,0.7808282461591668,-14.31,-11.37,2.9400000000000013,12.922112636871729,-12.87,-12.94,-0.07000000000000028,-26.023500000000002,1.4552500644219188,-29.06,-24.0,5.059999999999999,26.064157477271348,-29.06,-26.0,3.0599999999999987,2.9225000000000003,0.9861129499200383,0.88,4.31,3.4299999999999997,3.0843840552045396,3.75,1.56,-2.19,324.56950000000006,9.393668865251744,305.99,337.75,31.75999999999999,324.70540701534367,329.24,309.93,-19.310000000000002,-83.69000000000001,0.471571839702075,-84.22,-82.72,1.5,83.69132858307364,-82.72,-84.0,-1.2800000000000011,-131.036,4.606300467837501,-139.51,-124.05,15.459999999999994,131.11693750236847,-129.71,-139.51,-9.799999999999983,9.863638595439339,0.48815121894704366,8.814370870913024,11.383796884168303,2.5694260132552795,9.875710503756173,8.814370870913024,9.789991657299817,0.9756207863867932,0.08836267656633834,0.03737281619081818,0.03238919572944031,0.14794907907790436,0.11555988334846405,0.09594107566626506,0.13208209568295015,0.05530370692819786,-0.07677838875475229,0.10005000000000024,0.000804673846970628,0.09899999999998954,0.10099999999999909,0.0020000000000095497,0.1000532358297324,0.10099999999999909,0.10099999999999909,0.0,0.10005000000000024,2.0010000000000048,-26.446049141479563,23.671272204723437,78.9
-0.9513849999999999,0.5440631739743097,-1.6693,0.8695,2.5388,1.0959644864228038,-0.9909,-0.9472,0.04369999999999996,-0.03392,0.5650367152672471,-1.5279,0.6125,2.1404,0.5660539338260976,0.0225,-0.1543,-0.17679999999999998,9.826465000000002,0.4331328113581329,9.3548,11.3135,1.9587000000000003,9.836006223488273,9.4949,9.5682,0.0732999999999997,0.002110000000000005,0.04937881023273039,-0.0721,0.1178,0.1899,0.04942387075088312,0.0483,-0.0006,-0.048900000000000006,-0.05116999999999999,0.04777473286162885,-0.1451,0.0255,0.1706,0.07000567119883931,-0.1106,0.0101,0.1207,-0.011469999999999998,0.029367517770489213,-0.0616,0.0664,0.128,0.03152795584873843,0.0664,-0.0001,-0.0665,0.000564999999999995,0.01980760649346609,-0.0451,0.0514,0.0965,0.01981566299673064,-0.0384,0.0036,0.041999999999999996,0.006129999999999999,0.008287828424864984,-0.0131,0.0201,0.0332,0.010308491645240829,0.0028,-0.0033,-0.0060999999999999995,9.806555,6.689544080114235e-05,9.8064,9.8066,0.00019999999999953388,9.806555000228165,9.8065,9.8066,9.999999999976694e-05,-12.905000000000001,0.7811049865415022,-14.31,-11.37,2.9400000000000013,12.92861748215949,-13.5,-13.0,0.5,-25.870500000000003,1.2780276796689498,-28.75,-24.0,4.75,25.9020486641501,-28.75,-26.0,2.75,2.8005000000000004,1.0263063626422668,0.88,4.31,3.4299999999999997,2.982633903113153,4.06,1.31,-2.7499999999999996,323.33050000000003,10.28760490833508,304.46,337.75,33.29000000000002,323.4941221181615,333.29,304.46,-28.83000000000004,-83.75150000000001,0.4182496264194381,-84.22,-82.86,1.3599999999999994,83.75254434941067,-82.9,-83.95,-1.0499999999999972,-131.53900000000002,4.9690259608901215,-139.77,-124.05,15.720000000000013,131.63282166693838,-126.83,-139.77,-12.940000000000012,9.903730429199545,0.4297641513051451,9.430428682726996,11.383796884168303,1.9533682014413074,9.913050672724316,9.546492291412589,9.616207546117128,0.06971525470453876,0.08226448679481647,0.03962422506984164,0.01011830025251277,0.14794907907790436,0.1378307788253916,0.0913100487350653,0.137746905591378,0.01011830025251277,-0.12762860533886525,0.09995000000000047,0.0008046738469704955,0.09899999999998954,0.10099999999999909,0.0020000000000095497,0.09995323906707623,0.10000000000000853,0.09900000000000375,-0.0010000000000047748,0.09995000000000047,1.9990000000000094,-26.257733485323087,23.560133058148878,78.99900000000001
-0.93528,0.5474121012546216,-1.6693,0.8695,2.5388,1.083701382761875,-1.0221,-0.6688,0.35330000000000006,-0.032615,0.5651956327458661,-1.5279,0.6125,2.1404,0.5661358860732996,-0.7422,0.0486,0.7908,9.862979999999999,0.4344230652255931,9.3548,11.3135,1.9587000000000003,9.87254262487633,11.3135,10.2252,-1.0883000000000003,-0.0022599999999999947,0.048963327092835504,-0.0721,0.1178,0.1899,0.049015456745806214,-0.0589,-0.0391,0.019799999999999998,-0.04552,0.04708920895491875,-0.1451,0.0255,0.1706,0.06549399972516566,-0.0935,0.0024,0.0959,-0.016925000000000003,0.024047304942550217,-0.0616,0.0256,0.0872,0.029406266338996526,-0.0123,-0.0427,-0.030400000000000003,0.0021149999999999945,0.017810032987055358,-0.0451,0.0514,0.0965,0.01793517493642033,-0.0093,-0.0074,0.001899999999999999,0.005960000000000001,0.008388647089966296,-0.0131,0.0201,0.0332,0.010290335271505977,0.0189,-0.0006,-0.0195,9.806560000000001,6.63324958069534e-05,9.8064,9.8066,0.00019999999999953388,9.80656000022434,9.8066,9.8066,0.0,-12.932999999999998,0.8113821541049572,-14.31,-11.37,2.9400000000000013,12.958426987871636,-13.62,-14.06,-0.4400000000000013,-25.755000000000003,1.1052850311118847,-28.25,-24.0,4.25,25.778705941144526,-28.25,-26.44,1.8099999999999987,2.6505,1.0502165252937128,0.88,4.31,3.4299999999999997,2.8509831637524625,4.06,1.06,-2.9999999999999996,321.9235,10.743468376180948,304.46,337.75,33.29000000000002,322.1027195864698,335.98,305.15,-30.83000000000004,-83.802,0.3706561749114669,-84.22,-82.86,1.3599999999999994,83.8028197019647,-82.86,-83.91,-1.0499999999999972,-132.173,5.133943026563499,-139.77,-124.05,15.720000000000013,132.27267026865377,-124.21,-139.51,-15.299999999999997,9.93876401559773,0.42776892215274637,9.430428682726996,11.383796884168303,1.9533682014413074,9.947965440656697,11.383796884168303,10.247164019376287,-1.1366328647920163,0.07827449375479317,0.03781284341901362,0.01011830025251277,0.14794907907790436,0.1378307788253916,0.08692932474142429,0.11118790401837783,0.05794704479091234,-0.05324085922746549,0.1,0.0008366600265329748,0.09899999999998954,0.10099999999999909,0.0020000000000095497,0.10000349993875216,0.09999999999999432,0.10099999999999909,0.0010000000000047748,0.1,2.0,-26.082785700079768,23.403164388529348,79.10000000000001
-0.9505250000000001,0.5538257315031507,-1.6693,0.8695,2.5388,1.1001003211071252,-1.5935,-1.327,0.26649999999999996,-0.0023750000000000064,0.5421301475430047,-1.5279,0.6125,2.1404,0.5421353497974468,-1.5279,-0.1374,1.3905,9.801085,0.2862732231191034,9.3548,10.2812,0.926400000000001,9.80526488859429,9.3548,10.0756,0.7208000000000006,-0.000224999999999995,0.047387402070592555,-0.0721,0.1178,0.1899,0.04738793622853816,-0.0486,-0.0182,0.030399999999999996,-0.042194999999999996,0.04591713705143212,-0.1451,0.0255,0.1706,0.06236025577240683,-0.0627,-0.027,0.03570000000000001,-0.016845,0.024065212963944448,-0.0616,0.0256,0.0872,0.029374963829764966,-0.0441,-0.0107,0.0334,0.0026749999999999947,0.017617345855718444,-0.0451,0.0514,0.0965,0.017819273273621455,0.0038,0.0019,-0.0019,0.005314999999999999,0.007847373764515107,-0.0131,0.0201,0.0332,0.009477895335991002,0.0142,0.006,-0.0082,9.80656,6.633249580695341e-05,9.8064,9.8066,0.00019999999999953388,9.80656000022434,9.8066,9.8066,0.0,-12.952000000000002,0.8314481342813878,-14.31,-11.37,2.9400000000000013,12.978659792135703,-13.19,-14.0,-0.8100000000000005,-25.73,1.052986229729525,-27.75,-24.0,3.75,25.751537429831252,-27.37,-27.75,-0.379999999999999,2.5255,1.0234523682126102,0.88,4.31,3.4299999999999997,2.724996330272759,4.31,1.56,-2.7499999999999996,320.5105,10.659889997087213,304.46,337.75,33.29000000000002,320.68772016558415,337.75,307.72,-30.029999999999973,-83.85900000000001,0.3028679580279168,-84.22,-83.14,1.0799999999999983,83.85954692221989,-83.14,-84.0,-0.8599999999999994,-133.0025,5.12055551185611,-140.8,-124.05,16.750000000000014,133.10103341071397,-124.05,-140.8,-16.750000000000014,9.877751116753819,0.2781795552672524,9.430428682726996,10.315827991004891,0.8853993082778953,9.881667419494546,9.611763818363412,10.163538907290118,0.5517750889267052,0.07442881527492243,0.038179287012350974,0.01011830025251277,0.14794907907790436,0.1378307788253916,0.08364990436336434,0.09076375928750417,0.03427433442096287,-0.0564894248665413,0.09994999999999976,0.0008645808232890551,0.09899999999998954,0.10099999999999909,0.0020000000000095497,0.09995373929973783,0.09999999999999432,0.09899999999998954,-0.0010000000000047748,0.09994999999999976,1.9989999999999952,-25.8798651019398,23.280075189101524,79.199
-0.91959,0.5339705871113127,-1.6693,0.8695,2.5388,1.063376864521699,-1.252,-0.9748,0.2772,0.10263499999999999,0.4278191653900045,-1.0665,0.6125,1.679,0.4399581588060392,0.3187,0.5723,0.25360000000000005,9.830100000000002,0.2684212621980605,9.3764,10.2812,0.9047999999999998,9.83376408014754,9.5532,9.9351,0.3818999999999999,0.002815000000000005,0.04611980350131601,-0.0721,0.1178,0.1899,0.046205632773505,0.1178,0.0122,-0.1056,-0.03871000000000001,0.04686387628013713,-0.1451,0.0255,0.1706,0.06078393702286813,-0.0591,0.0069999999999999,0.0660999999999999,-0.014995,0.023309192928971177,-0.0616,0.0256,0.0872,0.0277158528643807,-0.0616,-0.0071,0.0545,0.001989999999999995,0.017825400416259938,-0.0451,0.0514,0.0965,0.017936136707775174,0.0195,-0.0099,-0.029400000000000003,0.004785,0.007582893576992888,-0.0131,0.0201,0.0332,0.008966409537825048,0.0201,0.0036,-0.0165,9.806555000000001,6.689544080114236e-05,9.8064,9.8066,0.00019999999999953388,9.806555000228165,9.8065,9.8065,0.0,-12.992500000000001,0.8612483671972914,-14.31,-11.37,2.9400000000000013,13.021013977413586,-14.31,-14.0,0.3100000000000005,-25.78,1.1490343772054863,-28.37,-24.0,4.370000000000001,25.805593967200213,-26.87,-28.37,-1.5,2.3880000000000003,0.9570454534660305,0.88,3.81,2.93,2.5726406667080424,3.81,1.56,-2.25,318.98550000000006,10.258638055317093,304.46,336.1,31.640000000000043,319.1504173035028,336.1,307.25,-28.850000000000023,-83.90650000000001,0.2574737850733548,-84.22,-83.39,0.8299999999999983,83.90689503848894,-83.39,-84.09,-0.7000000000000028,-133.868,4.99560066458479,-141.36,-124.74,16.62000000000002,133.96117889149826,-124.74,-141.36,-16.62000000000002,9.897122860080383,0.272412580425889,9.430428682726996,10.315827991004891,0.8853993082778953,9.900871149626179,9.64016099087562,9.999198684894706,0.3590376940190865,0.07067842487337665,0.0400296921973983,0.01011830025251277,0.14794907907790436,0.1378307788253916,0.08122694134337449,0.14547924250558908,0.01575595125658869,-0.1297232912490004,0.09995000000000047,0.0008645808232890962,0.09899999999998954,0.10099999999999909,0.0020000000000095497,0.09995373929973853,0.09900000000000375,0.10000000000000853,0.0010000000000047748,0.09995000000000047,1.9990000000000094,-25.70103525947181,23.105658325249294,79.299
-0.8958849999999998,0.5291896099461894,-1.6693,0.8695,2.5388,1.0405054428017182,0.8695,-0.7779,-1.6474000000000002,0.11715999999999997,0.4396754068628355,-1.0665,0.6125,1.679,0.45501750405890984,-1.0665,0.6092,1.6757,9.831840000000001,0.2667281132539275,9.3764,10.2812,0.9047999999999998,9.835457369741379,9.6401,9.588,-0.052100000000001145,-0.0036599999999999953,0.037875683492182684,-0.0721,0.0867,0.1588,0.03805210900856876,-0.0589,-0.0117,0.0472,-0.03483500000000001,0.04820266875391859,-0.1451,0.0255,0.1706,0.05947246842026989,-0.1115,0.0184,0.12990000000000002,-0.01261,0.020714461132262163,-0.0543,0.0256,0.0799,0.02425079380144081,0.0043,-0.0139,-0.0182,0.0011499999999999948,0.017370506613222307,-0.0451,0.0514,0.0965,0.017408532390755974,0.0514,0.0027,-0.0487,0.0038650000000000004,0.006738121028892253,-0.0131,0.0179,0.031,0.0077679147781113045,-0.0131,0.0017,0.0148,9.806560000000001,6.63324958069534e-05,9.8064,9.8066,0.00019999999999953388,9.806560000224339,9.8064,9.8066,0.00019999999999953388,-12.961500000000001,0.8236035150483516,-14.06,-11.37,2.6900000000000013,12.987640470847657,-14.06,-13.69,0.370000000000001,-25.849,1.249463484860602,-28.37,-24.0,4.370000000000001,25.879180048834623,-26.0,-28.25,-2.25,2.3070000000000004,0.9001283241849464,0.88,3.69,2.81,2.476384461266061,3.0,2.19,-0.81,317.537,9.773629878402394,304.46,330.49,26.03000000000003,317.68737810936085,329.49,307.13,-22.360000000000014,-83.9435,0.23255698226456253,-84.22,-83.39,0.8299999999999983,83.94382213718886,-83.5,-84.13,-0.6299999999999955,-134.70800000000003,4.798685861775074,-141.54,-126.45,15.08999999999999,134.79344438807104,-126.45,-141.54,-15.08999999999999,9.89705359567949,0.2724780757193612,9.430428682726996,10.315827991004891,0.8853993082778953,9.900803713714357,9.737811895390053,9.638775702857702,-0.09903619253235085,0.06469738579298426,0.03724629876314905,0.01011830025251277,0.14794907907790436,0.1378307788253916,0.07465278628423724,0.12617428422622415,0.025858460897740992,-0.10031582332848316,0.10005000000000024,0.0008645808232892195,0.09899999999998954,0.10099999999999909,0.0020000000000095497,0.10005373556244689,0.10099999999999909,0.10099999999999909,0.0,0.10005000000000024,2.0010000000000048,-25.482532064930297,22.967120088818632,79.4
-1.006335,0.34907441079947404,-1.6693,-0.2626,1.4067,1.0651587095358137,-0.8971,-1.3395,-0.4423999999999999,0.19054,0.3491538133831564,-0.784,0.6125,1.3965,0.39776108029821117,0.2249,0.4011,0.17620000000000002,9.814220000000002,0.2894816533046611,9.2877,10.2812,0.9935000000000009,9.818488368175624,9.6712,9.2877,-0.3835000000000015,-0.0019599999999999956,0.03607854487087859,-0.0721,0.0867,0.1588,0.03613174504504314,-0.0721,-0.0249,0.0472,-0.027140000000000008,0.047630561617516116,-0.1451,0.0424,0.1875,0.05482016052512068,-0.0583,0.0424,0.1007,-0.014244999999999999,0.020605447702003468,-0.0543,0.0256,0.0799,0.025050039920127873,-0.0543,-0.0284,0.0259,-0.0016000000000000048,0.013001807566642414,-0.0451,0.0132,0.058300000000000005,0.013099885495682775,-0.0451,-0.0036,0.0415,0.00495,0.005563766709703059,-0.005,0.0179,0.0229,0.007447012823944914,0.0179,0.0086,-0.0093,9.80657,5.567764362817046e-05,9.8064,9.8066,0.00019999999999953388,9.806570000158057,9.8064,9.8066,0.00019999999999953388,-12.977,0.8467236857440568,-14.37,-11.37,3.0,13.004594188209028,-14.06,-14.37,-0.3099999999999987,-25.9865,1.4006793887253426,-28.75,-24.0,4.75,26.024221121870294,-26.56,-28.75,-2.1900000000000013,2.282,0.887387175927171,0.88,3.69,2.81,2.4484648251506496,3.06,2.5,-0.56,316.62050000000005,9.464325900453765,304.46,330.49,26.03000000000003,316.7619208254048,326.39,311.16,-15.229999999999961,-83.981,0.21803440095544577,-84.25,-83.39,0.8599999999999994,83.98128303378081,-83.39,-84.25,-0.8599999999999994,-135.484,4.653204702138085,-141.97,-127.29,14.679999999999993,135.5638837227674,-128.62,-141.97,-13.349999999999994,9.87978123083191,0.2922560870222422,9.392364598438457,10.315827991004891,0.9234633925664344,9.884102932967666,9.715321809389538,9.392364598438457,-0.3229572109510812,0.06122783078819882,0.034487827373896614,0.01011830025251277,0.14794907907790436,0.1378307788253916,0.0702727365341638,0.10745133782322117,0.05678318413051526,-0.05066815369270591,0.1,0.0008366600265338241,0.09899999999998954,0.10099999999999909,0.0020000000000095497,0.10000349993875216,0.09900000000000375,0.09999999999999432,0.000999999999990564,0.1,2.0,-25.2591476081827,22.78763717833806,79.5
-1.04928,0.3840728285104272,-1.756,-0.2626,1.4934,1.1173631710415375,-0.8417,-1.756,-0.9143,0.19416499999999998,0.34986735668678776,-0.784,0.6125,1.3965,0.4001339956814467,0.0691,0.2974,0.2283,9.853145,0.3185176250617853,9.2877,10.4497,1.1620000000000008,9.858291934635533,10.2812,10.4497,0.16849999999999987,0.002290000000000004,0.032383003257882056,-0.0447,0.0867,0.1314,0.03246387222744693,-0.0016,0.0129,0.0145,-0.022785000000000007,0.04855534239401469,-0.1451,0.0424,0.1875,0.053635599185615515,-0.0915,0.0288,0.12029999999999999,-0.010249999999999999,0.020193699512471706,-0.0467,0.0256,0.0723,0.022646147575249968,-0.0336,0.0256,0.0592,0.0007799999999999949,0.00834329671053355,-0.0158,0.0132,0.029,0.008379677798101781,-0.0094,0.0025,0.0119,0.0034349999999999997,0.005943591086203692,-0.0124,0.0157,0.0281,0.006864801526628428,0.0029,-0.0124,-0.0153,9.80658,3.999999999990678e-05,9.8065,9.8066,9.999999999976694e-05,9.80658000008158,9.8066,9.8066,0.0,-12.989500000000001,0.8642827951544566,-14.37,-11.37,3.0,13.018221652745048,-13.5,-14.31,-0.8100000000000005,-26.1115,1.5498879798230578,-29.06,-24.0,5.059999999999999,26.157457540823803,-26.31,-29.06,-2.75,2.279,0.8848497047521685,0.88,3.69,2.81,2.444749475917727,3.13,3.0,-0.1299999999999999,315.93949999999995,9.223820507251862,304.46,330.49,26.03000000000003,316.07411555677885,329.14,312.77,-16.370000000000005,-84.0285,0.18510199890871057,-84.34,-83.6,0.7400000000000091,84.02870387552102,-83.6,-84.34,-0.7400000000000091,-136.0895,4.506216234270165,-141.97,-127.29,14.679999999999993,136.16408482048413,-127.29,-140.73,-13.439999999999984,9.924034509937734,0.32873482408310695,9.392364598438457,10.600387391506029,1.2080227930675722,9.929477707261345,10.315827991004891,10.600387391506029,0.2845594005011378,0.05788701806523823,0.03305482777923344,0.01011830025251277,0.14794907907790436,0.1378307788253916,0.06665979672936304,0.09748728122170604,0.04063508336400948,-0.05685219785769656,0.10005000000000024,0.0008046738469715108,0.09899999999998954,0.10099999999999909,0.0020000000000095497,0.1000532358297324,0.10099999999999909,0.10000000000000853,-0.000999999999990564,0.10005000000000024,2.0010000000000048,-25.0472943347352,22.610815018715726,79.60000000000001
-1.0876249999999998,0.3994109022986228,-1.756,-0.2626,1.4934,1.1586445570147903,-1.0639,-1.6086,-0.5447,0.219945,0.3585894246558311,-0.784,0.6125,1.3965,0.42066872774191333,-0.1307,0.5847,0.7154,9.882555,0.3782402496760493,9.2877,10.8694,1.5817000000000014,9.889790645635527,9.6261,10.8694,1.2433000000000014,0.0017300000000000048,0.03254188224427099,-0.0447,0.0867,0.1314,0.03258783515362749,0.0134,-0.0128,-0.0262,-0.016580000000000004,0.04729066081162326,-0.1451,0.0424,0.1875,0.05011290253018678,-0.1451,0.0326,0.1777,-0.00819,0.019804340433349454,-0.0467,0.0256,0.0723,0.02143100557603399,0.0256,0.0076,-0.018000000000000002,0.001054999999999995,0.008090023176728231,-0.0158,0.0132,0.029,0.008158523150668872,0.0098,-0.0039,-0.0137,0.003535,0.005950569300495542,-0.0124,0.0157,0.0281,0.006921379920218221,0.0061,0.0049,-0.0012000000000000005,9.80658,3.999999999990678e-05,9.8065,9.8066,9.999999999976694e-05,9.80658000008158,9.8065,9.8066,9.999999999976694e-05,-12.974,0.8577435514184879,-14.37,-11.37,3.0,13.0023228693953,-13.0,-13.19,-0.1899999999999995,-26.201999999999998,1.6104955759020265,-29.06,-24.0,5.059999999999999,26.25144757913361,-26.37,-28.12,-1.75,2.2695,0.8766440269573507,0.88,3.69,2.81,2.432927249220576,2.88,2.94,0.06000000000000005,315.20349999999996,8.714353260569602,304.46,330.49,26.03000000000003,315.3239387756661,327.47,314.42,-13.050000000000011,-84.07050000000001,0.17828278099693184,-84.44,-83.77,0.6700000000000017,84.0706890360725,-83.77,-84.44,-0.6700000000000017,-136.728,4.100608003698962,-141.97,-128.83,13.139999999999986,136.78947682479088,-128.83,-140.06,-11.22999999999999,9.958409731535118,0.39680476479833077,9.392364598438457,11.003332422952603,1.6109678245141463,9.966312176652908,9.685595846926507,11.003332422952603,1.3177365760260962,0.05480455243877471,0.032078326514729416,0.01011830025251277,0.14794907907790436,0.1378307788253916,0.06350242515054051,0.14794907907790436,0.035837968692435676,-0.11211111038546868,0.09994999999999976,0.0008046738469722174,0.09899999999998954,0.10099999999999909,0.0020000000000095497,0.09995323906707552,0.09900000000000375,0.09899999999998954,-1.4210854715202004e-14,0.09994999999999976,1.9989999999999952,-24.8328144976106,22.430291817184838,79.699
-1.097025,0.4009512175751559,-1.756,-0.2626,1.4934,1.168000740367916,-0.268,-1.2519,-0.9839,0.28301499999999996,0.3999183520107573,-0.784,1.1307,1.9147,0.48993078949990476,0.6125,1.1307,0.5182,9.916265,0.3838833263831604,9.2877,10.8694,1.5817000000000014,9.923692758167194,9.4067,10.3003,0.8935999999999993,0.001005000000000005,0.03243515800793947,-0.0447,0.0867,0.1314,0.032450724182982414,-0.0164,-0.0011,0.015300000000000001,-0.0038600000000000045,0.04517773124007004,-0.1059,0.1093,0.2152,0.04534233121488131,-0.1059,0.1093,0.2152,-0.011015,0.01878643859277218,-0.0467,0.0256,0.0723,0.021777522815967846,-0.0112,-0.0309,-0.019700000000000002,0.0010949999999999948,0.008135015365689233,-0.0158,0.0132,0.029,0.008208379864504319,0.0112,0.0106,-0.0005999999999999998,0.0032999999999999995,0.005937423683720069,-0.0124,0.0157,0.0281,0.006792863902655492,0.0033,0.0014,-0.0019,9.806585,3.570714214263103e-05,9.8065,9.8066,9.999999999976694e-05,9.806585000065008,9.8065,9.8066,9.999999999976694e-05,-12.986500000000001,0.8598504230387982,-14.37,-11.37,3.0,13.01493469057759,-13.44,-13.25,0.1899999999999995,-26.283500000000004,1.6574929109953984,-29.06,-24.0,5.059999999999999,26.335710641636386,-26.25,-28.0,-1.75,2.3255,0.9468182243704438,0.88,4.0,3.12,2.5108594146228103,3.63,4.0,0.3700000000000001,314.803,8.316374871300596,304.46,330.49,26.03000000000003,314.9128306373051,330.49,319.46,-11.03000000000003,-84.1055,0.18445798979713454,-84.47,-83.79,0.6799999999999926,84.10570227398378,-83.8,-84.47,-0.6700000000000017,-137.2905,3.7338257524956897,-141.97,-130.62,11.349999999999994,137.34126417431872,-130.62,-140.08,-9.460000000000008,9.996006160600537,0.4047180546208818,9.392364598438457,11.003332422952603,1.6109678245141463,10.004195913040688,9.430428682726996,10.437524428234887,1.0070957455078915,0.05308655928675145,0.027659613574564337,0.01011830025251277,0.11358921603743904,0.10347091578492627,0.05986014533894818,0.10774604401090557,0.11358921603743904,0.0058431720265334774,0.1,0.00077459666924243,0.09899999999998954,0.10099999999999909,0.0020000000000095497,0.10000299995500136,0.10099999999999909,0.10000000000000853,-0.000999999999990564,0.1,2.0,-24.62001910227758,22.258466747543082,79.799
-1.1274899999999999,0.35760815692598513,-1.756,-0.2626,1.4934,1.1828428864392768,-1.0228,-0.8773,0.14549999999999996,0.28007000000000004,0.39769185194067025,-0.784,1.1307,1.9147,0.4864134188116113,0.0876,0.5536,0.46599999999999997,9.918135000000001,0.3814801125550323,9.2877,10.8694,1.5817000000000014,9.925468702005967,9.3764,9.4441,0.06770000000000032,0.004185000000000005,0.033667183948171246,-0.0447,0.0867,0.1314,0.03392629511160922,-0.0447,0.0472,0.0919,0.006009999999999994,0.04333219242087804,-0.0671,0.1093,0.1764,0.04374698846777912,-0.0671,0.0915,0.15860000000000002,-0.01201,0.01929012441639504,-0.0467,0.0256,0.0723,0.022723314018866174,-0.0011,-0.0311,-0.03,0.000839999999999995,0.007890525964725035,-0.0158,0.0132,0.029,0.007935111845462542,-0.0157,0.0061,0.0218,0.0032199999999999998,0.005947655000081964,-0.0124,0.0157,0.0281,0.006763357154549801,0.0044,0.0017,-0.0027,9.80659,2.9999999999930076e-05,9.8065,9.8066,9.999999999976694e-05,9.806590000045889,9.8066,9.8066,0.0,-12.967499999999998,0.853796667831399,-14.37,-11.37,3.0,12.99557713224003,-12.62,-13.06,-0.4400000000000013,-26.358500000000003,1.6879374247880161,-29.06,-24.0,5.059999999999999,26.412490511119923,-25.69,-27.75,-2.0599999999999987,2.3284999999999996,0.9510324652712967,0.88,4.0,3.12,2.515228617839738,3.69,3.69,0.0,314.20950000000005,7.565330445525826,304.46,328.58,24.120000000000005,314.30056333866156,328.58,318.62,-9.95999999999998,-84.136,0.18183509012289023,-84.47,-83.79,0.6799999999999926,84.13619649116544,-83.79,-84.41,-0.6199999999999903,-137.79549999999998,3.471271344910969,-141.97,-131.58,10.389999999999986,137.83921628114402,-132.18,-140.72,-8.539999999999992,9.999529863951143,0.4000584487912355,9.392364598438457,11.003332422952603,1.6109678245141463,10.007529378547934,9.432426546758794,9.500902749739101,0.06847620298030677,0.053076826239643424,0.027640405502211758,0.01011830025251277,0.11358921603743904,0.10347091578492627,0.059842639480557666,0.0806331817554039,0.10755138306874533,0.026918201313341425,0.09994999999999976,0.0007399324293484734,0.09899999999998954,0.10099999999999909,0.0020000000000095497,0.09995273883190972,0.09900000000000375,0.09999999999999432,0.000999999999990564,0.09994999999999976,1.9989999999999952,-24.402750770416986,22.04737061519458,79.899
-1.1365,0.3571267310073555,-1.756,-0.2626,1.4934,1.1912899529501624,-0.9231,-1.203,-0.27990000000000004,0.33762,0.4460196852157985,-0.784,1.2386,2.0225999999999997,0.5593932641711017,-0.1157,1.2386,1.3542999999999998,9.90963,0.3951156211794214,9.2063,10.8694,1.6631,9.917503874009832,9.8523,9.2063,-0.645999999999999,0.009370000000000005,0.0337245029614967,-0.0391,0.0867,0.1258,0.03500198565795946,0.0239,0.059,0.03509999999999999,0.013059999999999993,0.042322280184318994,-0.0667,0.1093,0.176,0.0442915228909551,-0.0667,0.0739,0.1406,-0.009845000000000001,0.02254787074204569,-0.0467,0.0422,0.0889,0.024603465203096902,-0.0154,0.0422,0.0576,0.002349999999999995,0.007458652693348844,-0.0158,0.0145,0.0303,0.007820102301121125,-0.0158,0.0145,0.0303,0.003135,0.005942329088833772,-0.0124,0.0157,0.0281,0.006718593602830877,0.0063,0.0027,-0.0036,9.80659,2.9999999999930076e-05,9.8065,9.8066,9.999999999976694e-05,9.806590000045889,9.8066,9.8066,0.0,-12.999,0.8520146712351848,-14.37,-11.37,3.0,13.026892568836207,-12.37,-13.25,-0.8800000000000008,-26.483500000000003,1.7259440170526967,-29.06,-24.0,5.059999999999999,26.53968076296322,-25.31,-28.19,-2.8800000000000026,2.3594999999999997,1.0035610345165857,0.88,4.31,3.4299999999999997,2.5640544065990487,3.31,4.31,0.9999999999999996,313.642,6.8587736513169775,304.46,325.25,20.79000000000002,313.7169854183863,325.25,317.23,-8.019999999999982,-84.16400000000002,0.16906803364326367,-84.47,-83.89,0.5799999999999983,84.16416981114943,-83.89,-84.35,-0.45999999999999375,-138.277,3.3237029048938793,-141.97,-131.58,10.389999999999986,138.3169394181349,-131.58,-141.81,-10.22999999999999,9.99624948787094,0.4049343690525894,9.3668190251547,11.003332422952603,1.6365133977979038,10.004447794206333,9.896126282035816,9.3668190251547,-0.5293072568811166,0.054222775190340425,0.02919073741202512,0.01011830025251277,0.11358921603743904,0.10347091578492627,0.061580910191389664,0.07250696518266365,0.10355216076934368,0.03104519558668002,0.1,0.0007071067811879141,0.09899999999998954,0.10099999999999909,0.0020000000000095497,0.10000249996875078,0.10099999999999909,0.10000000000000853,-0.000999999999990564,0.1,2.0,-24.15744963084765,21.86888706270122,79.99900000000001
-1.1469349999999996,0.3537721572919497,-1.756,-0.2626,1.4934,1.200256069970071,-1.1964,-1.1318,0.06459999999999999,0.36822,0.434719697736369,-0.784,1.2386,2.0225999999999997,0.5697079813378079,0.5634,0.4963,-0.06709999999999999,9.892744999999998,0.404313429748506,9.2063,10.8694,1.6631,9.901003635212948,10.1211,9.5146,-0.6065000000000005,0.009330000000000005,0.03370771573393842,-0.0391,0.0867,0.1258,0.03497511972817248,0.0374,0.0231,-0.014300000000000004,0.020209999999999995,0.040273252910585706,-0.05,0.1093,0.1593,0.04505972702979902,-0.0148,0.0763,0.09110000000000001,-0.007575,0.024105847319685736,-0.0467,0.0422,0.0889,0.02526801337659928,-0.0467,0.03,0.07669999999999999,0.0035149999999999947,0.006255339718992084,-0.0099,0.0145,0.0244,0.007175270029761942,0.0132,0.0075,-0.0057,0.002405,0.006388699006840124,-0.0124,0.0157,0.0281,0.00682638264383121,0.0112,-0.0083,-0.0195,9.80659,2.9999999999930076e-05,9.8065,9.8066,9.999999999976694e-05,9.806590000045889,9.8066,9.8066,0.0,-13.040000000000001,0.8404106139263118,-14.37,-11.37,3.0,13.067053608216352,-12.44,-13.19,-0.75,-26.593,1.7174693592608863,-29.06,-24.0,5.059999999999999,26.64840239113782,-25.0,-27.5,-2.5,2.413,1.0785272365591885,0.88,4.38,3.5,2.6430645092392275,3.06,4.38,1.3199999999999998,313.248,6.391021514593737,304.46,324.93,20.470000000000027,313.31318941276635,324.93,317.37,-7.560000000000002,-84.176,0.15730225681788482,-84.47,-83.91,0.5600000000000023,84.17614697763257,-84.03,-84.13,-0.09999999999999432,-138.7815,3.0208629147976933,-141.97,-132.01,9.960000000000008,138.81437373341421,-132.01,-141.67,-9.659999999999997,9.981169392799337,0.4138989662293882,9.3668190251547,11.003332422952603,1.6365133977979038,9.98974748439619,10.20712779042175,9.594524380603762,-0.6126034098179876,0.05485632937197764,0.02971352600808433,0.01011830025251277,0.11358921603743904,0.10347091578492627,0.06238678145248398,0.06163351361069723,0.08517804881540784,0.023544535204710615,0.1,0.000707106781187914,0.09899999999998954,0.10099999999999909,0.0020000000000095497,0.1000024999687508,0.09899999999998954,0.10099999999999909,0.0020000000000095497,0.1,2.0,-23.912047466509932,21.681813154030664,80.10000000000001
-1.13573,0.3555723795516182,-1.756,-0.2626,1.4934,1.1900900596173383,-0.2626,-0.9723,-0.7097,0.37185,0.4366332368246833,-0.784,1.2386,2.0225999999999997,0.5735163519900718,0.4511,0.636,0.1849,9.904895,0.4145156251276905,9.2063,10.8694,1.6631,9.913564856523612,9.7164,10.3641,0.6477000000000004,0.009735000000000004,0.034089049194719404,-0.0391,0.0867,0.1258,0.035451847624630224,-0.0279999999999999,0.0455,0.0734999999999999,0.02531,0.04194070695636877,-0.05,0.1093,0.1593,0.04898590613635722,0.0091,0.0872,0.0781,-0.0036999999999999993,0.023731203087917815,-0.0427,0.0422,0.0849,0.02401790998400985,-0.0135,0.0308,0.0443,0.0038299999999999953,0.006864116840497397,-0.0099,0.0195,0.029400000000000003,0.007860343503944336,0.0102,0.0195,0.0093,0.0010699999999999998,0.007155075121897742,-0.0155,0.0157,0.0312,0.007234638899074369,0.0157,-0.0155,-0.0312,9.80659,2.9999999999930076e-05,9.8065,9.8066,9.999999999976694e-05,9.806590000045889,9.8066,9.8066,0.0,-13.071000000000002,0.8290651361624128,-14.37,-11.37,3.0,13.097266508703257,-12.12,-13.06,-0.9400000000000013,-26.7055,1.6827788773335608,-29.06,-24.0,5.059999999999999,26.758465482908395,-24.62,-27.25,-2.629999999999999,2.5130000000000003,1.2176292539192706,0.88,5.06,4.18,2.7924523272564565,3.13,5.06,1.9299999999999997,313.0565,6.088326761106047,304.46,323.79,19.33000000000004,313.1156973308748,323.01,321.1,-1.9099999999999682,-84.172,0.16191355718407197,-84.47,-83.91,0.5600000000000023,84.17215572860184,-84.14,-83.95,0.18999999999999773,-139.3005,2.686010936314297,-142.39,-133.73,8.659999999999997,139.32639360508833,-133.73,-142.39,-8.659999999999997,9.99226394080737,0.42268765979241213,9.3668190251547,11.003332422952603,1.6365133977979038,10.001200104012518,9.73041000831928,10.429018750582435,0.6986087422631542,0.05692798513818671,0.031504237938829636,0.01011830025251277,0.11358921603743904,0.10347091578492627,0.06506391088768027,0.03238919572944031,0.10306662893487882,0.07067743320543851,0.10005000000000024,0.0006689544080136275,0.09899999999998954,0.10099999999999909,0.0020000000000095497,0.10005223635681539,0.10000000000000853,0.09999999999999432,-1.4210854715202004e-14,0.10005000000000024,2.0010000000000048,-23.653343776417472,21.480170429485753,80.2
-1.1748949999999998,0.2952685074216348,-1.756,-0.6688,1.0872000000000002,1.2114296316749067,-1.1694,-1.0459,0.12349999999999994,0.40791000000000005,0.47018107352380745,-0.784,1.2386,2.0225999999999997,0.6224635009380068,0.5817,1.1723,0.5905999999999999,9.927430000000001,0.4159043545095436,9.2063,10.8694,1.6631,9.93613822553813,9.99,10.1671,0.17709999999999937,0.011015,0.03311481956767997,-0.0391,0.0867,0.1258,0.03489873206865831,-0.018,-0.0024,0.0156,0.030889999999999994,0.04658015564594004,-0.05,0.1207,0.17070000000000002,0.05589188670996892,0.0255,0.1207,0.0952,-0.005139999999999999,0.025115580821474144,-0.0427,0.0422,0.0849,0.02563614635626814,-0.0127,-0.0423,-0.029599999999999998,0.003284999999999995,0.006768772045208789,-0.0099,0.0195,0.029400000000000003,0.007523795584676654,-0.0012,-0.0007,0.0004999999999999999,0.0006000000000000002,0.006452906321960671,-0.0155,0.0086,0.0241,0.006480740698407861,0.0021,0.0063,0.004200000000000001,9.80659,2.9999999999930076e-05,9.8065,9.8066,9.999999999976694e-05,9.806590000045889,9.8066,9.8066,0.0,-13.127500000000001,0.8003366479176123,-14.37,-11.37,3.0,13.151874201040702,-11.37,-13.25,-1.8800000000000008,-26.812,1.613392698632295,-29.06,-24.0,5.059999999999999,26.86049850617073,-24.0,-26.75,-2.75,2.5940000000000003,1.3066116485015735,0.88,5.06,4.18,2.904491349617003,2.5,4.75,2.25,312.9225,5.89417922615185,304.46,323.79,19.33000000000004,312.9780061841407,323.79,320.33,-3.4600000000000364,-84.1545,0.182084458425203,-84.47,-83.79,0.6799999999999926,84.15469698715575,-84.19,-83.79,0.3999999999999915,-139.756,2.4661820695155505,-142.84,-134.07,8.77000000000001,139.7777578515266,-134.07,-142.84,-8.77000000000001,10.020131709381864,0.4228781457347933,9.3668190251547,11.003332422952603,1.6365133977979038,10.029051071736548,10.075017183608175,10.287765379809164,0.21274819620098917,0.06170452800962532,0.03451938184715019,0.01011830025251277,0.12792005315821284,0.11780175290570007,0.07070386481657137,0.03369777440722161,0.12792005315821284,0.09422227875099123,0.10004999999999953,0.0006689544080136806,0.09899999999998954,0.10099999999999909,0.0020000000000095497,0.10005223635681466,0.09999999999999432,0.09999999999999432,0.0,0.10004999999999953,2.0009999999999906,-23.41039960577217,21.289575500306228,80.3
-1.2166599999999999,0.34621739326613854,-2.0047,-0.6688,1.3359,1.2649616749135129,-1.6693,-2.0047,-0.33540000000000014,0.42753499999999994,0.4849836814522732,-0.784,1.2386,2.0225999999999997,0.6465255969410646,0.3913,0.9742,0.5829,9.925595000000001,0.41570515690210064,9.2063,10.8694,1.6631,9.934296496556764,9.9734,9.9533,-0.02009999999999934,0.009040000000000001,0.035851253813500024,-0.0575,0.0867,0.1442,0.036973422887257815,0.0867,-0.0575,-0.1442,0.03359999999999999,0.047749712041016544,-0.05,0.1207,0.17070000000000002,0.05838659948995146,0.0053,0.0797,0.0744,-0.004665,0.025057878501581095,-0.0427,0.0422,0.0849,0.025488418938804346,-0.0171,-0.0032,0.013900000000000001,0.0025599999999999946,0.007893440314590333,-0.0157,0.0195,0.035199999999999995,0.008298192574289895,0.0033,-0.0157,-0.019,0.00028999999999999995,0.006521955228303856,-0.0155,0.0086,0.0241,0.006528399497579786,0.0082,-0.0041,-0.012300000000000002,9.806585,3.570714214263103e-05,9.8065,9.8066,9.999999999976694e-05,9.806585000065008,9.8066,9.8065,-9.999999999976694e-05,-13.209,0.6930144298641983,-14.37,-12.0,2.369999999999999,13.227167119228517,-12.31,-13.0,-0.6899999999999995,-26.99,1.4845740129747655,-29.06,-24.0,5.059999999999999,27.03079836038884,-24.12,-27.56,-3.4399999999999977,2.7095000000000002,1.392474326513778,0.88,5.06,4.18,3.046370791614179,1.88,4.81,2.9299999999999997,312.7605,5.63195478941371,304.46,321.1,16.640000000000043,312.81120388342873,317.04,320.55,3.509999999999991,-84.136,0.1958162403887882,-84.47,-83.79,0.6799999999999926,84.13622786885564,-84.22,-83.82,0.4000000000000057,-140.1725,2.1544346706270767,-142.84,-134.48,8.360000000000014,140.1890557247605,-134.48,-142.4,-7.920000000000016,10.026371214375134,0.42455922973095583,9.3668190251547,11.003332422952603,1.6365133977979038,10.035356011024222,10.119702848404197,10.199807283473547,0.08010443506934983,0.06493608617700747,0.03477057969048342,0.01011830025251277,0.12792005315821284,0.11780175290570007,0.07365927300754467,0.08852903478520478,0.0983289377548644,0.009799902969659616,0.10005000000000024,0.0006689544080136275,0.09899999999998954,0.10099999999999909,0.0020000000000095497,0.10005223635681539,0.10000000000000853,0.10000000000000853,0.0,0.10005000000000024,2.0010000000000048,-23.160129606175985,21.07402314913432,80.4
-1.199315,0.33148232724385174,-2.0047,-0.6688,1.3359,1.2442817215164739,-0.8005,-1.3224,-0.5219,0.45560999999999996,0.4981470494743495,-0.784,1.2386,2.0225999999999997,0.6750784806228087,-0.784,0.9528,1.7368000000000001,9.912125,0.41829449897769405,9.2063,10.8694,1.6631,9.920947147500586,10.1322,9.704,-0.4281999999999986,0.002294999999999998,0.03319765767339618,-0.0575,0.059,0.11649999999999999,0.033276891381257355,0.0352,-0.0482,-0.0834,0.038349999999999995,0.04939506554302768,-0.05,0.1207,0.17070000000000002,0.06253475033931134,-0.05,0.1003,0.1503,-0.005315,0.025536058329350676,-0.0427,0.0422,0.0849,0.026083318423850903,0.0135,-0.0301,-0.0436,0.0014449999999999947,0.009180276411960587,-0.019,0.0195,0.0385,0.009293304041082478,0.0052,-0.019,-0.0242,-0.00028000000000000003,0.006300126982847251,-0.0155,0.0086,0.0241,0.006306346010171024,0.0005,-0.0032,-0.0037,9.806585,3.570714214263103e-05,9.8065,9.8066,9.999999999976694e-05,9.806585000065008,9.8066,9.8066,0.0,-13.259,0.6617167067559954,-14.37,-12.0,2.369999999999999,13.275501873752269,-12.0,-13.31,-1.3100000000000005,-27.196499999999997,1.3523508235661337,-29.06,-24.0,5.059999999999999,27.23010218489824,-24.0,-28.25,-4.25,2.85,1.4425532919098691,0.88,5.06,4.18,3.1942855226169122,1.31,4.69,3.3800000000000003,312.97300000000007,5.864782263647989,304.46,321.29,16.83000000000004,313.02794507839076,309.93,321.29,11.360000000000014,-84.118,0.2036565736724442,-84.47,-83.79,0.6799999999999926,84.11824653426865,-84.16,-83.86,0.29999999999999716,-140.5405,1.7392425794005837,-142.84,-135.71,7.1299999999999955,140.55126148491163,-135.71,-141.84,-6.1299999999999955,10.012382478445865,0.42586073581660505,9.3668190251547,11.003332422952603,1.6365133977979038,10.021435040003004,10.193965523288764,9.839928129818835,-0.3540373934699286,0.06627360442378985,0.036139941293242626,0.01011830025251277,0.12792005315821284,0.11780175290570007,0.0754869922569445,0.06262020440720392,0.11527939972085213,0.05265919531364821,0.1,0.0007071067811869093,0.09899999999998954,0.10099999999999909,0.0020000000000095497,0.1000024999687508,0.09999999999999432,0.09900000000000375,-0.000999999999990564,0.1,2.0,-22.896730417147836,20.858092943423003,80.49900000000001
-1.22457,0.31914710260317264,-2.0047,-0.6688,1.3359,1.2654748349927787,-1.3077,-1.3056,0.0020999999999999908,0.522595,0.40906325363566937,-0.1543,1.2386,1.3929,0.6636552414469428,0.0383,0.5557,0.5174,9.892415000000002,0.41674468115982005,9.2063,10.8694,1.6631,9.901189355905684,10.1201,9.738,-0.3821000000000012,-0.0012400000000000004,0.03326972197058461,-0.0575,0.059,0.11649999999999999,0.03329282204920454,0.0101,-0.0355,-0.045599999999999995,0.048034999999999994,0.050107068114189246,-0.027,0.1437,0.1707,0.06941238722303102,-0.0025,0.1437,0.1462,-0.006989999999999999,0.0253449580784818,-0.0427,0.0422,0.0849,0.026291196245131185,-0.0351,-0.02,0.015099999999999999,0.0007549999999999953,0.009388369134200037,-0.019,0.0195,0.0385,0.009418678251219751,0.0054,-0.0086,-0.014,-0.0006699999999999999,0.0064786649859365315,-0.0155,0.0086,0.0241,0.006513217330935611,0.0081,-0.0073,-0.0154,9.806585,3.570714214263103e-05,9.8065,9.8066,9.999999999976694e-05,9.806585000065008,9.8065,9.8066,9.999999999976694e-05,-13.2965,0.6084100179977314,-14.37,-12.06,2.3099999999999987,13.31041227761184,-12.06,-12.75,-0.6899999999999995,-27.368500000000004,1.1363770281029089,-29.06,-24.94,4.119999999999997,27.392081793832322,-24.94,-27.44,-2.5,3.0065,1.4367646814979829,0.88,5.06,4.18,3.332166712516047,0.88,4.44,3.5600000000000005,313.42199999999997,5.957640136832707,304.46,321.29,16.83000000000004,313.4786173888101,307.6,318.91,11.310000000000002,-84.10249999999999,0.21151536587207992,-84.47,-83.79,0.6799999999999926,84.10276597710686,-84.15,-83.85,0.30000000000001137,-140.7535,1.3524728278231695,-142.84,-137.34,5.5,140.75999767334469,-137.34,-139.97,-2.6299999999999955,9.994725963339366,0.42528627623045717,9.3668190251547,11.003332422952603,1.6365133977979038,10.003770064280765,10.20431135305073,9.840835221158821,-0.3634761318919093,0.07061085035865089,0.040395869982316396,0.01011830025251277,0.14936512310442487,0.13924682285191212,0.08134936078421268,0.03660969816865471,0.14936512310442487,0.11275542493577016,0.1,0.0007071067811869093,0.09899999999998954,0.10099999999999909,0.0020000000000095497,0.10000249996875078,0.10099999999999909,0.09999999999999432,-0.0010000000000047748,0.1,2.0,-22.642267776141352,20.600590502679097,80.599
-1.22883,0.32079268242901054,-2.0047,-0.6688,1.3359,1.270012249547224,-1.4988,-1.3929,0.10589999999999988,0.5718,0.4070316732147512,-0.1543,1.2386,1.3929,0.7018760738193032,0.3933,1.0224,0.6291,9.890535000000002,0.41579705058477756,9.2063,10.8694,1.6631,9.899271173854164,9.6181,10.0825,0.4643999999999995,-0.0009549999999999996,0.03338984089509862,-0.0575,0.059,0.11649999999999999,0.03340349532608826,-0.0339,0.0158,0.0497,0.05514999999999999,0.05247329320711633,-0.027,0.1437,0.1707,0.07612469375964674,-0.0136,0.1398,0.1534,-0.004270000000000001,0.025100161354063046,-0.0427,0.0422,0.0849,0.025460773751007647,0.0144,0.0193,0.004900000000000002,0.00022999999999999513,0.009407502325272099,-0.019,0.0195,0.0385,0.009410313491058624,0.0069999999999999,-0.0051,-0.0120999999999999,-0.0013599999999999999,0.006238301050766947,-0.0155,0.0086,0.0241,0.006384825761130839,0.0013,-0.0057,-0.007,9.80659,2.999999999993008e-05,9.8065,9.8066,9.999999999976694e-05,9.806590000045889,9.8066,9.8066,0.0,-13.3435,0.5439694384797735,-14.37,-12.19,2.1799999999999997,13.354583295633002,-12.19,-13.0,-0.8100000000000005,-27.484,0.99188406580608,-29.06,-25.0,4.059999999999999,27.501892480336696,-25.0,-27.25,-2.25,3.228,1.433330387593872,1.06,5.31,4.25,3.531914495001259,1.44,5.31,3.8699999999999997,314.302,6.321420410002805,304.46,325.2,20.74000000000001,314.3655635720936,305.99,325.2,19.20999999999998,-84.083,0.22385486369520674,-84.47,-83.76,0.7099999999999937,84.083297984796,-84.16,-83.76,0.3999999999999915,-140.824,1.2009637796370052,-142.84,-138.75,4.090000000000003,140.82912088769143,-138.76,-138.75,0.009999999999990905,9.995984438087811,0.4259413386915089,9.3668190251547,11.003332422952603,1.6365133977979038,10.005055267738404,9.742121634428509,10.229480848019609,0.4873592135911,0.07588074748219362,0.042439670846315086,0.01011830025251277,0.14936512310442487,0.13924682285191212,0.08694258737810832,0.03926232290631822,0.14200764063950924,0.10274531773319102,0.09994999999999976,0.0006689544080134151,0.09899999999998954,0.10099999999999909,0.0020000000000095497,0.09995223859424036,0.09900000000000375,0.09999999999999432,0.000999999999990564,0.09994999999999976,1.9989999999999952,-22.383831783626903,20.373699206283078,80.699
-1.23279,0.3245674935972486,-2.0047,-0.6688,1.3359,1.2748000792281118,-1.1702,-1.578,-0.40780000000000016,0.601745,0.41475507890199487,-0.1543,1.2386,1.3929,0.7308343317743085,0.0885,0.9922,0.9037,9.89764,0.4122802752982491,9.2063,10.8694,1.6631,9.906222922739019,9.7194,9.7602,0.04079999999999906,0.00321,0.03420594831312238,-0.0575,0.059,0.11649999999999999,0.03435623669728686,0.0511,0.0494,-0.0017000000000000001,0.06262999999999999,0.052801553954405556,-0.027,0.1437,0.1707,0.08191776974503151,-0.0205,0.136,0.1565,-0.004680000000000001,0.0248576467108212,-0.0427,0.0422,0.0849,0.025294366961835592,0.0052,0.0062,0.001,-0.0004199999999999998,0.009366301297737543,-0.019,0.0195,0.0385,0.009375713306197029,0.0026,-0.006,-0.0086,-0.0014500000000000001,0.006212205727436914,-0.0155,0.0086,0.0241,0.006379184900910147,-0.005,-0.0005,0.0045000000000000005,9.80659,2.9999999999930076e-05,9.8065,9.8066,9.999999999976694e-05,9.806590000045889,9.8066,9.8066,0.0,-13.352500000000001,0.5260026140619456,-14.37,-12.37,2.0,13.36285654341915,-12.94,-12.37,0.5700000000000003,-27.581000000000007,0.8250509075202571,-29.06,-26.0,3.0599999999999987,27.59333742047163,-26.0,-26.94,-0.9400000000000013,3.378,1.3948247201709612,1.06,5.31,4.25,3.654643621476655,1.56,4.44,2.8800000000000003,315.08399999999995,6.2112272539329965,304.46,325.2,20.74000000000001,315.1452147820113,309.93,321.63,11.699999999999989,-84.06199999999998,0.23506594819326715,-84.47,-83.74,0.730000000000004,84.06232866153542,-84.0,-83.74,0.2600000000000051,-140.80200000000002,1.2419041830994857,-142.84,-138.32,4.52000000000001,140.80747682562884,-139.51,-138.32,1.1899999999999977,10.005708430134067,0.42223863944938234,9.3668190251547,11.003332422952603,1.6365133977979038,10.01461365492948,9.789991657299817,9.936601475353633,0.14660981805381645,0.08115897099194155,0.04408966349984077,0.01011830025251277,0.14936512310442487,0.13924682285191212,0.09236166412532854,0.05530370692819786,0.1448267931012767,0.08952308617307883,0.1,0.0006324555320344488,0.09899999999998954,0.10099999999999909,0.0020000000000095497,0.10000199998000041,0.10099999999999909,0.10000000000000853,-0.000999999999990564,0.1,2.0,-22.11061683384682,20.14485998415506,80.799
-1.2377699999999998,0.32433296024301944,-2.0047,-0.6688,1.3359,1.2795571272905326,-0.9472,-1.2698,-0.3226,0.62185,0.3988285389738302,-0.1543,1.2386,1.3929,0.738756811136114,-0.1543,0.4906,0.6449,9.916844999999999,0.4124762241329797,9.2063,10.8694,1.6631,9.925419456602325,9.5682,10.1035,0.5353000000000012,0.0035000000000000005,0.03463265799790712,-0.0575,0.059,0.11649999999999999,0.03480906491131297,-0.0006,0.0569,0.0575,0.07037,0.05137505328464391,-0.027,0.1437,0.1707,0.08712825603671866,0.0101,0.1343,0.1242,-0.004195000000000001,0.02513872460965353,-0.0427,0.0422,0.0849,0.02548633947823814,-0.0001,0.0149,0.015,-0.00029000000000000006,0.009425173738451722,-0.019,0.0195,0.0385,0.009429634139244216,0.0036,0.0052,0.0015999999999999999,-0.0015850000000000003,0.00631634981615173,-0.0155,0.0086,0.0241,0.006512180894293401,-0.0033,-0.0077,-0.0044,9.806585,3.570714214263103e-05,9.8065,9.8066,9.999999999976694e-05,9.806585000065008,9.8066,9.8065,-9.999999999976694e-05,-13.324000000000002,0.561804236367082,-14.37,-12.37,2.0,13.335838931240884,-13.0,-12.37,0.6300000000000008,-27.608999999999998,0.7791463277202813,-29.06,-26.0,3.0599999999999987,27.619991853727985,-26.0,-26.56,-0.5599999999999987,3.55,1.371947520862223,1.06,5.31,4.25,3.8058822892990265,1.31,5.0,3.69,315.95050000000003,6.626694858675781,304.46,327.26,22.80000000000001,316.0199859739887,304.46,327.26,22.80000000000001,-84.04749999999999,0.24708045248461066,-84.47,-83.71,0.7600000000000051,84.04786317926232,-83.95,-83.71,0.2400000000000091,-140.732,1.3477039734303657,-142.84,-138.11,4.72999999999999,140.73845291888068,-139.77,-138.11,1.6599999999999966,10.02594846866906,0.42111371515602386,9.3668190251547,11.003332422952603,1.6365133977979038,10.034788461023979,9.616207546117128,10.1947924279997,0.5785848818825716,0.08572456152534137,0.045867821523241786,0.01011830025251277,0.14936512310442487,0.13924682285191212,0.09722426394681526,0.01011830025251277,0.14661551759619446,0.1364972173436817,0.1,0.0006324555320344488,0.09899999999998954,0.10099999999999909,0.0020000000000095497,0.10000199998000041,0.09900000000000375,0.10099999999999909,0.001999999999995339,0.1,2.0,-21.83710480400717,19.88397172530688,80.9
-1.264575,0.3213503755638073,-2.0047,-0.6688,1.3359,1.3047666436953391,-0.6688,-1.4833,-0.8145000000000001,0.6777499999999999,0.36285261953029907,-0.1374,1.2386,1.376,0.7687698524265894,0.0486,0.9637,0.9151,9.944785,0.4068004194626648,9.2063,10.8694,1.6631,9.95310179177828,10.2252,10.127,-0.09819999999999851,0.0034200000000000007,0.03464388257687062,-0.0575,0.059,0.11649999999999999,0.03481228231529786,-0.0391,-0.0022,0.0369,0.077045,0.051781738817849685,-0.027,0.1437,0.1707,0.09282930841065228,0.0024,0.1436,0.1412,-0.004710000000000001,0.025155057145631772,-0.0427,0.0422,0.0849,0.025592205844748906,-0.0427,-0.0104,0.0323,0.00015499999999999984,0.009800942556713614,-0.019,0.0195,0.0385,0.009802168127511382,-0.0074,0.0125,0.0199,-0.00149,0.006304117701946879,-0.0155,0.0086,0.0241,0.006477808271321404,-0.0006,-0.0014,-0.0008,9.806585,3.570714214263103e-05,9.8065,9.8066,9.999999999976694e-05,9.806585000065008,9.8066,9.8066,0.0,-13.280000000000001,0.6171871677214298,-14.37,-12.12,2.25,13.294334131501286,-14.06,-12.12,1.9400000000000013,-27.696499999999997,0.6862672584350792,-29.06,-26.44,2.6199999999999974,27.70500090236418,-26.44,-27.75,-1.3099999999999987,3.7595,1.333264696150018,1.06,5.5,4.4399999999999995,3.98891401261045,1.06,5.5,4.4399999999999995,317.30949999999996,6.911775802932266,305.15,331.64,26.49000000000001,317.3847687508019,305.15,331.64,26.49000000000001,-84.03099999999999,0.26351280803786314,-84.47,-83.62,0.8499999999999943,84.03141317388396,-83.91,-83.62,0.28999999999999204,-140.6655,1.4241751121263135,-142.84,-138.11,4.72999999999999,140.67270938245272,-139.51,-138.44,1.0699999999999932,10.05915420390249,0.4136122098183846,9.3668190251547,11.003332422952603,1.6365133977979038,10.067654064279324,10.247164019376287,10.280322250785723,0.03315823140943586,0.09241829233733796,0.04407942537568228,0.01575595125658869,0.14936512310442487,0.1336091718478362,0.10239207244704054,0.05794704479091234,0.14399291649244417,0.08604587170153183,0.1,0.0006324555320344488,0.09899999999998954,0.10099999999999909,0.0020000000000095497,0.10000199998000041,0.10099999999999909,0.09900000000000375,-0.001999999999995339,0.1,2.0,-21.566021593567115,19.602553083593193,80.99900000000001
-1.3013350000000001,0.2917864634882845,-2.0047,-0.7779,1.2268000000000001,1.3336461759027392,-1.327,-1.404,-0.07699999999999996,0.7433500000000001,0.3617753218504546,-0.1374,1.3606,1.498,0.8267107148210915,-0.1374,1.3606,1.498,9.92267,0.4029593243740615,9.2063,10.8694,1.6631,9.930848712270267,10.0756,9.7829,-0.29269999999999996,0.005010000000000001,0.03336193789335385,-0.0575,0.059,0.11649999999999999,0.03373601932652991,-0.0182,-0.0073,0.0109,0.08555000000000001,0.05278259656364019,-0.027,0.1725,0.19949999999999998,0.10052265913713185,-0.027,0.1725,0.19949999999999998,-0.0032850000000000006,0.023729460065496644,-0.0423,0.0422,0.08449999999999999,0.023955761311216975,-0.0107,-0.0142,-0.0035000000000000014,0.00018000000000000004,0.009782259452703144,-0.019,0.0195,0.0385,0.009783915371669973,0.0019,-0.0069,-0.0088,-0.001245,0.006427944850416811,-0.0155,0.0086,0.0241,0.006547404065734755,0.006,0.0043,-0.0017000000000000001,9.806585,3.570714214263103e-05,9.8065,9.8066,9.999999999976694e-05,9.806585000065008,9.8066,9.8066,0.0,-13.227,0.5929679586621862,-14.37,-12.12,2.25,13.240284740140599,-14.0,-13.0,1.0,-27.768,0.6232302945139943,-29.06,-26.56,2.5,27.774993069306067,-27.75,-27.87,-0.120000000000001,3.997,1.251819076384443,1.56,5.81,4.25,4.1884436250235,1.56,5.81,4.25,318.543,6.832574990441007,307.13,331.64,24.50999999999999,318.61626909183406,307.72,329.82,22.099999999999966,-84.01950000000001,0.27337657178331765,-84.47,-83.62,0.8499999999999943,84.01994474528057,-84.0,-83.68,0.3199999999999932,-140.61900000000003,1.4754046902460336,-142.84,-138.11,4.72999999999999,140.62673991812508,-140.8,-138.58,2.219999999999999,10.04561355667953,0.4116638730279773,9.3668190251547,11.003332422952603,1.6365133977979038,10.05404490115794,10.163538907290118,9.97635107491712,-0.18718783237299697,0.09818280767932461,0.04665767649813647,0.01575595125658869,0.17323735163064574,0.15748140037405706,0.1087051171748598,0.03427433442096287,0.17323735163064574,0.13896301720968288,0.1,0.0006324555320344488,0.09899999999998954,0.10099999999999909,0.0020000000000095497,0.10000199998000041,0.09899999999998954,0.10099999999999909,0.0020000000000095497,0.1,2.0,-21.276934638843727,19.350514374337934,81.10000000000001
-1.2921900000000002,0.29369868385813375,-2.0047,-0.7779,1.2268000000000001,1.3251467514958484,-0.9748,-1.1441,-0.1692999999999999,0.7987749999999999,0.30268288335318866,0.2974,1.3606,1.0632000000000001,0.8542004615428396,0.5723,0.9711,0.39879999999999993,9.896775000000002,0.40889661514250775,9.2063,10.8694,1.6631,9.905218414679204,9.9351,9.5577,-0.37739999999999974,0.0071400000000000005,0.0331714545957816,-0.0575,0.059,0.11649999999999999,0.03393118035082187,0.0122,0.0244,0.0122,0.09292,0.046465434464771777,0.0069999999999999,0.1725,0.1655000000000001,0.10389014871488056,0.0069999999999999,0.1204,0.1134000000000001,-0.0005499999999999998,0.025780835905765354,-0.0423,0.044,0.08629999999999999,0.025786701999286375,-0.0071,0.044,0.0511,-0.00066,0.010305794486598303,-0.019,0.0195,0.0385,0.010326906603625308,-0.0099,-0.0149,-0.004999999999999999,-0.0016799999999999999,0.006213742833429785,-0.0155,0.0086,0.0241,0.0064368470542649995,0.0036,-0.0027,-0.0063,9.806585,3.570714214263103e-05,9.8065,9.8066,9.999999999976694e-05,9.806585000065008,9.8065,9.8066,9.999999999976694e-05,-13.127,0.6221020816554146,-14.37,-12.0,2.369999999999999,13.141732762463251,-14.0,-12.0,2.0,-27.768,0.6232302945139943,-29.06,-26.56,2.5,27.774993069306063,-28.37,-27.75,0.620000000000001,4.188,1.1529336494352136,1.56,5.81,4.25,4.343800179566275,1.56,5.38,3.82,319.5545,6.650463498884867,307.13,331.64,24.50999999999999,319.62369614125924,307.25,327.95,20.69999999999999,-84.0065,0.2800941805893145,-84.47,-83.62,0.8499999999999943,84.00696694322441,-84.09,-83.74,0.3500000000000085,-140.44600000000003,1.637938948801204,-142.84,-137.34,5.5,140.4555508337068,-141.36,-137.34,4.02000000000001,10.021176286424481,0.41838979481299476,9.3668190251547,11.003332422952603,1.6365133977979038,10.029906489294902,9.999198684894706,9.674793502189079,-0.3244051827056271,0.1029935679488099,0.04474111041507443,0.01575595125658869,0.17323735163064574,0.15748140037405706,0.11229177173773687,0.01575595125658869,0.13048953981066833,0.11473358855407964,0.10005000000000024,0.0005894913061275016,0.09899999999998954,0.10099999999999909,0.0020000000000095497,0.10005173661661275,0.10000000000000853,0.09999999999999432,-1.4210854715202004e-14,0.10005000000000024,2.0010000000000048,-20.98885426423405,19.06602504881164,81.2
-1.316545,0.28647688296789325,-2.0047,-0.7779,1.2268000000000001,1.3473528645087745,-0.7779,-1.4619,-0.6839999999999999,0.8004450000000001,0.3015186403441751,0.2974,1.3606,1.0632000000000001,0.8553512076919048,0.6092,0.6057,-0.0034999999999999476,9.918085000000001,0.42125771123505873,9.2063,10.8694,1.6631,9.9270271545161,9.588,10.3613,0.7733000000000008,0.007160000000000001,0.033174619816962486,-0.0575,0.059,0.11649999999999999,0.033938488475475745,-0.0117,0.0126,0.024300000000000002,0.0992,0.04276927635581411,0.0184,0.1725,0.1541,0.10802708456678815,0.0184,0.1326,0.1142,0.0008849999999999993,0.026172089618523013,-0.0423,0.044,0.08629999999999999,0.02618704832546043,-0.0139,0.0216,0.035500000000000004,-7.000000000000005e-05,0.010095548523978278,-0.019,0.0195,0.0385,0.010095791202278303,0.0027,0.0019,-0.0008000000000000001,-0.0023550000000000003,0.006335572191996552,-0.0155,0.0086,0.0241,0.00675910497033446,0.0017,-0.0099,-0.011600000000000001,9.80659,2.9999999999930076e-05,9.8065,9.8066,9.999999999976694e-05,9.806590000045889,9.8066,9.8066,0.0,-13.049000000000001,0.605325532255166,-14.37,-12.0,2.369999999999999,13.063032572875258,-13.69,-12.44,1.25,-27.7245,0.6099137234068438,-29.06,-26.56,2.5,27.731207961428584,-28.25,-27.5,0.75,4.357,0.991791812831705,2.19,5.81,3.6199999999999997,4.468456109217142,2.19,4.94,2.7500000000000004,320.7085,6.413461058586067,307.13,331.64,24.50999999999999,320.77262111190225,307.13,330.33,23.19999999999999,-83.9835,0.29096864092200664,-84.47,-83.62,0.8499999999999943,83.98400404243655,-84.13,-83.63,0.5,-140.15699999999998,1.9342830713212547,-142.84,-135.58,7.259999999999991,140.17034672140895,-141.54,-135.58,5.9599999999999795,10.045288298075537,0.43015876725543445,9.3668190251547,11.003332422952603,1.6365133977979038,10.054494196949939,9.638775702857702,10.481438917915803,0.842663215058101,0.10895263632506655,0.04045684784826657,0.025858460897740992,0.17323735163064574,0.14737889073290475,0.11622148467473645,0.025858460897740992,0.13493731878172177,0.10907885788398078,0.10004999999999953,0.000589491306127562,0.09899999999998954,0.10099999999999909,0.0020000000000095497,0.10005173661661204,0.10099999999999909,0.09999999999999432,-0.0010000000000047748,0.10004999999999953,2.0009999999999906,-20.685874400581696,18.796379337303534,81.3
-1.3317649999999999,0.2647148848761625,-2.0047,-0.8773,1.1274000000000002,1.3578188338287254,-1.3395,-1.0823,0.2571999999999999,0.7947949999999999,0.30607366184466117,0.2974,1.3606,1.0632000000000001,0.8516925375392226,0.4011,0.4962,0.09509999999999996,9.93354,0.4144796923855258,9.2063,10.8694,1.6631,9.942183379268359,9.2877,9.8971,0.6094000000000008,0.009734999999999999,0.03360667009687214,-0.0575,0.059,0.11649999999999999,0.03498826231752586,-0.0249,0.0398,0.06470000000000001,0.10541500000000001,0.03948120153946686,0.0288,0.1725,0.1437,0.11256592512834422,0.0424,0.1427,0.1003,0.0017349999999999998,0.025953251723050044,-0.0423,0.044,0.08629999999999999,0.02601118028848364,-0.0284,0.0031,0.0315,-0.00013499999999999992,0.010081680167511762,-0.019,0.0195,0.0385,0.010082583994195139,-0.0036,0.0014,0.005,-0.00264,0.006274663337582345,-0.0155,0.0086,0.0241,0.006807422419682798,0.0086,-0.004,-0.0126,9.806585,3.570714214263103e-05,9.8065,9.8066,9.999999999976694e-05,9.806585000065008,9.8066,9.8065,-9.999999999976694e-05,-12.974,0.6141205093464964,-14.37,-12.0,2.369999999999999,12.98852647531659,-14.37,-12.19,2.1799999999999997,-27.7055,0.5990699041013494,-29.06,-26.56,2.5,27.71197602120787,-28.75,-27.87,0.879999999999999,4.534999999999999,0.9023275458501752,2.5,5.81,3.3099999999999996,4.623896625142045,2.5,5.75,3.25,322.1449999999999,6.428729656782895,311.16,335.86,24.69999999999999,322.2091395196604,311.16,335.86,24.69999999999999,-83.9575,0.29981452599899105,-84.47,-83.61,0.8599999999999994,83.95803532122461,-84.25,-83.61,0.6400000000000006,-139.836,2.1934776041710538,-142.84,-135.12,7.719999999999999,139.85320246601435,-141.97,-135.12,6.849999999999994,10.061772466206273,0.42047276878929335,9.3668190251547,11.003332422952603,1.6365133977979038,10.07055423057738,9.392364598438457,9.968459065472457,0.5760944670340002,0.11506865045092132,0.03648360156842638,0.035837968692435676,0.17323735163064574,0.13739938293821008,0.12071390764945024,0.05678318413051526,0.14817874341483667,0.09139555928432141,0.09994999999999976,0.0005894913061272606,0.09899999999998954,0.10099999999999909,0.0020000000000095497,0.09995173835406743,0.09999999999999432,0.09900000000000375,-0.000999999999990564,0.09994999999999976,1.9989999999999952,-20.394112872400825,18.511165301367214,81.399
-1.3191150000000003,0.2700346316215756,-2.0047,-0.8773,1.1274000000000002,1.346470603281037,-1.756,-1.0865,0.6695,0.79308,0.30836235762492153,0.2974,1.3606,1.0632000000000001,0.8509190502039544,0.2974,0.3668,0.06940000000000002,9.959445,0.3886936537621884,9.2063,10.8694,1.6631,9.967027012329204,10.4497,9.8058,-0.6439000000000004,0.011155000000000002,0.03270101642151203,-0.0575,0.059,0.11649999999999999,0.034551273493172434,0.0129,0.0035,-0.0094,0.10938,0.03684778962163131,0.0288,0.1725,0.1437,0.11541985964295746,0.0288,0.1217,0.09290000000000001,0.0031999999999999993,0.025021071120157907,-0.0423,0.044,0.08629999999999999,0.025224868681521417,0.0256,0.0009,-0.0247,-5.49999999999998e-05,0.010060192592589867,-0.019,0.0195,0.0385,0.010060342936500724,0.0025,-0.002,-0.0045000000000000005,-0.0031399999999999996,0.005734230549951754,-0.0155,0.0063,0.0218,0.006537660131882048,-0.0124,-0.0014,0.011,9.806585,3.570714214263103e-05,9.8065,9.8066,9.999999999976694e-05,9.806585000065008,9.8066,9.8066,0.0,-12.84,0.5866685606030038,-14.31,-11.69,2.620000000000001,12.853395660291486,-14.31,-11.69,2.620000000000001,-27.640000000000004,0.5509718686103674,-29.06,-26.56,2.5,27.645490952413923,-29.06,-27.44,1.6199999999999974,4.716499999999999,0.8374919402597256,2.94,6.13,3.19,4.7902781756386545,3.0,6.13,3.13,323.392,6.59372019424543,312.77,336.1,23.33000000000004,323.45921351848983,312.77,336.1,23.33000000000004,-83.92549999999999,0.3010394492421211,-84.47,-83.61,0.8599999999999994,83.92603991014946,-84.34,-83.61,0.730000000000004,-139.493,2.3627845860340257,-142.84,-135.11,7.72999999999999,139.5130094292285,-140.73,-135.11,5.619999999999976,10.085785521075945,0.39446698576033085,9.3668190251547,11.003332422952603,1.6365133977979038,10.093496608212638,10.600387391506029,9.872625695831884,-0.7277616956741451,0.11831717347986086,0.03395401242469741,0.035837968692435676,0.17323735163064574,0.13739938293821008,0.12309276380031442,0.04063508336400948,0.12175364470930634,0.08111856134529687,0.09995000000000047,0.0005894913061273209,0.09899999999998954,0.10099999999999909,0.0020000000000095497,0.09995173835406813,0.10000000000000853,0.10000000000000853,0.0,0.09995000000000047,1.9990000000000094,-20.08614962449326,18.181932806042596,81.49900000000001
-1.28613,0.25449870942698316,-2.0047,-0.8773,1.1274000000000002,1.3110682552788775,-1.6086,-1.0963,0.5123,0.800495,0.2979615268369391,0.3668,1.3606,0.9938,0.8541506404024996,0.5847,0.4457,-0.139,9.924825000000002,0.37404524308564596,9.2063,10.8694,1.6631,9.931870978043362,10.8694,9.7573,-1.1120999999999999,0.010355,0.03284394122208844,-0.0575,0.059,0.11649999999999999,0.034437632032414775,-0.0128,-0.0031,0.0097,0.11365,0.031875249018635136,0.0326,0.1725,0.1399,0.11803539299718539,0.0326,0.1142,0.0816,0.00101,0.024881075137541786,-0.0423,0.044,0.08629999999999999,0.02490156621580257,0.0076,-0.0182,-0.0258,-0.0004649999999999998,0.010114656444981213,-0.019,0.0195,0.0385,0.01012533950048096,-0.0039,-0.0057,-0.0018000000000000004,-0.002305,0.00553755135416368,-0.0155,0.0063,0.0218,0.005998124706939661,0.0049,0.0043,-0.0005999999999999998,9.806585,3.570714214263103e-05,9.8065,9.8066,9.999999999976694e-05,9.806585000065008,9.8066,9.8066,0.0,-12.712,0.5283521552903898,-13.31,-11.69,1.620000000000001,12.722975280963176,-13.19,-11.75,1.4399999999999995,-27.577499999999997,0.44753631137595995,-28.25,-26.56,1.6900000000000013,27.581131140691095,-28.12,-27.81,0.3100000000000023,4.882,0.808483766070785,2.94,6.31,3.3699999999999997,4.94849168939385,2.94,6.31,3.3699999999999997,324.579,6.710508848068077,314.42,336.51,22.089999999999975,324.64836079980444,314.42,336.51,22.089999999999975,-83.891,0.2909278261012501,-84.47,-83.61,0.8599999999999994,83.89150445664924,-84.44,-83.65,0.789999999999992,-139.1885,2.5673143068194806,-142.84,-134.64,8.200000000000017,139.21217488064755,-140.06,-134.64,5.420000000000016,10.047206446628138,0.3797065048612861,9.3668190251547,11.003332422952603,1.6365133977979038,10.054378867488534,11.003332422952603,9.828805902549913,-1.17452652040269,0.12206955494285025,0.028938145345796848,0.035837968692435676,0.17323735163064574,0.13739938293821008,0.12545275006949827,0.035837968692435676,0.115682712623797,0.07984474393136132,0.09994999999999976,0.0005894913061272606,0.09899999999998954,0.10099999999999909,0.0020000000000095497,0.09995173835406743,0.09899999999998954,0.09999999999999432,0.0010000000000047748,0.09994999999999976,1.9989999999999952,-19.771391337231705,17.86706801586797,81.599
-1.2684250000000001,0.24352988291994068,-2.0047,-0.8773,1.1274000000000002,1.2915915703116059,-1.2519,-1.2545,-0.0025999999999999357,0.802505,0.29663165285417536,0.3668,1.3606,0.9938,0.8555726810154705,1.1307,0.6249,-0.5058,9.88374,0.30718997932875347,9.2063,10.3641,1.1578,9.888512631887568,10.3003,10.0477,-0.25259999999999927,0.011550000000000001,0.03241167228021411,-0.0575,0.059,0.11649999999999999,0.03440812404069713,-0.0011,0.0111,0.0122,0.11749500000000002,0.025954835291328665,0.0739,0.1725,0.0986,0.12032758827467623,0.1093,0.1095,0.00020000000000000573,-0.0006250000000000006,0.025461929915071246,-0.0423,0.044,0.08629999999999999,0.025469599525709076,-0.0309,-0.0251,0.0058,-0.00030499999999999993,0.010084318271454942,-0.019,0.0195,0.0385,0.01008892957652099,0.0106,-0.0007,-0.0113,-0.0024800000000000004,0.005359533561794347,-0.0155,0.0063,0.0218,0.005905505905508858,0.0014,0.0014,0.0,9.806585,3.570714214263103e-05,9.8065,9.8066,9.999999999976694e-05,9.806585000065008,9.8066,9.8066,0.0,-12.615,0.6043136602791634,-13.31,-11.25,2.0600000000000005,12.62946633868589,-13.25,-11.25,2.0,-27.556,0.4309802779710461,-28.25,-26.56,1.6900000000000013,27.55937009439802,-28.0,-27.69,0.3099999999999987,5.034999999999999,0.710045773172406,3.69,6.31,2.6199999999999997,5.084819564153678,4.0,6.0,2.0,325.8215,7.008432973925051,317.23,339.27,22.039999999999964,325.8968671144293,319.46,339.27,19.810000000000002,-83.854,0.26462048295625046,-84.47,-83.61,0.8599999999999994,83.85441753420031,-84.47,-83.7,0.769999999999996,-138.89749999999998,2.773594914546821,-142.84,-134.24,8.599999999999994,138.92518970654675,-140.08,-134.24,5.840000000000003,10.004288643985785,0.31161546145376745,9.3668190251547,10.481438917915803,1.1146198927611035,10.009140595875351,10.437524428234887,10.144976370105553,-0.29254805812933427,0.1259220054520837,0.021330647972468995,0.08517804881540784,0.17323735163064574,0.0880593028152379,0.1277158878135371,0.11358921603743904,0.11288697887710522,-0.000702237160333824,0.10005000000000024,0.0005894913061262963,0.09900000000000375,0.10099999999999909,0.001999999999995339,0.10005173661661275,0.10000000000000853,0.10099999999999909,0.000999999999990564,0.10005000000000024,2.0010000000000048,-19.436612772905477,17.542247284826374,81.7
-1.25442,0.25198478049279094,-2.0047,-0.8773,1.1274000000000002,1.2794787477719198,-0.8773,-0.9718,-0.09450000000000003,0.76016,0.30702505500365923,0.2838,1.3606,1.0768,0.8198216940286467,0.5536,0.2838,-0.2698,9.858774999999998,0.29224752501090573,9.2063,10.3641,1.1578,9.863105652708988,9.4441,9.801,0.35689999999999955,0.012499999999999999,0.03230524725180106,-0.0575,0.059,0.11649999999999999,0.03463926962278506,0.0472,0.0179,-0.0293,0.11613500000000002,0.027038607120190194,0.0739,0.1725,0.0986,0.11924103530244946,0.0915,0.0821,-0.009399999999999992,0.00044999999999999945,0.024600315038633143,-0.0423,0.044,0.08629999999999999,0.024604430495339655,-0.0311,-0.0094,0.021699999999999997,-0.0006749999999999996,0.009809427863030545,-0.019,0.0195,0.0385,0.009832624268220565,0.0061,0.0032,-0.0029000000000000002,-0.0025550000000000004,0.005315023518292276,-0.0155,0.0063,0.0218,0.005897245119545227,0.0017,-0.0001,-0.0018,9.806585,3.570714214263103e-05,9.8065,9.8066,9.999999999976694e-05,9.806585000065008,9.8066,9.8066,0.0,-12.543,0.6101237579376828,-13.31,-11.25,2.0600000000000005,12.557830226595675,-13.06,-11.81,1.25,-27.556,0.4309802779710461,-28.25,-26.56,1.6900000000000013,27.55937009439802,-27.75,-28.0,-0.25,5.1255,0.687346164607034,3.69,6.31,2.6199999999999997,5.17138231036925,3.69,5.81,2.1199999999999997,326.71700000000004,7.277442613995657,317.23,339.27,22.039999999999964,326.7980404776014,318.62,337.37,18.75,-83.8165,0.22481714792248225,-84.41,-83.61,0.7999999999999972,83.81680150781226,-84.41,-83.72,0.6899999999999977,-138.595,2.952293176498565,-142.84,-134.03,8.810000000000002,138.62644069584994,-140.72,-134.03,6.689999999999998,9.97506985599,0.29666135680204503,9.3668190251547,10.481438917915803,1.1146198927611035,9.979480276672728,9.500902749739101,9.853148668319179,0.3522459185800777,0.12447018583649994,0.02304027642688276,0.0845528237257633,0.17323735163064574,0.08868452790488245,0.12658468114270383,0.10755138306874533,0.0845528237257633,-0.022998559342982033,0.10004999999999953,0.0005894913061263566,0.09900000000000375,0.10099999999999909,0.001999999999995339,0.10005173661661204,0.09999999999999432,0.09999999999999432,0.0,0.10004999999999953,2.0009999999999906,-19.10502496265687,17.200482356157437,81.8
-1.268575,0.23796423864732283,-2.0047,-0.9718,1.0329000000000002,1.2907011697135786,-1.203,-1.1604,0.04259999999999997,0.7478,0.31980176672432564,0.2838,1.3606,1.0768,0.8133129840350515,1.2386,0.3064,-0.9321999999999999,9.8799,0.276346963073597,9.2063,10.3641,1.1578,9.88376404281284,9.2063,9.8666,0.6602999999999994,0.0108,0.03131387871216212,-0.0575,0.059,0.11649999999999999,0.03312399432435647,0.059,0.0132,-0.045799999999999993,0.11495000000000002,0.028568365371508395,0.0678,0.1725,0.10469999999999999,0.11844684039686326,0.0739,0.0678,-0.006099999999999994,0.002665,0.02363529722681735,-0.0423,0.044,0.08629999999999999,0.023785068845811653,0.0422,0.0132,-0.029,-0.00129,0.009750789711607978,-0.019,0.0195,0.0385,0.009835751115191966,0.0145,-0.0062,-0.0207,-0.002795,0.005225081339079804,-0.0155,0.0063,0.0218,0.005925664519697347,0.0027,-0.0031,-0.0058,9.806585,3.570714214263103e-05,9.8065,9.8066,9.999999999976694e-05,9.806585000065008,9.8066,9.8066,0.0,-12.462,0.6427721213618401,-13.31,-11.25,2.0600000000000005,12.478565622698786,-13.25,-11.44,1.8100000000000005,-27.549500000000002,0.4289810601879763,-28.25,-26.56,1.6900000000000013,27.552839690311416,-28.19,-27.62,0.5700000000000003,5.2475000000000005,0.6363794072721083,4.31,6.31,2.0,5.285946935034441,4.31,6.13,1.8200000000000003,327.807,7.608127956337219,317.23,340.42,23.189999999999998,327.89527727614495,317.23,340.42,23.189999999999998,-83.781,0.1798582775409556,-84.35,-83.61,0.7399999999999949,83.78119305667592,-84.35,-83.7,0.6499999999999915,-138.2275,3.117728139206494,-142.84,-133.37,9.469999999999999,138.2626557860075,-141.81,-133.37,8.439999999999998,9.996991026918414,0.27631427978426576,9.3668190251547,10.481438917915803,1.1146198927611035,10.000808925956939,9.3668190251547,9.939326168307387,0.5725071431526878,0.12260876514409214,0.02568410422500368,0.07032296922058966,0.17323735163064574,0.10291438241005609,0.1252700383172289,0.10355216076934368,0.07032296922058966,-0.03322919154875402,0.10005000000000024,0.0005894913061262963,0.09900000000000375,0.10099999999999909,0.001999999999995339,0.10005173661661275,0.10000000000000853,0.10000000000000853,0.0,0.10005000000000024,2.0010000000000048,-18.767378724733504,16.860771167528014,81.9
-1.2511199999999998,0.25437190410892474,-2.0047,-0.8539,1.1508000000000003,1.2767170085809934,-1.1318,-0.8539,0.2778999999999999,0.6930499999999998,0.32478340089973806,0.1436,1.3606,1.217,0.7653773971055063,0.4963,0.1436,-0.3527,9.9102,0.23019816246008576,9.5146,10.3641,0.8495000000000008,9.912873207804083,9.5146,9.8123,0.29770000000000074,0.0073999999999999995,0.02953707839309772,-0.0575,0.0569,0.1144,0.030449942528681394,0.0231,-0.009,-0.0321,0.115345,0.028047931741930633,0.0678,0.1725,0.10469999999999999,0.11870617296501475,0.0763,0.0818,0.005499999999999991,-0.00013000000000000018,0.02204665734300781,-0.0423,0.044,0.08629999999999999,0.02204704061773371,0.03,-0.0137,-0.0437,-0.0020999999999999994,0.009053397152450564,-0.019,0.0195,0.0385,0.00929376134834546,0.0075,-0.0017,-0.0092,-0.00288,0.005148261842602802,-0.0155,0.0063,0.0218,0.005899067722954196,-0.0083,0.001,0.0093,9.806585,3.570714214263103e-05,9.8065,9.8066,9.999999999976694e-05,9.806585000065008,9.8066,9.8066,0.0,-12.374500000000001,0.6486329855935482,-13.31,-11.25,2.0600000000000005,12.39148800588533,-13.19,-11.5,1.6899999999999995,-27.517999999999994,0.40314513515606276,-28.25,-26.56,1.6900000000000013,27.520952926815596,-27.5,-27.56,-0.05999999999999872,5.3725,0.6837241768432647,4.38,6.81,2.4299999999999997,5.415831884392277,4.38,6.81,2.4299999999999997,329.245,8.170262847668976,317.37,345.99,28.620000000000005,329.34635753261335,317.37,345.99,28.620000000000005,-83.74900000000001,0.12405240827972565,-84.13,-83.61,0.519999999999996,83.7490918756735,-84.13,-83.71,0.4200000000000017,-137.794,3.1913514378707952,-142.84,-133.14,9.700000000000017,137.8309513861092,-141.67,-133.14,8.530000000000001,10.021171642345838,0.23871118248559806,9.594524380603762,10.481438917915803,0.8869145373120411,10.024014371198795,9.594524380603762,9.850431333703108,0.2559069530993465,0.12160246685197562,0.026781832564523426,0.07032296922058966,0.17323735163064574,0.10291438241005609,0.12451677196265568,0.08517804881540784,0.08342619492701318,-0.001751853888394661,0.1,0.0006324555320322019,0.09900000000000375,0.10099999999999909,0.001999999999995339,0.1000019999800004,0.10099999999999909,0.09900000000000375,-0.001999999999995339,0.1,2.0,-18.406124266732974,16.503336582260914,81.99900000000001
-1.24282,0.26075790994713854,-2.0047,-0.8539,1.1508000000000003,1.2698804038176195,-0.9723,-0.9658,0.006500000000000061,0.686855,0.32962277299209775,0.1436,1.3606,1.217,0.7618536365339474,0.636,0.3724,-0.2636,9.927115,0.21223636181154257,9.5577,10.3641,0.8064,9.929383490252555,10.3641,9.8529,-0.5112000000000005,0.006265,0.029347508838059835,-0.0575,0.0569,0.1144,0.03000877371703149,0.0455,0.0004,-0.0451,0.11468,0.029103583971737915,0.063,0.1725,0.10949999999999999,0.11831534558120513,0.0872,0.063,-0.0242,-0.0019749999999999998,0.02096549248169477,-0.0423,0.044,0.08629999999999999,0.02105831189815556,0.0308,-0.0069,-0.0377,-0.002745,0.008802526625918265,-0.019,0.0195,0.0385,0.00922060193262891,0.0195,-0.0054,-0.0249,-0.002295,0.005163862411025298,-0.0155,0.0063,0.0218,0.0056508848864580494,-0.0155,0.0034,0.0189,9.806585,3.570714214263103e-05,9.8065,9.8066,9.999999999976694e-05,9.806585000065008,9.8066,9.8066,0.0,-12.293000000000001,0.6434290947726875,-13.31,-11.25,2.0600000000000005,12.309827374906604,-13.06,-11.56,1.5,-27.518,0.4031451351560627,-28.25,-26.56,1.6900000000000013,27.520952926815596,-27.25,-27.5,-0.25,5.4975,0.7184906053665557,4.44,6.88,2.4399999999999995,5.5442524293181314,5.06,6.88,1.8200000000000003,330.572,8.288220315604551,318.91,345.99,27.079999999999984,330.6758862995607,321.1,343.91,22.810000000000002,-83.7295,0.08806105836293304,-83.95,-83.61,0.3400000000000034,83.72954630833729,-83.95,-83.74,0.21000000000000796,-137.355,3.231608732504603,-142.84,-132.89,9.950000000000017,137.39301044813016,-142.39,-132.89,9.5,10.036801582583905,0.21974460594337686,9.674793502189079,10.481438917915803,0.8066454157267238,10.039206826238814,10.429018750582435,9.907123185365164,-0.521895565217271,0.12051246406250375,0.028622473785187317,0.06337799302597077,0.17323735163064574,0.10985935860467497,0.12386484569885033,0.10306662893487882,0.06337799302597077,-0.039688635908908046,0.1,0.0006324555320322019,0.09900000000000375,0.10099999999999909,0.001999999999995339,0.1000019999800004,0.09999999999999432,0.10099999999999909,0.0010000000000047748,0.1,2.0,-18.038872248243194,16.141362387638395,82.10000000000001
-1.2391500000000002,0.2650211567026301,-2.0047,-0.8539,1.1508000000000003,1.2671736013664427,-1.0459,-0.8989,0.14700000000000002,0.6711849999999999,0.3389843614018204,0.1436,1.3606,1.217,0.751930649395275,1.1723,0.3226,-0.8496999999999999,9.904805,0.18709085620361032,9.5577,10.3613,0.8035999999999994,9.906571812514155,10.1671,9.9179,-0.2492000000000001,0.004755,0.02803762605856637,-0.0575,0.0569,0.1144,0.02843797636963643,-0.0024,0.0153,0.0177,0.11180999999999999,0.034077190318452015,0.0298,0.1725,0.1427,0.11688768540783069,0.1207,0.0298,-0.09090000000000001,-0.0027700000000000003,0.019986197737438705,-0.0423,0.044,0.08629999999999999,0.020177239652638318,-0.0423,0.0149,0.0572,-0.00397,0.007176078316183568,-0.019,0.0125,0.0315,0.00820103651985528,-0.0007,-0.005,-0.0043,-0.00146,0.004226156646410542,-0.0099,0.0063,0.0162,0.004471241438347967,0.0063,0.0012,-0.0051,9.806585,3.570714214263103e-05,9.8065,9.8066,9.999999999976694e-05,9.806585000065008,9.8066,9.8066,0.0,-12.224499999999999,0.6309316523998459,-13.31,-11.25,2.0600000000000005,12.240771013298142,-13.25,-11.69,1.5600000000000005,-27.549,0.40517773877645363,-28.25,-26.56,1.6900000000000013,27.55197942072402,-26.75,-27.87,-1.120000000000001,5.5634999999999994,0.7356920211610288,4.44,6.88,2.4399999999999995,5.611931485682981,4.75,6.38,1.63,331.50149999999996,8.215934685110394,318.91,345.99,27.079999999999984,331.60329625171096,320.33,339.69,19.360000000000014,-83.7215,0.07377499576414674,-83.86,-83.61,0.25,83.72153250508498,-83.79,-83.79,0.0,-136.849,3.1957094673953086,-142.84,-132.27,10.569999999999993,136.88630815388368,-142.84,-132.27,10.569999999999993,10.013539445561179,0.20080210703658713,9.674793502189079,10.481438917915803,0.8066454157267238,10.015552591544813,10.287765379809164,9.963776010127887,-0.3239893696812768,0.11719225836158306,0.033831125906655275,0.036662514916464745,0.17323735163064574,0.136574836714181,0.12197774592113103,0.12792005315821284,0.036662514916464745,-0.09125753824174809,0.09994999999999976,0.000668954408012353,0.09899999999998954,0.10099999999999909,0.0020000000000095497,0.09995223859424036,0.09999999999999432,0.09899999999998954,-0.0010000000000047748,0.09994999999999976,1.9989999999999952,-17.673681889666938,15.76647334766011,82.199
-1.234925,0.2687160915818031,-2.0047,-0.8539,1.1508000000000003,1.2638228093763777,-2.0047,-0.9614,1.0433000000000001,0.6418200000000001,0.3191608914011866,0.1436,1.3606,1.217,0.7167960567692878,0.9742,0.585,-0.3892,9.889725000000002,0.17723682708455374,9.5577,10.3613,0.8035999999999994,9.891313030558683,9.9533,9.8655,-0.08779999999999966,0.005985000000000001,0.02823565609296161,-0.0575,0.0569,0.1144,0.028862995340054366,-0.0575,0.0222,0.07970000000000001,0.10755999999999999,0.03780049470575749,0.0298,0.1725,0.1427,0.11400890754673514,0.0797,0.0357,-0.04399999999999999,0.00021499999999999975,0.018241389064432567,-0.0301,0.044,0.0741,0.018242656056616315,-0.0032,0.0174,0.0206,-0.004135,0.007136825274588135,-0.019,0.0125,0.0315,0.008248181617787037,-0.0157,-0.004,0.011699999999999999,-0.00172,0.0038871068933076696,-0.0099,0.0043,0.0142,0.004250647009573955,-0.0041,0.0011,0.005200000000000001,9.806585,3.570714214263103e-05,9.8065,9.8066,9.999999999976694e-05,9.806585000065008,9.8065,9.8066,9.999999999976694e-05,-12.142999999999999,0.5975960173896745,-13.31,-11.25,2.0600000000000005,12.15769591657893,-13.0,-11.62,1.3800000000000008,-27.630000000000003,0.39923677185349565,-28.37,-26.56,1.8100000000000023,27.632884214283532,-27.56,-28.37,-0.8100000000000023,5.701,0.8226475551534811,4.44,7.5,3.0599999999999996,5.760047742857692,4.81,7.5,2.6900000000000004,332.97499999999997,8.708157956766748,318.91,349.8,30.889999999999986,333.0888509692271,320.55,349.8,29.25,-83.7225,0.07482479535554941,-83.86,-83.61,0.25,83.72253343634557,-83.82,-83.81,0.009999999999990905,-136.29199999999997,3.071370378186261,-142.4,-131.7,10.700000000000017,136.32660261298966,-142.4,-131.7,10.700000000000017,9.995625257490358,0.19129521902232924,9.674793502189079,10.481438917915803,0.8066454157267238,9.997455583747296,10.199807283473547,9.929481618392776,-0.2703256650807706,0.11307116778988588,0.03713231765768836,0.036662514916464745,0.17323735163064574,0.136574836714181,0.11901217584768377,0.0983289377548644,0.04549824172426886,-0.052830696030595536,0.09995000000000047,0.000668954408012406,0.09899999999998954,0.10099999999999909,0.0020000000000095497,0.09995223859424107,0.10000000000000853,0.10000000000000853,0.0,0.09995000000000047,1.9990000000000094,-17.294377999761366,15.391841314648673,82.299
-1.166865,0.23545206152208564,-1.578,-0.6435,0.9345000000000001,1.1903829642178185,-1.3224,-0.6435,0.6789000000000001,0.606315,0.3197074698454824,0.1436,1.3606,1.217,0.6854420073937693,0.9528,0.2641,-0.6887,9.891110000000001,0.17783543488292766,9.5577,10.3613,0.8035999999999994,9.892708550948017,9.704,9.981,0.27699999999999925,0.007955,0.02491703182564087,-0.0482,0.0569,0.1051,0.026156079599205996,-0.0482,-0.0181,0.0301,0.10563499999999999,0.04008173243511313,0.0298,0.1725,0.1427,0.11298362049429997,0.1003,0.0412,-0.0591,-0.000515,0.018650985898874085,-0.0301,0.044,0.0741,0.01865809475804001,-0.0301,-0.0178,0.012299999999999998,-0.003485,0.006627765460545507,-0.019,0.0125,0.0315,0.007488157316723521,-0.019,-0.0027,0.0163,-0.0014300000000000003,0.003914984035727349,-0.0099,0.0043,0.0142,0.004167973128512227,-0.0032,0.0017,0.0049,9.80659,2.9999999999930076e-05,9.8065,9.8066,9.999999999976694e-05,9.806590000045889,9.8066,9.8066,0.0,-12.09,0.565375981095766,-13.31,-11.25,2.0600000000000005,12.10321238349555,-13.31,-11.94,1.370000000000001,-27.6615,0.41693254850155337,-28.37,-26.56,1.8100000000000023,27.664641964066696,-28.25,-28.19,0.05999999999999872,5.800999999999999,0.8297885272766788,4.44,7.5,3.0599999999999996,5.860046928139739,4.69,6.81,2.119999999999999,334.2395,8.648088502669246,318.91,349.8,30.889999999999986,334.35136128779254,321.29,345.84,24.549999999999955,-83.72349999999999,0.07624139295684434,-83.86,-83.61,0.25,83.723534713962,-83.86,-83.84,0.01999999999999602,-135.737,2.916489499381064,-141.84,-131.3,10.539999999999992,135.76832870739773,-141.84,-131.3,10.539999999999992,9.985895330639083,0.185524301698106,9.674793502189079,10.481438917915803,0.8066454157267238,9.98761857606707,9.839928129818835,10.005208746448023,0.1652806166291878,0.11057437480301362,0.03963421674415517,0.036662514916464745,0.17323735163064574,0.136574836714181,0.11746303035423529,0.11527939972085213,0.04839307801741898,-0.06688632170343314,0.09994999999999976,0.000668954408012353,0.09899999999998954,0.10099999999999909,0.0020000000000095497,0.09995223859424036,0.09900000000000375,0.09999999999999432,0.000999999999990564,0.09994999999999976,1.9989999999999952,-16.910454496118547,15.007188684097628,82.399
-1.1264800000000001,0.2717777172617358,-1.578,-0.5147,1.0633,1.1588012418011986,-1.3056,-0.5147,0.7909,0.5724549999999999,0.31706843815649643,0.1436,1.3606,1.217,0.6543982896524103,0.5557,0.2756,-0.28009999999999996,9.89081,0.17815560024877133,9.5577,10.3613,0.8035999999999994,9.892414360205501,9.738,9.698,-0.03999999999999915,0.010805,0.02133313092351894,-0.0355,0.0569,0.0924,0.023913395827443663,-0.0355,0.0088,0.0443,0.102285,0.04307571560635992,0.0298,0.1725,0.1427,0.11098530758618458,0.1437,0.0333,-0.1104,0.0006749999999999997,0.017445712223924822,-0.0251,0.044,0.0691,0.017458765706658646,-0.02,-0.0063,0.0137,-0.002765,0.005606716953797472,-0.0149,0.0125,0.0274,0.00625143983415021,-0.0086,-0.0046,0.004,-0.0011849999999999999,0.003949718344388622,-0.0099,0.0043,0.0142,0.00412365129466593,-0.0073,0.0017,0.009,9.80659,2.9999999999930076e-05,9.8065,9.8066,9.999999999976694e-05,9.806590000045889,9.8066,9.8066,0.0,-11.987,0.5195199707422227,-13.0,-11.25,1.75,11.998252789468973,-12.75,-11.25,1.5,-27.674,0.43762312553154703,-28.5,-26.56,1.9400000000000013,27.677459962937352,-27.44,-28.5,-1.0599999999999987,5.9105,0.820399140662641,4.44,7.5,3.0599999999999996,5.967165575044821,4.44,6.88,2.4399999999999995,335.6165,8.669080848048425,318.91,349.8,30.889999999999986,335.72844388731795,318.91,348.83,29.91999999999996,-83.72449999999999,0.0781328996006157,-83.88,-83.61,0.269999999999996,83.72453645736117,-83.85,-83.88,-0.030000000000001137,-135.197,2.730397590095628,-139.97,-131.04,8.930000000000007,135.22456832987118,-139.97,-131.04,8.930000000000007,9.979676845244809,0.1922742260019131,9.674793502189079,10.481438917915803,0.8066454157267238,9.98152890661045,9.840835221158821,9.715558421933348,-0.12527679922547286,0.10656113323680087,0.04288499018641339,0.03501456839659744,0.17323735163064574,0.1382227832340483,0.11486686859142632,0.14936512310442487,0.03501456839659744,-0.11435055470782743,0.1,0.0006324555320333254,0.09899999999998954,0.10099999999999909,0.0020000000000095497,0.10000199998000041,0.09999999999999432,0.10000000000000853,1.4210854715202004e-14,0.1,2.0,-16.526742138473907,14.614127256465736,82.49900000000001
-1.09288,0.28857668582198387,-1.578,-0.5147,1.0633,1.1303376477849438,-1.3929,-0.6336,0.7593,0.564335,0.31946400309737555,0.1436,1.3606,1.217,0.648483802033636,1.0224,0.3933,-0.6291,9.914435000000001,0.1874134927773344,9.5577,10.3613,0.8035999999999994,9.916206189188484,10.0825,10.2105,0.1280000000000001,0.011149999999999998,0.020625554537999698,-0.0286,0.0569,0.08549999999999999,0.02344644962462334,0.0158,-0.0286,-0.0444,0.09578500000000001,0.046042070707126105,0.0137,0.1725,0.1588,0.10627623676062302,0.1398,0.0137,-0.12610000000000002,0.0020550000000000004,0.01683667054378626,-0.0251,0.044,0.0691,0.01696161843692989,0.0193,0.0076,-0.011700000000000002,-0.0025650000000000004,0.005464547099257175,-0.0149,0.0125,0.0274,0.006036596723320185,-0.0051,-0.0046,0.0005000000000000004,-0.00075,0.0037249832214387227,-0.0099,0.0043,0.0142,0.003799736832992517,-0.0057,0.0014,0.0071,9.80659,2.9999999999930076e-05,9.8065,9.8066,9.999999999976694e-05,9.806590000045889,9.8066,9.8066,0.0,-11.915,0.5084535377003486,-13.0,-11.25,1.75,11.925843785661456,-13.0,-11.31,1.6899999999999995,-27.720499999999998,0.4591674531148742,-28.5,-26.56,1.9400000000000013,27.72430260619733,-27.25,-28.37,-1.120000000000001,6.026,0.7660509121461836,4.44,7.5,3.0599999999999996,6.074496686969217,5.31,6.75,1.4400000000000004,337.15450000000004,8.288980923491142,321.63,349.8,28.170000000000016,337.2563773674265,325.2,349.67,24.470000000000027,-83.72749999999999,0.08383764071107859,-83.91,-83.61,0.29999999999999716,83.72754197395264,-83.76,-83.91,-0.14999999999999147,-134.7185,2.6902774485171617,-138.75,-130.4,8.349999999999994,134.74535923363,-138.75,-130.4,8.349999999999994,9.999519944531457,0.19733348655921334,9.674793502189079,10.481438917915803,0.8066454157267238,10.001466873714076,10.229480848019609,10.237697206891792,0.008216358872182639,0.10072337547164323,0.044574349502806865,0.03260996780127205,0.17323735163064574,0.14062738382937368,0.11014568080501387,0.14200764063950924,0.03260996780127205,-0.10939767283823719,0.1,0.0006324555320333254,0.09899999999998954,0.10099999999999909,0.0020000000000095497,0.10000199998000041,0.09999999999999432,0.09999999999999432,0.0,0.1,2.0,-16.121054007484986,14.210285939932902,82.599
-1.06296,0.2869359308277721,-1.578,-0.5147,1.0633,1.101006898252686,-1.578,-0.7945,0.7835000000000001,0.5265750000000001,0.3074975038516573,0.1436,1.3606,1.217,0.6097835234736997,0.9922,0.2672,-0.725,9.90489,0.18342979556222588,9.5577,10.3613,0.8035999999999994,9.906588333124578,9.7602,9.8916,0.13140000000000107,0.008535000000000003,0.023043877169434835,-0.0365,0.0569,0.0934,0.024573695285813244,0.0494,-0.0365,-0.0859,0.08948500000000001,0.048160079682243055,0.0137,0.1725,0.1588,0.10162164385602114,0.136,0.0138,-0.1222,0.00020499999999999997,0.01687289172015277,-0.0251,0.044,0.0691,0.01687413701497057,0.0062,-0.0177,-0.0239,-0.0025499999999999997,0.005457975815263383,-0.0149,0.0125,0.0274,0.006024284189843636,-0.006,-0.0048,0.0012000000000000005,-0.00023000000000000003,0.0037235869803188435,-0.0099,0.0047,0.014600000000000002,0.003730683583473678,-0.0005,0.0047,0.0052,9.80659,2.9999999999930076e-05,9.8065,9.8066,9.999999999976694e-05,9.806590000045889,9.8066,9.8066,0.0,-11.830499999999999,0.45915656371220465,-13.0,-11.25,1.75,11.83940686858932,-12.37,-11.31,1.0599999999999987,-27.788999999999998,0.4853133008686248,-28.62,-26.56,2.0600000000000023,27.793237486842013,-26.94,-28.62,-1.6799999999999997,6.098,0.7630373516414513,4.44,7.5,3.0599999999999996,6.145553677253172,4.44,6.75,2.3099999999999996,338.39050000000003,8.257233480409772,321.63,349.92,28.29000000000002,338.4912294210885,321.63,349.92,28.29000000000002,-83.73600000000002,0.09462557793746902,-83.93,-83.61,0.3200000000000074,83.73605346563689,-83.74,-83.93,-0.19000000000001194,-134.288,2.6995825603229875,-138.58,-130.14,8.440000000000026,134.31513202167505,-138.32,-130.14,8.180000000000007,9.984398540508675,0.19060514627948108,9.674793502189079,10.481438917915803,0.8066454157267238,9.986217729325753,9.936601475353633,9.927052767563996,-0.009548707789637234,0.09576541029919813,0.045216674913423634,0.03260996780127205,0.17323735163064574,0.14062738382937368,0.10590354809920204,0.1448267931012767,0.04284833719060752,-0.10197845591066917,0.10005000000000024,0.0006689544080125653,0.09899999999998954,0.10099999999999909,0.0020000000000095497,0.10005223635681539,0.10000000000000853,0.10099999999999909,0.000999999999990564,0.10005000000000024,2.0010000000000048,-15.712561232052678,13.792513262207876,82.7
-1.003765,0.2965359257746015,-1.4833,-0.3941,1.0892,1.046650720393389,-1.2698,-0.3941,0.8757,0.4786450000000001,0.3058893843777518,0.0336,1.3606,1.327,0.5680399206921992,0.4906,0.0336,-0.45699999999999996,9.907980000000002,0.18147649875397084,9.5577,10.3613,0.8035999999999994,9.909641840147403,10.1035,9.822,-0.2815000000000012,0.006814999999999999,0.02113419681464143,-0.0365,0.0569,0.0934,0.022205821308837012,0.0569,0.015,-0.0419,0.08169000000000001,0.05242807358658145,-0.0199,0.1725,0.1924,0.09706677598437066,0.1343,-0.0199,-0.1542,-0.0005550000000000004,0.01692797905835189,-0.0251,0.044,0.0691,0.01693707471790805,0.0149,-0.009,-0.023899999999999998,-0.002445,0.0054105891546115375,-0.0149,0.0125,0.0274,0.005937381577766414,0.0052,-0.0039,-0.0091,-0.00016000000000000004,0.003731005226477176,-0.0099,0.0047,0.014600000000000002,0.003734434361452883,-0.0077,0.0009,0.0086,9.80659,2.9999999999930076e-05,9.8065,9.8066,9.999999999976694e-05,9.806590000045889,9.8065,9.8066,9.999999999976694e-05,-11.7745,0.4582409300793632,-13.0,-11.25,1.75,11.783413554653846,-12.37,-11.25,1.1199999999999992,-27.873,0.4764042401154721,-28.62,-26.56,2.0600000000000023,27.877071044139484,-26.56,-28.62,-2.0600000000000023,6.244999999999999,0.7108762198864159,4.94,7.5,2.5599999999999996,6.285329744730979,5.0,7.38,2.38,339.83299999999997,7.704750547551821,327.26,350.48,23.220000000000027,339.92033047465696,327.26,350.48,23.220000000000027,-83.7475,0.10751162727816929,-83.97,-83.61,0.35999999999999943,83.74756900949423,-83.71,-83.97,-0.2600000000000051,-133.858,2.708011447538585,-138.58,-129.72,8.860000000000014,133.88538938211295,-138.11,-129.72,8.390000000000015,9.97906650277471,0.19333963690799064,9.674793502189079,10.481438917915803,0.8066454157267238,9.980939258506686,10.1947924279997,9.829960720674318,-0.36483170732538106,0.08984884420969183,0.04614224955702231,0.026495471311150515,0.17323735163064574,0.14674188031949523,0.10100456425330491,0.14661551759619446,0.026495471311150515,-0.12012004628504394,0.10004999999999953,0.0006689544080126184,0.09899999999998954,0.10099999999999909,0.0020000000000095497,0.10005223635681466,0.10099999999999909,0.09999999999999432,-0.0010000000000047748,0.10004999999999953,2.0009999999999906,-15.30803691649001,13.37884575677711,82.8
-0.9813300000000001,0.29250610267138016,-1.4833,-0.3941,1.0892,1.0239962836846628,-1.4833,-0.8211,0.6622,0.47784500000000013,0.3058779944275168,0.0336,1.3606,1.327,0.5673598430449586,0.9637,0.4746,-0.4891,9.91064,0.18468438591283237,9.5577,10.3613,0.8035999999999994,9.91236064376191,10.127,10.1567,0.02970000000000006,0.0051,0.018186423507660875,-0.0365,0.0398,0.0763,0.018887985599316832,-0.0022,0.0226,0.0248,0.07451999999999999,0.0545072894207738,-0.0199,0.1725,0.1924,0.0923270003845029,0.1436,-0.0091,-0.1527,-0.0007050000000000001,0.01680319835626539,-0.0251,0.044,0.0691,0.01681798144843786,-0.0104,0.0119,0.0223,-0.0029000000000000002,0.005123572972057683,-0.0149,0.0125,0.0274,0.005887359340145631,0.0125,-0.0039,-0.0164,0.000295,0.003315490159840623,-0.0099,0.0047,0.014600000000000002,0.0033285882893503067,-0.0014,0.0014,0.0028,9.806595,2.1794494717652574e-05,9.8065,9.8066,9.999999999976694e-05,9.806595000024219,9.8066,9.8066,0.0,-11.709,0.4620486987320707,-13.0,-11.06,1.9399999999999995,11.718112902681899,-12.12,-11.06,1.0599999999999987,-27.967000000000002,0.384708980919344,-28.62,-27.44,1.1799999999999997,27.969645868333767,-27.75,-28.44,-0.6900000000000013,6.3545,0.6786050029288024,4.94,7.5,2.5599999999999996,6.3906318153997885,5.5,7.19,1.6900000000000004,341.021,7.5036836953592365,327.95,351.02,23.069999999999993,341.1035439716216,331.64,351.02,19.379999999999995,-83.76150000000001,0.11930108968488026,-83.99,-83.61,0.37999999999999545,83.76158495993256,-83.62,-83.99,-0.36999999999999034,-133.42199999999997,2.6902427399771978,-138.58,-129.39,9.190000000000026,133.44911948004753,-138.44,-129.39,9.050000000000011,9.979371010004787,0.19368365232000437,9.674793502189079,10.481438917915803,0.8066454157267238,9.981250378209136,10.280322250785723,10.200882572601255,-0.07943967818446751,0.08387377847589415,0.04614178999753514,0.026495471311150515,0.17323735163064574,0.14674188031949523,0.09572813327334864,0.14399291649244417,0.027114202920240898,-0.11687871357220327,0.09994999999999976,0.0006689544080123529,0.09899999999998954,0.10099999999999909,0.0020000000000095497,0.09995223859424036,0.09900000000000375,0.09900000000000375,0.0,0.09994999999999976,1.9989999999999952,-14.898896143556783,12.959345513815805,82.899
-0.9080700000000002,0.3376162023659409,-1.4619,-0.0181,1.4438,0.9688012309034294,-1.404,-0.0181,1.3859,0.442635,0.28792807482946153,0.0336,1.3606,1.327,0.5280419675556101,1.3606,0.2595,-1.1011,9.926335,0.21349517623356257,9.5577,10.4409,0.8831999999999987,9.928630656968764,9.7829,10.4409,0.6579999999999995,0.005190000000000001,0.018154500819356063,-0.0365,0.0398,0.0763,0.018881790169366888,-0.0073,-0.0004,0.0069,0.067955,0.05369273205006428,-0.0199,0.1725,0.1924,0.0866071099852662,0.1725,0.0123,-0.16019999999999998,-0.00062,0.016758180092122175,-0.0251,0.044,0.0691,0.016769645196008175,-0.0142,-0.0087,0.005500000000000001,-0.0037400000000000003,0.0037128695102305975,-0.0149,0.0032,0.0181,0.005270009487657493,-0.0069,-0.0043,0.0026,0.0006149999999999999,0.0034428585506813955,-0.0099,0.005,0.0149,0.0034973561442895687,0.0043,0.005,0.0007000000000000001,9.806595,2.1794494717652574e-05,9.8065,9.8066,9.999999999976694e-05,9.806595000024219,9.8066,9.8066,0.0,-11.6625,0.4651330454826876,-13.0,-11.06,1.9399999999999995,11.671771716410495,-13.0,-11.19,1.8100000000000005,-27.989000000000004,0.3842512199069773,-28.62,-27.44,1.1799999999999997,27.991637501225256,-27.87,-28.19,-0.3200000000000003,6.429499999999999,0.6627252447281603,4.94,7.5,2.5599999999999996,6.463565192678109,5.81,7.0,1.1900000000000004,342.00750000000005,7.50246751075938,327.95,351.37,23.420000000000016,342.0897792612343,329.82,351.37,21.55000000000001,-83.782,0.1281249390243755,-84.03,-83.61,0.4200000000000017,83.78209796848012,-83.68,-84.03,-0.3499999999999943,-132.95649999999998,2.5851040114471266,-138.58,-129.13,9.450000000000017,132.98162901318364,-138.58,-129.13,9.450000000000017,9.987561898256375,0.20908896550868747,9.674793502189079,10.481438917915803,0.8066454157267238,9.989750290522782,9.97635107491712,10.444140015817482,0.46778894090036083,0.07742769087729034,0.04629780972584738,0.015071164520368024,0.17323735163064574,0.15816618711027772,0.0902138265456022,0.17323735163064574,0.015071164520368024,-0.15816618711027772,0.1,0.0006324555320333254,0.09899999999998954,0.10099999999999909,0.0020000000000095497,0.10000199998000041,0.10099999999999909,0.10000000000000853,-0.000999999999990564,0.1,2.0,-14.485259265605151,12.54424165778704,82.99900000000001
-0.812305,0.4395986766074257,-1.4619,0.5113,1.9731999999999998,0.9236267695882358,-1.1441,0.5113,1.6553999999999998,0.36696,0.22973023397019382,-0.1529,0.9711,1.1239999999999999,0.43293835819894727,0.9711,-0.1529,-1.1239999999999999,9.930975,0.21132481130950984,9.5577,10.4409,0.8831999999999987,9.933223174101144,9.5577,9.8757,0.3179999999999996,0.00438,0.019033801512046932,-0.0365,0.0398,0.0763,0.019531256999998744,0.0244,-0.0235,-0.0479,0.059905,0.049304994422472055,-0.0199,0.1427,0.1626,0.07758602644806602,0.1204,0.0115,-0.1089,-0.0006550000000000001,0.01678721165053923,-0.0251,0.044,0.0691,0.016799985119041027,0.044,-0.0149,-0.058899999999999994,-0.0032500000000000003,0.003905188855868561,-0.0149,0.0032,0.0181,0.005080649564770237,-0.0149,0.0029,0.0178,0.00044,0.0033384727046959664,-0.0099,0.005,0.0149,0.003367343166355339,-0.0027,0.0008,0.0035,9.806595,2.1794494717652574e-05,9.8065,9.8066,9.999999999976694e-05,9.806595000024219,9.8066,9.8066,0.0,-11.575,0.3574283144911716,-12.44,-11.06,1.379999999999999,11.5805172596046,-12.0,-11.25,0.75,-28.017500000000005,0.39534636712634685,-28.62,-27.44,1.1799999999999997,28.020289166959003,-27.75,-28.44,-0.6900000000000013,6.476499999999999,0.650340487744689,4.94,7.5,2.5599999999999996,6.509070210099135,5.38,6.75,1.37,343.07500000000005,7.205433713524818,327.95,351.37,23.420000000000016,343.15065772922543,327.95,351.17,23.220000000000027,-83.8015,0.14022392805794537,-84.07,-83.61,0.45999999999999375,83.80161731732866,-83.74,-84.07,-0.3299999999999983,-132.4925,2.356857812851682,-137.34,-129.13,8.210000000000008,132.51346095774574,-137.34,-129.3,8.039999999999992,9.98324979592132,0.21016224741114437,9.674793502189079,10.481438917915803,0.8066454157267238,9.985461664740395,9.674793502189079,9.890109028216019,0.2153155260269397,0.07027123852087039,0.041776237704500646,0.015071164520368024,0.14817874341483667,0.13310757889446864,0.08175145870258219,0.13048953981066833,0.030108304502246552,-0.10038123530842177,0.09994999999999976,0.0005894913061272606,0.09899999999998954,0.10099999999999909,0.0020000000000095497,0.09995173835406743,0.09999999999999432,0.09999999999999432,0.0,0.09994999999999976,1.9989999999999952,-14.064842243571007,12.116703987985346,83.099
-0.73348,0.5089142821733342,-1.4619,0.5113,1.9731999999999998,0.8927410918065775,-1.4619,0.4324,1.8942999999999999,0.294015,0.2563912698884266,-0.4878,0.6249,1.1127,0.39010422133065925,0.6057,-0.4878,-1.0935000000000001,9.91938,0.23636594424747404,9.3258,10.4409,1.1151,9.922195747111624,10.3613,9.3258,-1.0355000000000008,0.003255,0.01847396749482904,-0.0365,0.0398,0.0763,0.018758531392409163,0.0126,0.0019,-0.0107,0.053599999999999995,0.04922852831438291,-0.0199,0.1427,0.1626,0.07277642475417435,0.1326,-0.0057,-0.1383,-0.002685,0.01337192114095802,-0.0251,0.0216,0.046700000000000005,0.01363882326302383,0.0216,0.0034,-0.0182,-0.0023000000000000004,0.0032035917342882504,-0.0062,0.0041,0.0103,0.003943729199628189,0.0019,0.0041,0.0022000000000000006,0.0004150000000000001,0.003363669870840479,-0.0099,0.005,0.0149,0.0033891739406527958,-0.0099,-0.0032,0.006700000000000001,9.806595,2.1794494717652574e-05,9.8065,9.8066,9.999999999976694e-05,9.806595000024219,9.8066,9.8066,0.0,-11.5405,0.34791486027475155,-12.44,-11.06,1.379999999999999,11.545743154946763,-12.44,-11.31,1.129999999999999,-28.0485,0.397457859401472,-28.62,-27.44,1.1799999999999997,28.05131592278694,-27.5,-28.37,-0.870000000000001,6.589,0.6455222691743485,4.94,7.63,2.6899999999999995,6.620545294762358,4.94,7.63,2.6899999999999995,344.4355,6.7772704498197545,330.33,355.16,24.83000000000004,344.50216988431293,330.33,355.16,24.83000000000004,-83.8175,0.15019570566430943,-84.07,-83.61,0.45999999999999375,83.81763457053654,-83.63,-84.06,-0.4300000000000068,-132.116,2.144272370758904,-135.58,-129.13,6.450000000000017,132.133399865439,-135.58,-129.81,5.77000000000001,9.966937827093812,0.2434887170825065,9.348554125638893,10.481438917915803,1.1328847922769096,9.969911554497362,10.481438917915803,9.348554125638893,-1.1328847922769096,0.06409194264221883,0.04155154495739636,0.006903622237637283,0.14817874341483667,0.14127512117719937,0.07638264200719952,0.13493731878172177,0.006903622237637283,-0.12803369654408447,0.09994999999999976,0.0005894913061272606,0.09899999999998954,0.10099999999999909,0.0020000000000095497,0.09995173835406743,0.09999999999999432,0.09999999999999432,0.0,0.09994999999999976,1.9989999999999952,-13.63128497460886,11.689110307186155,83.199
-0.6662400000000002,0.4969295316239517,-1.2545,0.5113,1.7658,0.8311526315906123,-1.0823,-0.1171,0.9652000000000001,0.27997500000000003,0.24643392395325772,-0.4878,0.6249,1.1127,0.37298214367446597,0.4962,0.3249,-0.17129999999999995,9.91759,0.2331258542075503,9.3258,10.4409,1.1151,9.92032958484747,9.8971,10.3255,0.4283999999999999,0.004680000000000001,0.020161909631778434,-0.0365,0.0411,0.0776,0.020697946758072405,0.0398,0.0411,0.0012999999999999956,0.046689999999999995,0.047316824703270186,-0.0199,0.1427,0.1626,0.06647434091437086,0.1427,-0.0056,-0.1483,-0.0031249999999999997,0.01269314283382961,-0.0251,0.0174,0.042499999999999996,0.013072165084636898,0.0031,0.0128,0.0097,-0.0025700000000000002,0.0030626948917579105,-0.0062,0.0041,0.0103,0.00399812456034076,0.0014,-0.0035,-0.0049,0.0009649999999999999,0.002390664133666626,-0.004,0.005,0.009000000000000001,0.0025780806814372586,-0.004,0.0011,0.0051,9.806595,2.1794494717652574e-05,9.8065,9.8066,9.999999999976694e-05,9.806595000024219,9.8065,9.8066,9.999999999976694e-05,-11.484,0.28293815578673703,-12.19,-11.06,1.129999999999999,11.487484929261061,-12.19,-11.31,0.879999999999999,-28.083000000000006,0.3778107992103987,-28.62,-27.44,1.1799999999999997,28.085541297970387,-27.87,-28.19,-0.3200000000000003,6.6985,0.5323370642741307,5.75,7.63,1.88,6.7196194088653565,5.75,7.13,1.38,345.452,6.073473964709162,335.86,355.16,19.30000000000001,345.50538547177524,335.86,350.66,14.800000000000011,-83.83699999999999,0.1499033021650948,-84.07,-83.61,0.45999999999999375,83.83713401590013,-83.61,-84.02,-0.4099999999999966,-131.821,2.0512481566109946,-135.12,-129.13,5.990000000000009,131.83695862693435,-135.12,-129.68,5.439999999999998,9.959429581698744,0.22941633700323155,9.348554125638893,10.444140015817482,1.0955858901785884,9.96207154403641,9.968459065472457,10.331274010014447,0.3628149445419897,0.05951556627924226,0.03841903005622504,0.006903622237637283,0.14817874341483667,0.14127512117719937,0.07083872175583068,0.14817874341483667,0.04340979152219001,-0.10476895189264665,0.09995000000000047,0.0005894913061273209,0.09899999999998954,0.10099999999999909,0.0020000000000095497,0.09995173835406813,0.09900000000000375,0.10000000000000853,0.0010000000000047748,0.09995000000000047,1.9990000000000094,-13.196828755242734,11.260533860119438,83.299
-0.5969400000000001,0.52964172173272,-1.2545,0.5113,1.7658,0.7980336565584186,-1.0865,0.3037,1.3902,0.23890000000000003,0.2739028148814831,-0.4878,0.6249,1.1127,0.36345008185444116,0.3668,-0.3253,-0.6920999999999999,9.909194999999999,0.23670812295947935,9.3258,10.4409,1.1151,9.912021806044416,9.8058,9.7292,-0.07659999999999911,0.0035750000000000005,0.018763978122988738,-0.0365,0.0411,0.0776,0.019101505176294355,0.0035,0.0177,0.0142,0.039439999999999996,0.04295840313605709,-0.0199,0.1217,0.1416,0.05831756167742269,0.1217,-0.0023,-0.124,-0.0029599999999999995,0.012794037673854177,-0.0251,0.0174,0.042499999999999996,0.013131983856219137,0.0009,0.0064,0.0055000000000000005,-0.002765,0.00292476922166519,-0.0062,0.0041,0.0103,0.004024860246020972,-0.002,-0.0025,-0.0005,0.0012849999999999997,0.002117374553545026,-0.0032,0.005,0.0082,0.0024767922803497267,-0.0014,0.0024,0.0037999999999999996,9.8066,0.0,9.8066,9.8066,0.0,9.8066,9.8066,9.8066,0.0,-11.484,0.28293815578673703,-12.19,-11.06,1.129999999999999,11.48748492926106,-11.69,-12.19,-0.5,-28.111500000000007,0.3821423164215136,-28.62,-27.44,1.1799999999999997,28.114097264539726,-27.44,-28.44,-1.0,6.758,0.4876228050450472,5.81,7.63,1.8200000000000003,6.775569348770626,6.13,6.94,0.8100000000000005,346.0885,5.689813946870322,336.1,355.16,19.060000000000002,346.1352680889366,336.1,348.59,12.489999999999952,-83.8595,0.1479011494208201,-84.07,-83.61,0.45999999999999375,83.85963042489514,-83.61,-84.06,-0.45000000000000284,-131.5275,1.9768178342983458,-135.11,-129.13,5.980000000000018,131.5423546429058,-135.11,-129.25,5.860000000000014,9.94797527839142,0.23434552057409194,9.348554125638893,10.444140015817482,1.0955858901785884,9.950735146837143,9.872625695831884,9.739372999325983,-0.13325269650590066,0.05305470610959262,0.03351794533715864,0.006903622237637283,0.12175364470930634,0.11485002247166906,0.06275551370198479,0.12175364470930634,0.01896154002184422,-0.10279210468746212,0.1,0.0005477225575051869,0.09899999999998954,0.10099999999999909,0.0020000000000095497,0.10000149998875017,0.10000000000000853,0.09999999999999432,-1.4210854715202004e-14,0.1,2.0,-12.76667911830063,10.829979546081375,83.399
-0.5353000000000001,0.5407011179940356,-1.2545,0.5113,1.7658,0.7608572724236788,-1.0963,0.1463,1.2426000000000001,0.21186500000000003,0.2863461755899666,-0.4878,0.6249,1.1127,0.35620346783825674,0.4457,-0.1739,-0.6195999999999999,9.912984999999999,0.23562665230189894,9.3258,10.4409,1.1151,9.915784967893364,9.7573,9.8816,0.12429999999999986,0.0019550000000000006,0.020054761903348543,-0.0365,0.0411,0.0776,0.02014982630198087,-0.0031,-0.0289,-0.0258,0.033125,0.03954978982245039,-0.0199,0.1142,0.1341,0.05158925760272191,0.1142,-0.0046,-0.11879999999999999,-0.0025599999999999993,0.013031323800750252,-0.0251,0.0174,0.042499999999999996,0.013280399090388813,-0.0182,0.0089,0.0271,-0.0029250000000000005,0.002965784044734208,-0.0062,0.0041,0.0103,0.0041655131736678015,-0.0057,-0.0052,0.0005000000000000004,0.0015199999999999999,0.0020665430070530835,-0.0032,0.005,0.0082,0.002565345980564805,0.0043,0.0033,-0.001,9.8066,0.0,9.8066,9.8066,0.0,9.8066,9.8066,9.8066,0.0,-11.4715,0.2790568938406645,-12.19,-11.06,1.129999999999999,11.474893681424676,-11.75,-11.44,0.3100000000000005,-28.170500000000004,0.3646021804652302,-28.62,-27.5,1.120000000000001,28.17285936854831,-27.81,-28.62,-0.8100000000000023,6.808,0.47167361596765206,5.81,7.63,1.8200000000000003,6.824319746319042,6.31,7.13,0.8200000000000003,346.88,5.335275063199652,336.51,355.16,18.650000000000034,346.9210278435137,336.51,351.93,15.420000000000016,-83.88449999999997,0.14585866446666695,-84.11,-83.65,0.45999999999999375,83.88462680968426,-83.65,-84.11,-0.45999999999999375,-131.20499999999998,1.890294950530207,-134.64,-128.66,5.97999999999999,131.21861620974366,-134.64,-128.66,5.97999999999999,9.948554635583587,0.23417278195457136,9.348554125638893,10.444140015817482,1.0955858901785884,9.951310276993679,9.828805902549913,9.884212839675197,0.05540693712528366,0.04849638648645966,0.02986530592101701,0.006903622237637283,0.115682712623797,0.10877909038615971,0.05695468374067229,0.115682712623797,0.030587252246646806,-0.08509546037715018,0.1,0.0005477225575051869,0.09899999999998954,0.10099999999999909,0.0020000000000095497,0.10000149998875017,0.09999999999999432,0.10000000000000853,1.4210854715202004e-14,0.1,2.0,-12.336087615571216,10.397643407924363,83.49900000000001
-0.46988000000000013,0.5479709943053556,-1.2545,0.5113,1.7658,0.7218444603929576,-1.2545,0.2121,1.4666,0.18675500000000003,0.28675890304400314,-0.4878,0.6249,1.1127,0.342210605475634,0.6249,-0.0565,-0.6814,9.922485,0.23297350552155063,9.3258,10.4409,1.1151,9.925219656486197,10.0477,9.9473,-0.10040000000000049,0.00118,0.02052901848603581,-0.0365,0.0411,0.0776,0.020562903491481935,0.0111,-0.0186,-0.029699999999999997,0.028114999999999994,0.03505304943938544,-0.0199,0.1095,0.12940000000000002,0.04493516996740972,0.1095,0.0139999999999999,-0.0955000000000001,-0.0028049999999999998,0.013364859707456716,-0.0251,0.0174,0.042499999999999996,0.013656042618562672,-0.0251,-0.0231,0.0020000000000000018,-0.0028049999999999998,0.0028988747817041013,-0.0062,0.0041,0.0103,0.0040337947394482035,-0.0007,-0.0033,-0.0026,0.00153,0.002080408613710297,-0.0032,0.005,0.0082,0.0025824407059988814,0.0014,0.0045,0.0030999999999999995,9.8066,0.0,9.8066,9.8066,0.0,9.8066,9.8066,9.8066,0.0,-11.481,0.29134000755131434,-12.19,-11.06,1.129999999999999,11.48469590367982,-11.25,-11.94,-0.6899999999999995,-28.208,0.36416479785943084,-28.62,-27.5,1.120000000000001,28.210350582720523,-27.69,-28.56,-0.8699999999999974,6.8115,0.46821229159431516,5.81,7.63,1.8200000000000003,6.827573141314562,6.0,6.38,0.3799999999999999,347.2885,4.812841442432946,337.37,355.16,17.79000000000002,347.3218473908602,339.27,344.68,5.410000000000025,-83.91,0.14720733677368056,-84.16,-83.7,0.45999999999999375,83.91012912634565,-83.7,-84.16,-0.45999999999999375,-130.897,1.8054558981044104,-134.24,-128.48,5.760000000000019,130.90945069016217,-134.24,-128.48,5.760000000000019,9.9546004104872,0.23255842390253745,9.348554125638893,10.444140015817482,1.0955858901785884,9.957316543778248,10.144976370105553,9.94972140062223,-0.19525496948332233,0.04435204504967348,0.025717427941217886,0.006903622237637283,0.11288697887710522,0.10598335663946794,0.05126880142932932,0.11288697887710522,0.032795883888073474,-0.08009109498903175,0.1,0.0005477225575051869,0.09899999999998954,0.10099999999999909,0.0020000000000095497,0.10000149998875017,0.10099999999999909,0.09999999999999432,-0.0010000000000047748,0.1,2.0,-11.906480627533625,9.95302077276375,83.599
-0.38402000000000003,0.5528147217648965,-1.1604,0.5113,1.6717,0.6731088151257567,-0.9718,0.4627,1.4344999999999999,0.13127,0.30348449235504604,-0.4878,0.585,1.0728,0.3306579047898296,0.2838,-0.4848,-0.7686,9.893339999999998,0.25123109162681273,9.3258,10.4409,1.1151,9.896529362205722,9.801,9.4648,-0.33619999999999983,0.0008249999999999997,0.020415481258104107,-0.0365,0.0411,0.0776,0.020432143793542565,0.0179,0.004,-0.0139,0.021719999999999996,0.03106165803687885,-0.0199,0.0821,0.10200000000000001,0.037902308636809975,0.0821,-0.0184,-0.1005,-0.001635,0.012347399523786376,-0.0231,0.0174,0.040499999999999994,0.012455179645432657,-0.0094,-0.0017,0.0077,-0.0026949999999999995,0.003016036306147524,-0.0062,0.0041,0.0103,0.004044687874237022,0.0032,0.0015,-0.0017000000000000001,0.0013849999999999997,0.002182950984332905,-0.0032,0.005,0.0082,0.0025852466033243326,-0.0001,-0.0015,-0.0014,9.8066,0.0,9.8066,9.8066,0.0,9.8066,9.8066,9.8066,0.0,-11.493500000000001,0.2864834201136252,-12.19,-11.06,1.129999999999999,11.49706984409506,-11.81,-11.5,0.3100000000000005,-28.261000000000003,0.3620483393139653,-28.75,-27.5,1.25,28.263318984153294,-28.0,-28.75,-0.75,6.851999999999999,0.4297161854061353,5.81,7.63,1.8200000000000003,6.865461382893359,5.81,6.81,1.0,347.9340000000001,4.55283362314065,337.37,355.16,17.79000000000002,347.96378640599943,337.37,352.18,14.810000000000002,-83.93350000000001,0.1493075684618832,-84.17,-83.7,0.46999999999999886,83.93363279996882,-83.72,-84.17,-0.45000000000000284,-130.60949999999997,1.705260903791557,-134.03,-128.48,5.550000000000011,130.62063162073594,-134.03,-128.49,5.539999999999992,9.921776405229503,0.24911143817801545,9.348554125638893,10.444140015817482,1.0955858901785884,9.924903200737022,9.853148668319179,9.488496264951577,-0.36465240336760196,0.03965301351283027,0.020900419119034425,0.006903622237637283,0.0845528237257633,0.07764920148812601,0.04482397795823124,0.0845528237257633,0.018906348140241152,-0.06564647558552214,0.1,0.0005477225575051869,0.09899999999998954,0.10099999999999909,0.0020000000000095497,0.10000149998875017,0.09999999999999432,0.10099999999999909,0.0010000000000047748,0.1,2.0,-11.467155191222588,9.525016178793777,83.7
-0.327615,0.547490284183199,-1.1604,0.5113,1.6717,0.6380260178864182,-1.1604,0.1563,1.3167,0.114475,0.30387287288436915,-0.4878,0.585,1.0728,0.32472026191785447,0.3064,-0.0521,-0.3585,9.913464999999999,0.25902832523683583,9.3258,10.4409,1.1151,9.916848490296703,9.8666,10.2035,0.3369,0.0011150000000000003,0.020695247642876856,-0.0365,0.0411,0.0776,0.020725262362633678,0.0132,0.0237,0.010499999999999999,0.01715,0.028456396468983913,-0.0199,0.0818,0.1017,0.03322482505597283,0.0678,-0.0093,-0.0771,-0.0010199999999999996,0.01225126932199272,-0.0231,0.0174,0.040499999999999994,0.012293656901020135,0.0132,0.0029,-0.0103,-0.002939999999999999,0.002710793241839001,-0.0062,0.0041,0.0103,0.00399899987496874,-0.0062,-0.0017,0.0045,0.001415,0.0021663967780625967,-0.0032,0.005,0.0082,0.002587566424268177,-0.0031,0.0005,0.0036,9.8066,0.0,9.8066,9.8066,0.0,9.8066,9.8066,9.8066,0.0,-11.459,0.2878350221915323,-12.19,-11.06,1.129999999999999,11.462614448719803,-11.44,-11.12,0.3200000000000003,-28.283000000000005,0.3588746299196979,-28.75,-27.5,1.25,28.285276735432518,-27.62,-28.44,-0.8200000000000003,6.920999999999999,0.3623796351893964,6.13,7.63,1.5,6.930480502822297,6.13,7.19,1.0600000000000005,348.6830000000001,3.9449259815616333,339.69,355.16,15.470000000000027,348.70531531652915,340.42,352.35,11.930000000000007,-83.95599999999999,0.14934523762075566,-84.17,-83.7,0.46999999999999886,83.95613283137808,-83.7,-84.17,-0.46999999999999886,-130.329,1.5760517123495659,-133.37,-128.42,4.950000000000017,130.33852914621986,-133.37,-128.42,4.950000000000017,9.939360474315055,0.25596442941078923,9.348554125638893,10.444140015817482,1.0955858901785884,9.942655803531569,9.939326168307387,10.20483005003023,0.265503881722843,0.03670657293534622,0.01836265240487085,0.006903622237637283,0.08342619492701318,0.0765225726893759,0.04104338558160133,0.07032296922058966,0.025624012176082026,-0.04469895704450763,0.1,0.0005477225575051869,0.09899999999998954,0.10099999999999909,0.0020000000000095497,0.10000149998875017,0.10000000000000853,0.09999999999999432,-1.4210854715202004e-14,0.1,2.0,-11.034821542440255,9.087225261373334,83.8
-0.255305,0.5278770978883247,-0.9658,0.5113,1.4771,0.586374345874715,-0.8539,0.2858,1.1397,0.081955,0.31614771622613375,-0.4878,0.585,1.0728,0.32659761251423747,0.1436,-0.344,-0.4876,9.90225,0.26558728038066876,9.3258,10.4409,1.1151,9.905811004960675,9.8123,9.6423,-0.16999999999999993,0.0007999999999999993,0.020556385869116192,-0.0365,0.0411,0.0776,0.02057194691807268,-0.009,0.0069,0.015899999999999997,0.014155000000000001,0.02601544685374441,-0.0199,0.0818,0.1017,0.02961701369145782,0.0818,0.0079,-0.0739,-0.0013499999999999999,0.01194895392911028,-0.0231,0.0174,0.040499999999999994,0.01202497401244593,-0.0137,0.0066,0.0203,-0.0028049999999999993,0.0026104549411932014,-0.0054,0.0041,0.009500000000000001,0.003831775045589185,-0.0017,-0.0035,-0.0018000000000000002,0.0016499999999999998,0.0019027611515899728,-0.0032,0.005,0.0082,0.002518531318050264,0.001,0.0016,0.0006000000000000001,9.8066,0.0,9.8066,9.8066,0.0,9.8066,9.8066,9.8066,0.0,-11.4465,0.2937562765286895,-12.19,-11.06,1.129999999999999,11.450268774138012,-11.5,-11.19,0.3100000000000005,-28.336500000000008,0.33501156696448586,-28.75,-27.5,1.25,28.33848028741132,-27.56,-28.69,-1.1300000000000026,6.961499999999999,0.313708064926613,6.38,7.63,1.25,6.968564773323126,6.81,6.94,0.13000000000000078,349.2980000000001,3.5475662079797803,339.69,355.16,15.470000000000027,349.3160145627452,345.99,352.72,6.730000000000018,-83.98,0.1447756885668316,-84.18,-83.71,0.4700000000000131,83.98012479152433,-83.71,-84.18,-0.4700000000000131,-130.0645,1.4847541042206258,-133.14,-128.08,5.059999999999974,130.07297434517287,-133.14,-128.08,5.059999999999974,9.925027481497564,0.2634806093778694,9.348554125638893,10.444140015817482,1.0955858901785884,9.928524187410735,9.850431333703108,9.65266631195754,-0.19776502174556754,0.03381006146482003,0.01737389546834823,0.006903622237637283,0.08342619492701318,0.0765225726893759,0.038012793898896724,0.08342619492701318,0.012392739810066215,-0.07103345511694698,0.1,0.0005477225575051869,0.09899999999998954,0.10099999999999909,0.0020000000000095497,0.10000149998875017,0.09900000000000375,0.10000000000000853,0.0010000000000047748,0.1,2.0,-10.592408728501283,8.648169343538996,83.9
-0.19449,0.5254692578067721,-0.9658,0.5113,1.4771,0.5603073272767366,-0.9658,0.3624,1.3282,0.06562500000000002,0.3209404335308968,-0.4878,0.585,1.0728,0.32758113880380846,0.3724,-0.183,-0.5554,9.903455,0.26523086636928206,9.3258,10.4409,1.1151,9.90700602349166,9.8529,9.8364,-0.016500000000000625,-0.00015500000000000027,0.02141521596902539,-0.0365,0.0411,0.0776,0.021415776894616736,0.0004,-0.0281,-0.0285,0.010169999999999995,0.020961800972244725,-0.0199,0.063,0.0829,0.023298626568963244,0.063,0.0021,-0.0609,-0.0008449999999999999,0.011625380638929634,-0.0231,0.0174,0.040499999999999994,0.011656049931258872,-0.0069,-0.0036,0.0033,-0.002785,0.0026203577999960232,-0.0054,0.0041,0.009500000000000001,0.0038239377609997787,-0.0054,-0.0013,0.0041,0.001715,0.0019016505988219813,-0.0032,0.005,0.0082,0.0025607616054603754,0.0034,0.0023,-0.0010999999999999998,9.8066,0.0,9.8066,9.8066,0.0,9.8066,9.8066,9.8066,0.0,-11.4465,0.2937562765286895,-12.19,-11.06,1.129999999999999,11.450268774138012,-11.56,-11.5,0.0600000000000005,-28.383500000000005,0.28497850796156543,-28.75,-27.5,1.25,28.384930597061533,-27.5,-28.5,-1.0,6.986500000000001,0.32048829931839945,6.38,7.63,1.25,6.993846938559637,6.88,7.31,0.4299999999999997,349.66450000000003,3.5654711820459344,339.69,355.16,15.470000000000027,349.6826777880197,343.91,353.32,9.409999999999968,-84.006,0.14058449416632024,-84.23,-83.74,0.4900000000000091,84.00611763437232,-83.74,-84.23,-0.4900000000000091,-129.79149999999998,1.3933135863831931,-132.89,-127.68,5.2099999999999795,129.79897840507067,-132.89,-127.68,5.2099999999999795,9.92474464683174,0.26356355625297534,9.348554125638893,10.444140015817482,1.0955858901785884,9.928243653990366,9.907123185365164,9.844774640386644,-0.06234854497851927,0.031059121388660904,0.013139862197314943,0.006903622237637283,0.06337799302597077,0.05647437078833349,0.033724249435680545,0.06337799302597077,0.02840739340383063,-0.03497059962214014,0.10004999999999953,0.0004974937185537573,0.09899999999998954,0.10099999999999909,0.0020000000000095497,0.10005123687391329,0.10099999999999909,0.09999999999999432,-0.0010000000000047748,0.10004999999999953,2.0009999999999906,-10.156040911149063,8.207648106265168,84.0
-0.134875,0.5016768540355436,-0.9614,0.5113,1.4727000000000001,0.519491031202657,-0.8989,0.2265,1.1254,0.04392,0.3140647904493593,-0.4878,0.585,1.0728,0.3171208901980442,0.3226,-0.0617,-0.3843,9.905555,0.2649884364929911,9.3258,10.4409,1.1151,9.90909878492994,9.9179,9.8949,-0.022999999999999687,0.00033499999999999936,0.021534095639241507,-0.0365,0.0411,0.0776,0.02153670123301152,0.0153,0.0102,-0.005099999999999999,0.006464999999999996,0.01757100665869773,-0.0199,0.0412,0.0611,0.018722620008962416,0.0298,-0.0111,-0.0409,-0.0008499999999999949,0.011628004987959024,-0.0231,0.0174,0.040499999999999994,0.01165903083450764,0.0149,-0.0069999999999999,-0.0218999999999999,-0.002515,0.002615200757112157,-0.0052,0.0041,0.0093,0.003628291609008295,-0.005,0.0,0.005,0.00154,0.001899578900704048,-0.0032,0.005,0.0082,0.0024454038521274967,0.0012,-0.0001,-0.0013,9.8066,0.0,9.8066,9.8066,0.0,9.8066,9.8066,9.8066,0.0,-11.437000000000001,0.2930034129494056,-12.19,-11.06,1.129999999999999,11.440752597622238,-11.69,-11.37,0.3200000000000003,-28.4115,0.2159461738489478,-28.75,-27.87,0.879999999999999,28.412320654955305,-27.87,-28.06,-0.18999999999999773,6.9955,0.3198980306285114,6.38,7.63,1.25,7.002810507217799,6.38,7.06,0.6799999999999997,350.1385,3.3950202871264312,339.69,355.16,15.470000000000027,350.15495904670547,339.69,353.39,13.699999999999989,-84.03150000000001,0.13620847991222856,-84.25,-83.79,0.45999999999999375,84.03161039156635,-83.79,-84.25,-0.45999999999999375,-129.52849999999998,1.2750383327570982,-132.27,-127.63,4.640000000000015,129.5347753886963,-132.27,-127.63,4.640000000000015,9.924272704199051,0.2636031348251961,9.348554125638893,10.444140015817482,1.0955858901785884,9.927772928507178,9.963776010127887,9.897684332711364,-0.066091677416523,0.028721260244292095,0.011197687706827948,0.006903622237637283,0.04839307801741898,0.0414894557797817,0.030826920053745228,0.036662514916464745,0.01662077013859462,-0.020041744777870126,0.09994999999999976,0.0004974937185534003,0.09899999999998954,0.10099999999999909,0.0020000000000095497,0.09995123811139087,0.09899999999998954,0.09900000000000375,1.4210854715202004e-14,0.09994999999999976,1.9989999999999952,-9.724428697125092,7.77051643100171,84.099
-0.070775,0.4814551390057022,-0.9614,0.5113,1.4727000000000001,0.48662937796643563,-0.9614,0.3831,1.3445,0.01617000000000001,0.31273173823582406,-0.4878,0.585,1.0728,0.3131494994407623,0.585,-0.2324,-0.8173999999999999,9.90344,0.26505026579877256,9.3258,10.4409,1.1151,9.906986195458233,9.8655,9.8756,0.010099999999999554,9.499999999999968e-05,0.02139225268642833,-0.0365,0.0411,0.0776,0.021392463626239967,0.0222,0.0105,-0.0117,0.0049599999999999965,0.016779076255861045,-0.0199,0.0412,0.0611,0.017496828284006213,0.0357,-0.0003,-0.036000000000000004,-0.0010449999999999952,0.011392562266672058,-0.0231,0.0174,0.040499999999999994,0.011440388979401002,0.0174,0.011,-0.0063999999999999994,-0.002345,0.002558021696545985,-0.0052,0.0041,0.0093,0.0034702305398921266,-0.004,-0.0016,0.0024000000000000002,0.0015099999999999998,0.0019094239969163476,-0.0032,0.005,0.0082,0.0024343376922686794,0.0011,0.0006,-0.0005000000000000001,9.8066,0.0,9.8066,9.8066,0.0,9.8066,9.8066,9.8066,0.0,-11.418000000000001,0.2882637681013691,-12.19,-11.06,1.129999999999999,11.421638236260156,-11.62,-11.31,0.3099999999999987,-28.439999999999998,0.17663521732655696,-28.75,-28.06,0.6900000000000013,28.44054851791716,-28.37,-28.44,-0.07000000000000028,7.0545,0.30958803271444457,6.38,7.63,1.25,7.06128989632914,7.5,7.56,0.05999999999999961,351.06500000000005,2.9111398111392806,344.68,358.22,13.54000000000002,351.07706982940374,349.8,358.22,8.420000000000016,-84.05449999999999,0.1322677209299386,-84.25,-83.81,0.4399999999999977,84.054604067832,-83.81,-84.25,-0.4399999999999977,-129.2865,1.188087854495616,-131.7,-127.43,4.269999999999982,129.2919588953621,-131.7,-127.43,4.269999999999982,9.920371903572278,0.26356694085883275,9.348554125638893,10.444140015817482,1.0955858901785884,9.923872542384853,9.929481618392776,9.885759997592498,-0.043721620800278416,0.027648627759451493,0.0114110640616591,0.006903622237637283,0.04839307801741898,0.0414894557797817,0.029910850873888555,0.04549824172426886,0.01520986521965267,-0.03028837650461619,0.1,0.00044721359549891566,0.09900000000000375,0.10099999999999909,0.001999999999995339,0.10000099999500005,0.10000000000000853,0.09999999999999432,-1.4210854715202004e-14,0.1,2.0,-9.287480027102788,7.326973900900498,84.199
-0.017854999999999996,0.4367439781782916,-0.8211,0.5113,1.3324,0.4371088005291131,-0.6435,0.0969999999999999,0.7404999999999998,-0.010999999999999998,0.28445893728269467,-0.4878,0.4746,0.9624,0.28467154230797287,0.2641,0.0416,-0.2225,9.91743,0.2700162293270536,9.3258,10.4409,1.1151,9.92110510825281,9.981,10.1453,0.16430000000000078,-0.002470000000000001,0.021661835102317624,-0.0365,0.0411,0.0776,0.021802201723679193,-0.0181,-0.0291,-0.011,0.003909999999999997,0.015425008914097907,-0.0199,0.0412,0.0611,0.015912856437484753,0.0412,0.0147,-0.026500000000000003,-0.0020099999999999953,0.01057756588256485,-0.0231,0.0128,0.0359,0.010766847263707231,-0.0178,-0.0019,0.0159,-0.0023799999999999997,0.002585072532831526,-0.0052,0.0041,0.0093,0.0035138298194420286,-0.0027,-0.0047,-0.002,0.0016499999999999998,0.00197572771403349,-0.0032,0.005,0.0082,0.0025741017850893157,0.0017,0.0039,0.0021999999999999997,9.8066,0.0,9.8066,9.8066,0.0,9.8066,9.8066,9.8066,0.0,-11.4025,0.28530466172146557,-12.19,-11.06,1.129999999999999,11.406068779382315,-11.94,-11.31,0.629999999999999,-28.468500000000006,0.20650121065020427,-28.94,-28.06,0.8800000000000026,28.46924893635236,-28.19,-28.94,-0.75,7.0295000000000005,0.2923093395702573,6.38,7.63,1.25,7.035574958736492,6.81,7.0,0.1900000000000004,351.27400000000006,2.9624152308547242,344.68,358.22,13.54000000000002,351.28649131442563,345.84,353.98,8.140000000000043,-84.07849999999999,0.1292391194646586,-84.29,-83.84,0.45000000000000284,84.0785993282476,-83.84,-84.29,-0.45000000000000284,-129.058,1.14044552697619,-131.3,-127.13,4.170000000000016,129.06303878337903,-131.3,-127.13,4.170000000000016,9.93119027196073,0.26812001345021463,9.348554125638893,10.444140015817482,1.0955858901785884,9.934808934222136,10.005208746448023,10.145848986161779,0.14064023971375583,0.027006588907754443,0.01072959251637986,0.006903622237637283,0.04839307801741898,0.0414894557797817,0.029059938059121868,0.04839307801741898,0.032657464690327695,-0.015735613327091287,0.1,0.00044721359549891566,0.09900000000000375,0.10099999999999909,0.001999999999995339,0.10000099999500005,0.09999999999999432,0.10000000000000853,1.4210854715202004e-14,0.1,2.0,-8.853211864255911,6.881227557531901,84.299
0.03400999999999997,0.42066225514062944,-0.8211,0.5113,1.3324,0.4220348480872166,-0.5147,0.3938,0.9085000000000001,-0.041069999999999995,0.2855735738824585,-0.4878,0.4746,0.9624,0.28851171726638764,0.2756,-0.3373,-0.6129,9.905175,0.27240443989590174,9.3258,10.4409,1.1151,9.908920019835662,9.698,9.7359,0.03790000000000049,-0.0014000000000000004,0.021390184664934524,-0.0365,0.0411,0.0776,0.021435951110226014,0.0088,0.0033,-0.0055000000000000005,0.0012849999999999951,0.01315599768166595,-0.0199,0.0333,0.053200000000000004,0.01321860431361798,0.0333,-0.0113,-0.0446,-0.0014299999999999949,0.009998004800959035,-0.0231,0.0128,0.0359,0.010099752472214353,-0.0063,-0.0062,0.00010000000000000026,-0.0023399999999999996,0.0025860007733950895,-0.0052,0.0041,0.0093,0.0034875492828059075,-0.0046,-0.0019,0.0027,0.0016099999999999997,0.00198239753833584,-0.0032,0.005,0.0082,0.002553820667157347,0.0017,0.0009,-0.0007999999999999999,9.8066,0.0,9.8066,9.8066,0.0,9.8066,9.8066,9.8066,0.0,-11.368,0.2587005991489002,-12.19,-11.06,1.129999999999999,11.370943232643455,-11.25,-11.25,0.0,-28.468500000000006,0.20650121065020427,-28.94,-28.06,0.8800000000000026,28.46924893635236,-28.5,-28.19,0.3099999999999987,7.051500000000002,0.2915180097352477,6.38,7.63,1.25,7.057523290786932,6.88,7.25,0.3700000000000001,351.70250000000004,2.758187584266167,344.68,358.22,13.54000000000002,351.713315222782,348.83,354.41,5.580000000000041,-84.103,0.12814444974325004,-84.33,-83.88,0.45000000000000284,84.10309762428491,-83.88,-84.33,-0.45000000000000284,-128.8355,1.1151433764319267,-131.04,-126.85,4.189999999999998,128.8403260047102,-131.04,-126.85,4.189999999999998,9.918414702454758,0.2703667391327998,9.348554125638893,10.444140015817482,1.0955858901785884,9.922098990813385,9.715558421933348,9.749697356328555,0.03413893439520699,0.025252179322905806,0.009927937320703038,0.006903622237637283,0.04340979152219001,0.03650616928455273,0.027133678335234973,0.03501456839659744,0.013304886320446335,-0.021709682076151104,0.10005000000000024,0.0004974937185522576,0.09900000000000375,0.10099999999999909,0.001999999999995339,0.100051236873914,0.10000000000000853,0.10099999999999909,0.000999999999990564,0.10005000000000024,2.0010000000000048,-8.411980760672634,6.440400203896303,84.4
0.07052499999999999,0.4027629586679986,-0.8211,0.5113,1.3324,0.40889091026825236,-0.6336,0.2156,0.8492000000000001,-0.052980000000000006,0.2769554126569835,-0.4878,0.4746,0.9624,0.2819772703605736,0.3933,0.0374,-0.3559,9.921864999999999,0.2694090630899413,9.3258,10.4409,1.1151,9.92552196720656,10.2105,10.0318,-0.1786999999999992,-0.0009650000000000006,0.021679697299547336,-0.0365,0.0411,0.0776,0.021701163563274662,-0.0286,0.0175,0.0461,-0.0010200000000000048,0.011244491984967568,-0.0199,0.0147,0.0346,0.011290659856713419,0.0137,-0.0128,-0.026500000000000003,-0.0007099999999999948,0.010138880608824622,-0.0231,0.0128,0.0359,0.010163709952571447,0.0076,0.0081,0.0004999999999999996,-0.0021799999999999996,0.00253980314197774,-0.0052,0.0041,0.0093,0.0033470882868547104,-0.0046,-0.0014,0.0031999999999999997,0.001575,0.0019866743568083827,-0.0032,0.005,0.0082,0.0025352514668174437,0.0014,0.001,-0.00039999999999999996,9.8066,0.0,9.8066,9.8066,0.0,9.8066,9.8066,9.8066,0.0,-11.374,0.25728194651004943,-12.19,-11.06,1.129999999999999,11.376909510055881,-11.31,-11.37,-0.05999999999999872,-28.474500000000006,0.20905681046069757,-28.94,-28.06,0.8800000000000026,28.47526742631226,-28.37,-28.62,-0.25,7.039,0.30370874205396187,6.38,7.63,1.25,7.045548949514155,6.75,6.63,-0.1200000000000001,351.98400000000004,2.7378794714157926,344.68,358.22,13.54000000000002,351.9946480274949,349.67,354.46,4.789999999999964,-84.12549999999999,0.12650988103701696,-84.33,-83.91,0.4200000000000017,84.1255951241951,-83.91,-84.33,-0.4200000000000017,-128.62199999999999,1.0808727954759525,-130.4,-126.77,3.6300000000000097,128.62654146792568,-130.4,-126.77,3.6300000000000097,9.93434609301176,0.26731439030094123,9.348554125638893,10.444140015817482,1.0955858901785884,9.937941903583457,10.237697206891792,10.034186233073413,-0.20351097381837846,0.024658710597353757,0.009678248378500795,0.006903622237637283,0.04340979152219001,0.03650616928455273,0.026490007550017795,0.03260996780127205,0.02314519388555646,-0.009464773915715593,0.1,0.0005477225575038897,0.09900000000000375,0.10099999999999909,0.001999999999995339,0.10000149998875017,0.09999999999999432,0.09900000000000375,-0.000999999999990564,0.1,2.0,-7.981437800697449,5.996018021782561,84.49900000000001
0.12131499999999999,0.3737724458477376,-0.8211,0.5113,1.3324,0.3929671366666683,-0.7945,0.3822,1.1766999999999999,-0.09227499999999998,0.2664000729635786,-0.4878,0.4746,0.9624,0.2819284918201777,0.2672,-0.3926,-0.6597999999999999,9.893395,0.2674820432758057,9.3258,10.4409,1.1151,9.897010218722622,9.8916,9.6411,-0.2505000000000006,0.0002349999999999996,0.02076162987339867,-0.0365,0.0411,0.0776,0.02076295980827396,-0.0365,-0.0046,0.0319,-0.0013600000000000049,0.010891528818306448,-0.0199,0.0147,0.0346,0.010976110422185078,0.0138,0.0069,-0.0069,-0.0014799999999999948,0.010063031352430536,-0.0231,0.0128,0.0359,0.010171283104898806,-0.0177,-0.0078,0.0099,-0.00211,0.00249096366894421,-0.0052,0.0041,0.0093,0.0032645060882161027,-0.0048,-0.0032,0.0015999999999999994,0.0016799999999999999,0.0020296797776989356,-0.0032,0.005,0.0082,0.0026347675419285095,0.0047,0.0035,-0.0012000000000000001,9.8066,0.0,9.8066,9.8066,0.0,9.8066,9.8066,9.8066,0.0,-11.374,0.25728194651004943,-12.19,-11.06,1.129999999999999,11.376909510055881,-11.31,-11.31,0.0,-28.506,0.2365882499195596,-29.0,-28.06,0.9400000000000013,28.50698177639997,-28.62,-29.0,-0.379999999999999,7.0545,0.2963861501487544,6.38,7.63,1.25,7.060723404864405,6.75,7.06,0.3099999999999996,352.25149999999996,2.759993251803347,344.68,358.22,13.54000000000002,352.26231251015207,349.92,355.02,5.099999999999966,-84.149,0.12794139283281225,-84.38,-83.93,0.44999999999998863,84.14909726194334,-83.93,-84.38,-0.44999999999998863,-128.419,1.108778156350493,-130.14,-126.34,3.799999999999983,128.42378654283635,-130.14,-126.34,3.799999999999983,9.905294073332552,0.2643244886555933,9.348554125638893,10.444140015817482,1.0955858901785884,9.908820218093574,9.927052767563996,9.656656813307595,-0.27039595425640073,0.023597444145958397,0.009909143745973905,0.006903622237637283,0.04340979152219001,0.03650616928455273,0.025593563644010185,0.04284833719060752,0.011384638773364748,-0.03146369841724277,0.1,0.0005477225575038897,0.09900000000000375,0.10099999999999909,0.001999999999995339,0.10000149998875017,0.10099999999999909,0.09999999999999432,-0.0010000000000047748,0.1,2.0,-7.542874314202919,5.545809290270512,84.599
0.170175,0.3091457453613101,-0.8211,0.5113,1.3324,0.3528889662485921,-0.3941,0.1827,0.5768,-0.113025,0.2534392903142684,-0.4878,0.4746,0.9624,0.2774997738737818,0.0336,-0.1478,-0.18139999999999998,9.901440000000001,0.26971740841109976,9.3258,10.4409,1.1151,9.90511289960897,9.822,10.0525,0.23050000000000104,0.0022,0.018974720024284943,-0.0291,0.0411,0.0702,0.019101832372837954,0.015,0.0028,-0.012199999999999999,-0.002575000000000005,0.01048021349973367,-0.0199,0.0147,0.0346,0.010791918272485197,-0.0199,-0.0105,0.0094,-0.0005949999999999951,0.009350747296339472,-0.0231,0.0128,0.0359,0.009369658478301113,-0.009,0.0,0.009,-0.0017749999999999999,0.002556340157334309,-0.0052,0.0041,0.0093,0.0031121535951813173,-0.0039,0.0019,0.0058,0.0014550000000000001,0.001929371659375145,-0.0032,0.005,0.0082,0.0024165057417684737,0.0009,0.0002,-0.0007,9.8066,0.0,9.8066,9.8066,0.0,9.8066,9.8066,9.8066,0.0,-11.368,0.2600884464946491,-12.19,-11.06,1.129999999999999,11.370974892242089,-11.25,-11.19,0.0600000000000005,-28.490499999999997,0.23875667529935166,-29.0,-28.06,0.9400000000000013,28.49150039924188,-28.62,-28.31,0.3100000000000023,7.089,0.2990802567873713,6.38,7.63,1.25,7.095306194943246,7.38,7.44,0.0600000000000005,352.5135,2.774904097441932,344.68,358.22,13.54000000000002,352.5244215299133,350.48,355.16,4.680000000000007,-84.17299999999999,0.12961867149450368,-84.41,-83.97,0.4399999999999977,84.17309980035188,-83.97,-84.41,-0.4399999999999977,-128.226,1.1281905867361242,-129.81,-126.28,3.530000000000001,128.23096307054703,-129.72,-126.28,3.4399999999999977,9.911703755489611,0.2663211677901883,9.348554125638893,10.444140015817482,1.0955858901785884,9.915281050025763,9.829960720674318,10.055246410705209,0.2252856900308906,0.02199837340079712,0.009230794533467942,0.006903622237637283,0.04340979152219001,0.03650616928455273,0.023856571421727805,0.026495471311150515,0.010866922287382017,-0.0156285490237685,0.1,0.0005477225575038897,0.09900000000000375,0.10099999999999909,0.001999999999995339,0.10000149998875017,0.09999999999999432,0.10099999999999909,0.0010000000000047748,0.1,2.0,-7.100615234063525,5.0882309721499155,84.7
0.21015999999999999,0.28429425671300507,-0.8211,0.5113,1.3324,0.35353988459578367,-0.8211,0.4056,1.2267000000000001,-0.13091999999999998,0.25508460282815976,-0.4878,0.4746,0.9624,0.2867197255160517,0.4746,-0.3243,-0.7988999999999999,9.897215000000001,0.2715840758862713,9.3258,10.4409,1.1151,9.900940494038938,10.1567,9.7375,-0.4192,0.0025700000000000002,0.019290233280082437,-0.0291,0.0411,0.0702,0.01946067830266972,0.0226,0.0224,-0.0001999999999999988,-0.001850000000000005,0.009731418190582493,-0.0184,0.0147,0.0331,0.009905705426672039,-0.0091,-0.0054,0.0037,-5.999999999999505e-05,0.009158678944039907,-0.0231,0.0128,0.0359,0.00915887547682574,0.0119,0.0017,-0.0102,-0.0015649999999999998,0.002545638426799847,-0.0052,0.0041,0.0093,0.002988226899015535,-0.0039,0.0003,0.0042,0.001465,0.0019269859885323501,-0.0032,0.005,0.0082,0.0024206404111309057,0.0014,0.0011,-0.0002999999999999999,9.8066,0.0,9.8066,9.8066,0.0,9.8066,9.8066,9.8066,0.0,-11.374,0.25867740527537375,-12.19,-11.06,1.129999999999999,11.37694115305164,-11.06,-11.37,-0.3099999999999987,-28.490499999999997,0.23875667529935163,-29.0,-28.06,0.9400000000000013,28.49150039924188,-28.44,-28.62,-0.17999999999999972,7.089,0.2990802567873713,6.38,7.63,1.25,7.095306194943246,7.19,7.38,0.1899999999999995,352.75649999999996,2.798882410891893,344.68,358.22,13.54000000000002,352.76760343744724,351.02,355.34,4.319999999999993,-84.1965,0.13323944611112729,-84.44,-83.99,0.45000000000000284,84.1966054244469,-83.99,-84.44,-0.45000000000000284,-128.04500000000002,1.163806255353528,-129.81,-126.1,3.710000000000008,128.05028883216158,-129.39,-126.1,3.289999999999992,9.90777260743128,0.26807326784742347,9.348554125638893,10.444140015817482,1.0955858901785884,9.911398555072841,10.200882572601255,9.751337759507667,-0.4495448130935884,0.021828816265178155,0.009177623900612478,0.006903622237637283,0.04340979152219001,0.03650616928455273,0.02367965371368424,0.027114202920240898,0.02310432859877127,-0.004009874321469629,0.1,0.0005477225575038897,0.09900000000000375,0.10099999999999909,0.001999999999995339,0.10000149998875017,0.09900000000000375,0.09999999999999432,0.000999999999990564,0.1,2.0,-6.660224689806142,4.633615084195981,84.8
0.260825,0.15842206561902922,-0.1171,0.5113,0.6284,0.3051675466035011,-0.0181,0.1922,0.21030000000000001,-0.149255,0.2219256823240609,-0.4878,0.3249,0.8127,0.26744730976399816,0.2595,0.1079,-0.1516,9.89628,0.2707199357269427,9.3258,10.4409,1.1151,9.899982177862746,10.4409,10.138,-0.3028999999999993,0.0012050000000000003,0.01878383547095747,-0.0291,0.0411,0.0702,0.018822446705994415,-0.0004,-0.0047,-0.0043,-0.0009200000000000048,0.00988173061766004,-0.0184,0.0147,0.0331,0.009924464721081931,0.0123,0.0095,-0.0028000000000000004,-0.0007749999999999951,0.008745963354599647,-0.0231,0.0128,0.0359,0.008780233482089183,-0.0087,-0.0024,0.0063,-0.0015249999999999999,0.002514731596015766,-0.0052,0.0041,0.0093,0.002941003230192038,-0.0043,-0.0031,0.0012000000000000001,0.00153,0.0019455333458977258,-0.0032,0.005,0.0082,0.002475075756416357,0.005,0.0027,-0.0023,9.8066,0.0,9.8066,9.8066,0.0,9.8066,9.8066,9.8066,0.0,-11.4085,0.2605047984202978,-12.19,-11.12,1.0700000000000003,11.411473831192884,-11.19,-11.75,-0.5600000000000005,-28.506,0.2449571391080489,-29.0,-28.06,0.9400000000000013,28.50705246075083,-28.19,-28.75,-0.5599999999999987,7.086,0.29835214093416523,6.38,7.63,1.25,7.0922781953332885,7.0,7.13,0.1299999999999999,352.85400000000004,2.7705133098398953,344.68,358.22,13.54000000000002,352.86487648957075,351.37,352.97,1.6000000000000227,-84.22050000000002,0.13705746969793314,-84.47,-84.02,0.45000000000000284,84.220611521171,-84.03,-84.47,-0.4399999999999977,-127.86750000000002,1.2147381405060116,-129.81,-125.84,3.969999999999999,127.87326986121845,-129.13,-125.84,3.289999999999992,9.90474826946525,0.26507383032873816,9.348554125638893,10.444140015817482,1.0955858901785884,9.90829462707887,10.444140015817482,10.140395813280662,-0.30374420253681933,0.021016475238641995,0.00939040832677406,0.006903622237637283,0.04340979152219001,0.03650616928455273,0.023018948716220726,0.015071164520368024,0.010867382389517725,-0.004203782130850299,0.1,0.0005477225575038897,0.09900000000000375,0.10099999999999909,0.001999999999995339,0.10000149998875017,0.10000000000000853,0.09900000000000375,-0.0010000000000047748,0.1,2.0,-6.2273739151651455,4.181887349198888,84.899
0.28668499999999997,0.15289735862662898,-0.1171,0.5113,0.6284,0.3249090511204636,0.5113,0.4991,-0.012199999999999989,-0.18235,0.20737843788590943,-0.4878,0.3249,0.8127,0.2761473139467411,-0.1529,-0.4024,-0.24949999999999997,9.855515,0.2458868322521562,9.3258,10.3255,0.9997000000000007,9.858581857929668,9.8757,9.6256,-0.25009999999999977,0.0007900000000000002,0.018906001692584287,-0.0291,0.0411,0.0702,0.01892249983485269,-0.0235,-0.0087,0.0148,-0.0018750000000000047,0.0094724270913003,-0.0184,0.0147,0.0331,0.009656215614825502,0.0115,-0.0068,-0.0183,-0.0006299999999999949,0.008636729705160393,-0.0231,0.0128,0.0359,0.0086596766683289,-0.0149,-0.0058,0.0091,-0.0013949999999999998,0.0024338190154569836,-0.0052,0.0041,0.0093,0.0028052629110299093,0.0029,-0.0017,-0.0046,0.001415,0.001799520769538379,-0.0032,0.0045,0.0077,0.002289213838853854,0.0008,0.0027,0.0019000000000000002,9.8066,0.0,9.8066,9.8066,0.0,9.8066,9.8066,9.8066,0.0,-11.424000000000001,0.2562303651014063,-12.19,-11.12,1.0700000000000003,11.426873150604235,-11.25,-11.5,-0.25,-28.524499999999996,0.23412550053336784,-29.0,-28.06,0.9400000000000013,28.525460820116475,-28.44,-28.56,-0.11999999999999744,7.1015,0.30151741243251606,6.38,7.63,1.25,7.107898071863439,6.75,7.31,0.5599999999999996,353.09250000000003,2.8370122928884194,344.68,358.22,13.54000000000002,353.10389716767503,351.17,356.14,4.96999999999997,-84.2445,0.14347386521593414,-84.51,-84.02,0.4900000000000091,84.2446221725755,-84.07,-84.51,-0.44000000000001194,-127.6855,1.2827294141790015,-129.81,-125.49,4.320000000000007,127.69194299171738,-129.3,-125.49,3.8100000000000165,9.864887622267933,0.239690800876791,9.348554125638893,10.331274010014447,0.9827198843755536,9.86779912037127,9.890109028216019,9.646927071871126,-0.24318195634489292,0.02088655552971503,0.009489220099888632,0.006903622237637283,0.04340979152219001,0.03650616928455273,0.022941087594096313,0.030108304502246552,0.012472770341828634,-0.017635534160417916,0.10004999999999953,0.0005894913061263566,0.09900000000000375,0.10099999999999909,0.001999999999995339,0.10005173661661204,0.09999999999999432,0.10099999999999909,0.0010000000000047748,0.10004999999999953,2.0009999999999906,-5.781920372429795,3.731007617151647,85.0
0.270605,0.1451438785309253,-0.1171,0.4991,0.6162,0.30707297422599733,0.4324,0.1897,-0.2427,-0.17786,0.20893376797444685,-0.4878,0.3249,0.8127,0.274385675646525,-0.4878,-0.0631,0.4247,9.861345,0.24767212292666294,9.3258,10.3255,0.9997000000000007,9.864454708168111,9.3258,9.9923,0.666500000000001,0.0028150000000000007,0.018356859072292297,-0.0291,0.0411,0.0702,0.018571443131862424,0.0019,0.017,0.0151,-0.002780000000000005,0.009004421136308532,-0.0184,0.0147,0.0331,0.00942379965831192,-0.0057,-0.0066,-0.0008999999999999998,0.00028000000000000485,0.008022194213555286,-0.0231,0.0128,0.0359,0.008027079169909808,0.0034,0.0033,-9.999999999999983e-05,-0.0016699999999999996,0.0022356430842153676,-0.0052,0.0041,0.0093,0.0027905196648653095,0.0041,-0.0026,-0.0067,0.00143,0.0017955779014011061,-0.0032,0.0045,0.0077,0.002295430242895654,-0.0032,0.0011,0.0043,9.8066,0.0,9.8066,9.8066,0.0,9.8066,9.8066,9.8066,0.0,-11.446000000000002,0.25921805492673533,-12.19,-11.12,1.0700000000000003,11.44893488495764,-11.31,-11.69,-0.379999999999999,-28.530499999999996,0.2334196864019829,-29.0,-28.06,0.9400000000000013,28.531454834971175,-28.37,-28.56,-0.18999999999999773,7.117,0.2908281279381346,6.38,7.63,1.25,7.122939702117378,7.63,7.06,-0.5700000000000003,353.219,2.8046905355136786,344.68,358.22,13.54000000000002,353.23013496869146,355.16,353.7,-1.4600000000000364,-84.26750000000001,0.1503620630345298,-84.53,-84.02,0.5100000000000051,84.26763414858637,-84.06,-84.53,-0.46999999999999886,-127.4845,1.3281508762185124,-129.81,-125.28,4.530000000000001,127.49141824060158,-129.81,-125.28,4.530000000000001,9.870097157099288,0.2413091573491265,9.348554125638893,10.331274010014447,0.9827198843755536,9.873046540961914,9.348554125638893,9.994299724843158,0.6457455992042647,0.02030776050727475,0.009259339240959456,0.006903622237637283,0.04340979152219001,0.03650616928455273,0.022319061360191645,0.006903622237637283,0.018532404053441098,0.011628781815803815,0.10005000000000024,0.0005894913061262963,0.09900000000000375,0.10099999999999909,0.001999999999995339,0.10005173661661275,0.09999999999999432,0.10000000000000853,1.4210854715202004e-14,0.10005000000000024,2.0010000000000048,-5.341809171466338,3.271774985849987,85.10000000000001
0.27066,0.14520537317881868,-0.1171,0.4991,0.6162,0.30715051033654495,-0.1171,0.4335,0.5506,-0.17138000000000003,0.20108285506228518,-0.4848,0.3249,0.8097000000000001,0.2642071516821602,0.3249,-0.3582,-0.6831,9.880374999999999,0.21872200363703684,9.4648,10.3255,0.8606999999999996,9.8827956295524,10.3255,9.7064,-0.6190999999999995,0.0020950000000000005,0.018658549648887506,-0.0291,0.0411,0.0702,0.01877579558900235,0.0411,-0.0125,-0.053599999999999995,-0.002245000000000005,0.009132002792378012,-0.0184,0.0147,0.0331,0.009403908761786232,-0.0056,0.005,0.0106,0.0002450000000000049,0.008010023408205492,-0.0231,0.0128,0.0359,0.008013769400226084,0.0128,0.0027,-0.010100000000000001,-0.0019299999999999999,0.0018116567003712376,-0.0052,0.0019,0.0070999999999999995,0.002647073856166465,-0.0035,-0.0011,0.0024000000000000002,0.00167,0.0014477914214416385,-0.0015,0.0045,0.006,0.0022102036105300345,0.0011,0.0016,0.0005,9.8066,0.0,9.8066,9.8066,0.0,9.8066,9.8066,9.8066,0.0,-11.4335,0.2712245379754567,-12.19,-11.06,1.129999999999999,11.436716530543196,-11.31,-11.06,0.25,-28.521499999999996,0.24271948829873555,-29.0,-28.06,0.9400000000000013,28.52253275920636,-28.19,-28.19,0.0,7.085499999999999,0.2666734894960502,6.38,7.56,1.1799999999999997,7.090516553820321,7.13,7.0,-0.1299999999999999,353.3,2.8819073545136713,344.68,358.22,13.54000000000002,353.31175382373004,350.66,356.78,6.119999999999948,-84.29249999999999,0.15526992625746952,-84.56,-84.02,0.5400000000000063,84.29264300637394,-84.02,-84.56,-0.5400000000000063,-127.245,1.31905837626695,-129.68,-125.02,4.660000000000011,127.25183668615553,-129.68,-125.02,4.660000000000011,9.888803255571753,0.21299409168674707,9.488496264951577,10.331274010014447,0.84277774506287,9.891096820398635,10.331274010014447,9.722676095088225,-0.6085979149262215,0.02064912873812071,0.008876822762481926,0.010866922287382017,0.04340979152219001,0.032542869234807995,0.02247630975049062,0.04340979152219001,0.013730986854556378,-0.029678804667633632,0.10005000000000024,0.0005894913061262963,0.09900000000000375,0.10099999999999909,0.001999999999995339,0.10005173661661275,0.10000000000000853,0.09999999999999432,-1.4210854715202004e-14,0.10005000000000024,2.0010000000000048,-4.898679017590183,2.811126377358846,85.2
0.28291000000000005,0.12014852433550734,0.0969999999999999,0.4991,0.40210000000000007,0.30736580161104454,0.3037,0.1279,-0.1758,-0.19297,0.16691727921338761,-0.4848,0.1079,0.5927,0.255144662887547,-0.3253,-0.1069,0.21839999999999998,9.864144999999999,0.19594744824824836,9.4648,10.2035,0.7386999999999997,9.866091018407442,9.7292,10.0009,0.27169999999999916,-0.00017499999999999937,0.016400118139818384,-0.0291,0.0237,0.0528,0.016401051795540432,0.0177,-0.0043,-0.022,-0.002535000000000005,0.009324016033877239,-0.0184,0.0147,0.0331,0.009662478977984886,-0.0023,-0.0114,-0.0091,-0.000194999999999995,0.0075359455279347615,-0.0231,0.011,0.0341,0.007538468014125941,0.0064,0.004,-0.0024000000000000002,-0.0017849999999999997,0.0017961834538821472,-0.0052,0.0019,0.0070999999999999995,0.0025322914524201195,-0.0025,-0.0006,0.0019000000000000002,0.001675,0.0014459858228903905,-0.0015,0.0045,0.006,0.002212803651479272,0.0024,0.0012,-0.0012,9.8066,0.0,9.8066,9.8066,0.0,9.8066,9.8066,9.8066,0.0,-11.424000000000001,0.2786108397029806,-12.19,-11.06,1.129999999999999,11.427396903932234,-12.19,-11.12,1.0700000000000003,-28.5305,0.2334196864019829,-29.0,-28.06,0.9400000000000013,28.531454834971175,-28.44,-28.37,0.07000000000000028,7.088500000000001,0.26749345786392603,6.38,7.56,1.1799999999999997,7.093545305416749,6.94,7.19,0.25,353.62199999999996,2.928348681424397,344.68,358.22,13.54000000000002,353.6341246401428,348.59,357.1,8.510000000000048,-84.321,0.1549483785007122,-84.59,-84.06,0.5300000000000011,84.32114236655003,-84.06,-84.59,-0.5300000000000011,-126.99949999999998,1.2997941183125894,-129.25,-124.77,4.480000000000004,127.00615128803801,-129.25,-124.77,4.480000000000004,9.872354009046319,0.18960706360010046,9.488496264951577,10.20483005003023,0.7163337850786533,9.874174624671168,9.739372999325983,10.00228907950575,0.2629160801797674,0.019119829461376383,0.007322473719166465,0.010866922287382017,0.032795883888073474,0.02192896160069146,0.020474044544251627,0.01896154002184422,0.012823805987303458,-0.0061377340345407615,0.10004999999999953,0.0005894913061263566,0.09900000000000375,0.10099999999999909,0.001999999999995339,0.10005173661661204,0.09999999999999432,0.09999999999999432,0.0,0.10004999999999953,2.0009999999999906,-4.456000615225406,2.3482852666780047,85.3
0.28949499999999995,0.12463287878806298,0.0969999999999999,0.4991,0.40210000000000007,0.3151836123595261,0.1463,0.4354,0.2891,-0.189725,0.1649321887170603,-0.4848,0.1079,0.5927,0.25139252673856477,-0.1739,-0.2604,-0.08650000000000002,9.87367,0.19377432002202968,9.4648,10.2035,0.7386999999999997,9.875571262261237,9.8816,9.9197,0.03810000000000002,-0.0009699999999999995,0.01589185640509,-0.0291,0.0237,0.0528,0.015921432096391328,-0.0289,0.0018,0.030699999999999998,-0.002030000000000005,0.009592710774332762,-0.0184,0.0147,0.0331,0.00980515170713844,-0.0046,0.0078,0.0124,-0.00030499999999999484,0.007454493611238789,-0.0231,0.011,0.0341,0.007460730527233906,0.0089,0.0042,-0.0047,-0.0016699999999999996,0.0018201922975334228,-0.0052,0.0019,0.0070999999999999995,0.002470222662028668,-0.0052,-0.0002,0.005,0.0017000000000000001,0.0014625320509308506,-0.0015,0.0045,0.006,0.0022425431991379787,0.0033,0.0029,-0.0004000000000000002,9.8066,0.0,9.8066,9.8066,0.0,9.8066,9.8066,9.8066,0.0,-11.383000000000001,0.21621979557848073,-11.94,-11.06,0.879999999999999,11.38505335955875,-11.44,-11.37,0.07000000000000028,-28.539500000000004,0.2332268209276113,-29.0,-28.06,0.9400000000000013,28.5404529571624,-28.62,-28.62,0.0,7.081999999999999,0.27255458168961316,6.38,7.56,1.1799999999999997,7.087242764291344,7.13,6.81,-0.3200000000000003,354.048,2.7813676491970623,344.68,358.22,13.54000000000002,354.0589249122242,351.93,357.11,5.180000000000007,-84.349,0.15584928617096747,-84.62,-84.11,0.5100000000000051,84.34914397905887,-84.11,-84.62,-0.5100000000000051,-126.77450000000002,1.2800838839701094,-128.66,-124.75,3.9099999999999966,126.78096254958787,-128.66,-124.75,3.9099999999999966,9.882018597521629,0.18749694993956784,9.488496264951577,10.20483005003023,0.7163337850786533,9.88379717861511,9.884212839675197,9.93266476883218,0.04845192915698249,0.018623748035483754,0.007645358664628817,0.009039911503991619,0.032795883888073474,0.023755972384081857,0.020131952215321786,0.030587252246646806,0.009039911503991619,-0.021547340742655186,0.1,0.0006324555320322019,0.09900000000000375,0.10099999999999909,0.001999999999995339,0.1000019999800004,0.10000000000000853,0.09900000000000375,-0.0010000000000047748,0.1,2.0,-4.016788800227147,1.8876393351638967,85.399
0.29369499999999993,0.12110192597560125,0.0969999999999999,0.4991,0.40210000000000007,0.31768290715743586,0.2121,0.2303,0.018199999999999994,-0.187805,0.16532826883204216,-0.4848,0.1079,0.5927,0.2502082222869584,-0.0565,-0.1355,-0.07900000000000001,9.876655000000001,0.19433250750968034,9.4648,10.2035,0.7386999999999997,9.878566652733584,9.9473,9.9413,-0.006000000000000227,-0.0003249999999999999,0.014980850276269367,-0.0291,0.0237,0.0528,0.014984375195516163,-0.0186,-0.016,0.002599999999999998,-0.0013900000000000052,0.009824097922964726,-0.0184,0.0147,0.0331,0.009921945373766169,0.0139999999999999,0.0082,-0.005799999999999899,-0.0005949999999999951,0.007199199608289794,-0.0231,0.011,0.0341,0.0072237455658404745,-0.0231,0.0031,0.026199999999999998,-0.001585,0.001688275747619446,-0.0047,0.0019,0.0066,0.002315707235381882,-0.0033,-0.0035,-0.0002000000000000001,0.001685,0.0014475064766694484,-0.0015,0.0045,0.006,0.0022213734490175215,0.0045,0.003,-0.0014999999999999996,9.806595,2.1794494717652574e-05,9.8065,9.8066,9.999999999976694e-05,9.806595000024219,9.8066,9.8065,-9.999999999976694e-05,-11.376500000000002,0.21636254296897137,-11.94,-11.06,0.879999999999999,11.378557245978069,-11.94,-11.31,0.629999999999999,-28.514499999999998,0.24948897771244327,-29.0,-28.06,0.9400000000000013,28.51559143696655,-28.56,-28.12,0.4399999999999977,7.0785,0.2723651042259269,6.38,7.56,1.1799999999999997,7.083738066868368,6.38,7.06,0.6799999999999997,354.32550000000003,2.8326021164293436,344.68,358.22,13.54000000000002,354.3368222256897,344.68,357.48,12.800000000000011,-84.3755,0.15800237339989567,-84.64,-84.16,0.480000000000004,84.3756479382529,-84.16,-84.64,-0.480000000000004,-126.56499999999998,1.2971141044642147,-128.49,-124.47,4.02000000000001,126.57164662751292,-128.48,-124.47,4.009999999999991,9.885052472928459,0.18799814879661078,9.488496264951577,10.20483005003023,0.7163337850786533,9.886840025837376,9.94972140062223,9.944890347811786,-0.004831052810445158,0.01800659428081505,0.0071359345853306815,0.009039911503991619,0.032795883888073474,0.023755972384081857,0.01936902165830788,0.032795883888073474,0.018244177153272766,-0.014551706734800707,0.1,0.0006324555320322019,0.09900000000000375,0.10099999999999909,0.001999999999995339,0.1000019999800004,0.09999999999999432,0.10000000000000853,1.4210854715202004e-14,0.1,2.0,-3.5730651494709207,1.4314606958837715,85.49900000000001
0.305205,0.12371128273120445,0.0969999999999999,0.4991,0.40210000000000007,0.32932441983551725,0.4627,0.4423,-0.020399999999999974,-0.19884000000000002,0.16355179118554466,-0.4848,0.1079,0.5927,0.25746171365855547,-0.4848,-0.2772,0.2076,9.873630000000002,0.1936790724368536,9.4648,10.2035,0.7386999999999997,9.87552940150552,9.4648,9.8868,0.4219999999999988,0.00102,0.014478867359016729,-0.0291,0.0237,0.0528,0.014514751117397777,0.004,0.0083,0.0043,-0.00248,0.009248599894038017,-0.0184,0.0147,0.0331,0.009575332892385517,-0.0184,-0.0078,0.0106,0.0005400000000000051,0.005021792508656637,-0.0078,0.011,0.018799999999999997,0.0050507425196697495,-0.0017,-0.0004,0.0013,-0.001415,0.0016781760932631593,-0.0047,0.0019,0.0066,0.0021951081977888923,0.0015,0.0001,-0.0014,0.0014750000000000002,0.0013232063331166458,-0.0015,0.0039,0.0054,0.0019815398053029364,-0.0015,0.0003,0.0018,9.806595,2.1794494717652574e-05,9.8065,9.8066,9.999999999976694e-05,9.806595000024219,9.8066,9.8066,0.0,-11.329500000000001,0.1892478533563855,-11.75,-11.0,0.75,11.33108048687326,-11.5,-11.0,0.5,-28.4895,0.26803870989094114,-29.0,-28.06,0.9400000000000013,28.490760870850746,-28.75,-28.06,0.6900000000000013,7.093999999999999,0.23894350796788766,6.63,7.56,0.9299999999999997,7.098022964178123,6.81,6.69,-0.11999999999999922,354.981,1.8821022820240145,352.18,358.22,6.0400000000000205,354.9859893995818,352.18,357.79,5.610000000000014,-84.40100000000001,0.16226213359869265,-84.67,-84.17,0.5,84.40115597549597,-84.17,-84.67,-0.5,-126.35249999999999,1.3140010464227199,-128.49,-124.23,4.260000000000005,126.35933228297782,-128.49,-124.23,4.260000000000005,9.882594895435908,0.1874571956584312,9.488496264951577,10.20483005003023,0.7163337850786533,9.884372618810968,9.488496264951577,9.900569850771216,0.4120735858196394,0.016936646556962875,0.006405076377727088,0.009039911503991619,0.032657464690327695,0.023617553186336078,0.018107318962231816,0.018906348140241152,0.011396929411029972,-0.00750941872921118,0.10005000000000024,0.0006689544080115031,0.09900000000000375,0.10099999999999909,0.001999999999995339,0.10005223635681537,0.10099999999999909,0.10099999999999909,0.0,0.10005000000000024,2.0010000000000048,-3.1235397444922057,0.9573776386111206,85.60000000000001
0.297865,0.11838957418201992,0.0969999999999999,0.4991,0.40210000000000007,0.3205302630017952,0.1563,0.3159,0.15960000000000002,-0.19041999999999998,0.15257999082448523,-0.4024,0.1079,0.5103,0.2440090776999905,-0.0521,-0.3164,-0.26430000000000003,9.88549,0.17460431810238822,9.6256,10.2035,0.5778999999999996,9.887031870485702,10.2035,9.702,-0.5015000000000001,0.0015600000000000002,0.014778240761335566,-0.0291,0.0237,0.0528,0.014860349928585129,0.0237,0.0148,-0.008899999999999998,-0.001475,0.00852806396551996,-0.0128,0.0147,0.0275,0.008654680814449485,-0.0093,0.0017,0.011,0.000915000000000005,0.005119597152120459,-0.0078,0.011,0.018799999999999997,0.005200721103847036,0.0029,0.0058,0.0029,-0.0015649999999999998,0.00153924494477,-0.0047,0.0019,0.0066,0.0021951081977888923,-0.0017,-0.0015,0.00019999999999999987,0.0016200000000000003,0.0011347246362003426,-0.0001,0.0039,0.004,0.0019778776504121784,0.0005,0.0014,0.0009,9.806595,2.1794494717652574e-05,9.8065,9.8066,9.999999999976694e-05,9.806595000024219,9.8066,9.8066,0.0,-11.3325,0.19237658381414305,-11.75,-11.0,0.75,11.334132741414315,-11.12,-11.56,-0.4400000000000013,-28.454999999999995,0.2765592160821985,-29.0,-28.06,0.9400000000000013,28.456343932416896,-28.44,-28.06,0.38000000000000256,7.1225,0.23735785219789965,6.63,7.56,0.9299999999999997,7.126453886751811,7.19,7.38,0.1899999999999995,355.14399999999995,1.7703090125737944,352.35,358.22,5.8700000000000045,355.1484122588752,352.35,355.44,3.089999999999975,-84.42750000000001,0.16561627335500587,-84.7,-84.17,0.5300000000000011,84.42766243951091,-84.17,-84.7,-0.5300000000000011,-126.12549999999999,1.3172792984025825,-128.42,-123.95,4.469999999999985,126.13237877325551,-128.42,-123.95,4.469999999999985,9.893784913536177,0.16940889051021987,9.646927071871126,10.20483005003023,0.5579029781591043,9.8952351810101,10.20483005003023,9.712296626956984,-0.49253342307324566,0.01679065699257861,0.006391778919641309,0.009039911503991619,0.032657464690327695,0.023617553186336078,0.01796610697953232,0.025624012176082026,0.015986556852555837,-0.009637455323526188,0.09994999999999976,0.000668954408012353,0.09899999999998954,0.10099999999999909,0.0020000000000095497,0.09995223859424036,0.09999999999999432,0.09899999999998954,-0.0010000000000047748,0.09994999999999976,1.9989999999999952,-2.6801400955812653,0.4914599662168655,85.699
0.31428,0.1203665426935575,0.0969999999999999,0.4991,0.40210000000000007,0.3365412649289831,0.2858,0.4846,0.19879999999999998,-0.20454999999999995,0.1522012204287469,-0.4024,0.1079,0.5103,0.25496257372406644,-0.344,-0.3347,0.009299999999999975,9.86659,0.1589115474092427,9.6256,10.1453,0.5197000000000003,9.867869633715273,9.6423,9.8255,0.18319999999999936,-0.0005999999999999998,0.014539532317100163,-0.0291,0.0224,0.051500000000000004,0.014551907091512096,0.0069,-0.0195,-0.0264,-0.00114,0.008343704213357518,-0.0128,0.0147,0.0275,0.008421223189062263,0.0079,-0.0026,-0.0105,0.0007700000000000051,0.00510236219804121,-0.0078,0.011,0.018799999999999997,0.005160135657131499,0.0066,0.0,-0.0066,-0.001575,0.001540738459310989,-0.0047,0.0019,0.0066,0.0022032929900492127,-0.0035,-0.0019,0.0016,0.0017800000000000003,0.0011897898974188679,-0.0001,0.0039,0.004,0.002141027790571622,0.0016,0.0037,0.0021000000000000003,9.806595,2.1794494717652574e-05,9.8065,9.8066,9.999999999976694e-05,9.806595000024219,9.8066,9.8066,0.0,-11.336000000000002,0.18908728143373368,-11.75,-11.0,0.75,11.3375769016135,-11.19,-11.19,0.0,-28.4515,0.27716917216746917,-29.0,-28.06,0.9400000000000013,28.45285003299318,-28.69,-28.37,0.3200000000000003,7.106999999999999,0.24250979361667022,6.63,7.56,0.9299999999999997,7.111136336760813,6.94,6.88,-0.0600000000000005,355.45050000000003,1.7905794453193111,352.72,358.48,5.759999999999991,355.45500998719933,352.72,358.48,5.759999999999991,-84.4555,0.16704714903284076,-84.73,-84.18,0.5499999999999972,84.45566520370318,-84.18,-84.73,-0.5499999999999972,-125.88899999999998,1.3086783409226284,-128.08,-123.69,4.390000000000015,125.89580199514201,-128.08,-123.69,4.390000000000015,9.8757001734082,0.15382824820300176,9.646927071871126,10.145848986161779,0.49892191429065313,9.87689814896357,9.65266631195754,9.843135247470697,0.1904689355131559,0.01649308487055191,0.006105747411478113,0.009039911503991619,0.032657464690327695,0.023617553186336078,0.017586983823271115,0.012392739810066215,0.019672569735548023,0.007279829925481807,0.09995000000000047,0.000668954408012406,0.09899999999998954,0.10099999999999909,0.0020000000000095497,0.09995223859424106,0.10000000000000853,0.10000000000000853,0.0,0.09995000000000047,1.9990000000000094,-2.230063901164641,0.01874266074534603,85.799
0.31306,0.12077199758222103,0.0969999999999999,0.4991,0.40210000000000007,0.33554796825491284,0.3624,0.2614,-0.10099999999999998,-0.19239,0.15027719021860902,-0.4024,0.1079,0.5103,0.24412526702494358,-0.183,-0.1008,0.0822,9.876475,0.15058292690408165,9.6256,10.1453,0.5197000000000003,9.877622874128168,9.8364,9.84,0.0036000000000004917,-0.001115,0.014446877690352335,-0.0291,0.0224,0.051500000000000004,0.014489841268971859,-0.0281,-0.0034,0.0247,-0.0024149999999999996,0.008800697415546111,-0.0176,0.0147,0.0323,0.00912603418797015,0.0021,-0.0176,-0.019700000000000002,0.00012000000000000495,0.0051461247555806425,-0.0078,0.011,0.018799999999999997,0.005147523676487553,-0.0036,-0.0064,-0.0028000000000000004,-0.001405,0.0015061457432798463,-0.0047,0.0019,0.0066,0.002059732992404598,-0.0013,-0.0001,0.0012,0.0017650000000000003,0.001193848817899486,-0.0001,0.0039,0.004,0.0021308449028495714,0.0023,0.0013,-0.001,9.806595,2.1794494717652574e-05,9.8065,9.8066,9.999999999976694e-05,9.806595000024219,9.8066,9.8066,0.0,-11.366999999999999,0.21204009054893375,-11.81,-11.0,0.8100000000000005,11.36897752658523,-11.5,-11.81,-0.3100000000000005,-28.4355,0.27213002406937775,-29.0,-28.06,0.9400000000000013,28.436802123304936,-28.5,-28.37,0.129999999999999,7.109999999999999,0.24079036525575515,6.63,7.56,0.9299999999999997,7.114076187390742,7.31,7.0,-0.3099999999999996,355.60599999999994,1.6782175067612715,352.97,358.48,5.509999999999991,355.6099599983105,353.32,355.83,2.509999999999991,-84.48400000000001,0.16623477373883075,-84.75,-84.23,0.519999999999996,84.48416354560185,-84.23,-84.75,-0.519999999999996,-125.66699999999999,1.2946933999986252,-127.68,-123.64,4.040000000000006,125.6736691594544,-127.68,-123.64,4.040000000000006,9.885266234587665,0.14537778310678015,9.646927071871126,10.145848986161779,0.49892191429065313,9.886335176823614,9.844774640386644,9.843987535546761,-0.0007871048398833125,0.01682513060028681,0.006054087898543629,0.009039911503991619,0.032657464690327695,0.023617553186336078,0.017881191235485403,0.02840739340383063,0.01903365440476421,-0.009373738999066423,0.1,0.0007071067811859044,0.09899999999998954,0.10099999999999909,0.0020000000000095497,0.10000249996875078,0.09999999999999432,0.10099999999999909,0.0010000000000047748,0.1,2.0,-1.7751192432000664,-0.45959154169423755,85.9
0.31185500000000005,0.12039333235275115,0.0969999999999999,0.4991,0.40210000000000007,0.3342874444247046,0.2265,0.3383,0.11179999999999998,-0.19277,0.15026257384991115,-0.4024,0.1079,0.5103,0.2444158628239992,-0.0617,-0.1906,-0.1289,9.884070000000001,0.15219223074782762,9.6256,10.1453,0.5197000000000003,9.885241637916597,9.8949,9.9883,0.09340000000000082,0.0011650000000000002,0.013580510851952514,-0.0291,0.0224,0.051500000000000004,0.013630388842582592,0.0102,0.0175,0.007300000000000001,-0.0021999999999999997,0.008959464269698273,-0.0176,0.0147,0.0323,0.009225616510564484,-0.0111,0.0064,0.0175,0.000510000000000005,0.005144987852269422,-0.0078,0.011,0.018799999999999997,0.005170203090788594,-0.0069999999999999,0.0042,0.011199999999999901,-0.00152,0.0015797468151574163,-0.0047,0.0019,0.0066,0.0021922591087734132,0.0,-0.0036,-0.0036,0.001775,0.001199114256440978,-0.0001,0.0039,0.004,0.0021420784299366817,-0.0001,0.0025,0.0026,9.806595,2.1794494717652574e-05,9.8065,9.8066,9.999999999976694e-05,9.806595000024219,9.8066,9.8066,0.0,-11.367,0.21204009054893375,-11.81,-11.0,0.8100000000000005,11.36897752658523,-11.37,-11.5,-0.13000000000000078,-28.420000000000005,0.27680317917249453,-29.0,-28.06,0.9400000000000013,28.421347962403193,-28.06,-28.19,-0.13000000000000256,7.106999999999999,0.23864408645512253,6.63,7.56,0.9299999999999997,7.111005554772124,7.06,7.25,0.1900000000000004,355.87749999999994,1.725006884044239,352.97,358.75,5.779999999999973,355.88168069598635,353.39,358.75,5.360000000000014,-84.5115,0.16742983605080766,-84.78,-84.25,0.5300000000000011,84.51166585152609,-84.25,-84.78,-0.5300000000000011,-125.45649999999998,1.2925373302152625,-127.63,-123.47,4.159999999999997,125.46315811823008,-127.63,-123.47,4.159999999999997,9.892819739752943,0.14699335445693715,9.646927071871126,10.145848986161779,0.49892191429065313,9.893911736492296,9.897684332711364,9.99584474369225,0.09816041098088668,0.01635981328468114,0.0054760395625278735,0.009039911503991619,0.032657464690327695,0.023617553186336078,0.017251970901899873,0.01662077013859462,0.01910104709171725,0.002480276953122633,0.09995000000000047,0.0007399324293466008,0.09899999999998954,0.10099999999999909,0.0020000000000095497,0.09995273883191041,0.09900000000000375,0.09900000000000375,0.0,0.09995000000000047,1.9990000000000094,-1.328949378892787,-0.9309887756253659,85.99900000000001
0.311895,0.12036509658119333,0.0969999999999999,0.4991,0.40210000000000007,0.33431459360907356,0.3831,0.2273,-0.1558,-0.20210499999999998,0.14760578062867322,-0.4024,0.1079,0.5103,0.2502676517251081,-0.2324,-0.2484,-0.016000000000000014,9.88251,0.15223312353098456,9.6256,10.1453,0.5197000000000003,9.88368245260844,9.8756,9.8637,-0.011900000000000688,-8.499999999999965e-05,0.013839446340081673,-0.0291,0.0224,0.051500000000000004,0.013839707366848477,0.0105,-0.0148,-0.025300000000000003,-0.00182,0.008732216213539378,-0.0176,0.0147,0.0323,0.008919865469837536,-0.0003,-0.0035,-0.0032,0.00089,0.0048483914858435265,-0.0078,0.011,0.018799999999999997,0.004929401586399712,0.011,0.0006,-0.0104,-0.0014649999999999997,0.0016493256197609983,-0.0047,0.0019,0.0066,0.0022060145058453266,-0.0016,0.0011,0.0027,0.0018300000000000005,0.0011353853971229329,0.0002,0.0039,0.0036999999999999997,0.002153601634471891,0.0006,0.001,0.0004000000000000001,9.806595,2.1794494717652574e-05,9.8065,9.8066,9.999999999976694e-05,9.806595000024219,9.8066,9.8066,0.0,-11.3545,0.2187572855929604,-11.81,-11.0,0.8100000000000005,11.3566071077589,-11.31,-11.12,0.19000000000000128,-28.442,0.2645297714813969,-29.0,-28.06,0.9400000000000013,28.44323012598956,-28.44,-28.5,-0.05999999999999872,7.097999999999999,0.2435898191632811,6.63,7.56,0.9299999999999997,7.102178539011815,7.56,6.88,-0.6799999999999997,356.161,1.7584962325805562,352.97,359.06,6.089999999999975,356.1653411408808,358.22,359.06,0.839999999999975,-84.5395,0.16818070638453253,-84.81,-84.25,0.5600000000000023,84.53966728701977,-84.25,-84.81,-0.5600000000000023,-125.23599999999996,1.279032446812824,-127.43,-123.22,4.210000000000008,125.24253119447883,-127.43,-123.22,4.210000000000008,9.891407775478134,0.1470754507411711,9.646927071871126,10.145848986161779,0.49892191429065313,9.892501148294096,9.885759997592498,9.869445047215168,-0.016314950377330106,0.01628977740586777,0.005481208996861927,0.009039911503991619,0.032657464690327695,0.023617553186336078,0.01718721908861349,0.01520986521965267,0.01522005256232711,1.0187342674439215e-05,0.10005000000000024,0.0007399324293467449,0.09899999999998954,0.10099999999999909,0.0020000000000095497,0.10005273609452192,0.09999999999999432,0.10099999999999909,0.0010000000000047748,0.10005000000000024,2.0010000000000048,-0.8722039673904476,-1.4138161674485161,86.10000000000001
0.30907,0.11931923608538565,0.0969999999999999,0.4991,0.40210000000000007,0.3313024977267754,0.0969999999999999,0.3266,0.22960000000000008,-0.204875,0.14866433962117478,-0.4024,0.1079,0.5103,0.2531301078496985,0.0416,-0.2878,-0.3294,9.885105000000001,0.15253526633208464,9.6256,10.1453,0.5197000000000003,9.886281801997148,10.1453,9.9275,-0.21780000000000044,0.00016000000000000015,0.014066179296454314,-0.0291,0.0224,0.051500000000000004,0.014067089251156403,-0.0291,0.0154,0.0445,-0.0021149999999999997,0.00877543588660985,-0.0176,0.0147,0.0323,0.009026710364246767,0.0147,-0.0062,-0.0209,-7.000000000000001e-05,0.0046482362246340276,-0.0082,0.0081,0.016300000000000002,0.004648763276399433,-0.0019,-0.0082,-0.006300000000000001,-0.0013649999999999997,0.0016980209068206433,-0.0047,0.0019,0.0066,0.0021786463687344946,-0.0047,0.0004,0.0051,0.0018300000000000005,0.0011353853971229329,0.0002,0.0039,0.0036999999999999997,0.002153601634471891,0.0039,0.0006,-0.0033,9.806595,2.1794494717652574e-05,9.8065,9.8066,9.999999999976694e-05,9.806595000024219,9.8066,9.8066,0.0,-11.361,0.21926924088891275,-11.81,-11.0,0.8100000000000005,11.363115769893396,-11.31,-11.44,-0.129999999999999,-28.413500000000006,0.2924427294360385,-29.0,-27.87,1.129999999999999,28.415004926974763,-28.94,-27.87,1.0700000000000003,7.048,0.24624378164737482,6.56,7.44,0.8800000000000008,7.052300333933602,7.0,6.56,-0.4400000000000004,356.2015,1.8139053861764665,352.97,359.06,6.089999999999975,356.2061184974228,353.98,359.03,5.0499999999999545,-84.5685,0.1657490573125538,-84.83,-84.29,0.539999999999992,84.56866242882171,-84.29,-84.83,-0.539999999999992,-125.02699999999997,1.2444962836425015,-127.13,-123.22,3.9099999999999966,125.03319359274161,-127.13,-123.25,3.8799999999999955,9.893971747140338,0.1474012611507078,9.646927071871126,10.145848986161779,0.49892191429065313,9.895069684696516,10.145848986161779,9.93703943083653,-0.20880955532524936,0.016455081098865863,0.0054959808978695965,0.009039911503991619,0.032657464690327695,0.023617553186336078,0.01734864548026733,0.032657464690327695,0.018515939079614626,-0.014141525610713069,0.1,0.0007745966692415126,0.09899999999998954,0.10099999999999909,0.0020000000000095497,0.10000299995500136,0.10000000000000853,0.09899999999998954,-0.0010000000000189857,0.1,2.0,-0.42312714338800106,-1.8786264105601447,86.199
0.321285,0.10904645007977105,0.1279,0.4991,0.3712,0.3392862795634389,0.3938,0.3413,-0.05249999999999999,-0.225515,0.14149480653013383,-0.4024,0.1079,0.5103,0.26622884047375484,-0.3373,-0.3712,-0.033899999999999986,9.861915,0.14634517168325026,9.6256,10.138,0.5123999999999995,9.863000779504176,9.7359,9.6815,-0.054400000000001114,0.0024100000000000002,0.012742641013541896,-0.0195,0.0224,0.0419,0.012968538853702834,0.0033,0.0159,0.0126,-0.00273,0.007969447910614637,-0.0176,0.0095,0.0271,0.008424072649259384,-0.0113,0.0024,0.013699999999999999,0.00028999999999999995,0.004769790351786963,-0.0082,0.0081,0.016300000000000002,0.004778598120788145,-0.0062,0.0053,0.0115,-0.0011499999999999998,0.0015256146302392358,-0.0036,0.0019,0.0055,0.00191049731745428,-0.0019,-0.0004,0.0015,0.0017250000000000002,0.0010314431637274057,0.0002,0.0037,0.0035,0.0020098507407267834,0.0009,0.0018,0.0009,9.806595,2.1794494717652574e-05,9.8065,9.8066,9.999999999976694e-05,9.806595000024219,9.8066,9.8066,0.0,-11.3425,0.23763154251908575,-11.81,-10.94,0.870000000000001,11.344988981925015,-11.25,-10.94,0.3100000000000005,-28.3915,0.26749345786392603,-29.0,-27.87,1.129999999999999,28.39276008069663,-28.19,-28.5,-0.3099999999999987,7.060499999999999,0.249809427364141,6.56,7.44,0.8800000000000008,7.064917904689339,7.25,7.25,0.0,356.462,1.8499178360132642,352.97,359.19,6.21999999999997,356.46680019322974,354.41,359.19,4.779999999999973,-84.59649999999998,0.16362380633636486,-84.85,-84.33,0.519999999999996,84.59665823778148,-84.33,-84.85,-0.519999999999996,-124.82649999999998,1.2121356153500304,-126.85,-123.12,3.7299999999999898,124.83238512100938,-126.85,-123.12,3.7299999999999898,9.871410453680518,0.14153800361393032,9.646927071871126,10.140395813280662,0.49346874140953645,9.872425099817166,9.749697356328555,9.694623116965403,-0.0550742393631527,0.015668759693831878,0.0040586906333138495,0.009039911503991619,0.02314519388555646,0.01410528238156484,0.016185888915966277,0.013304886320446335,0.016931036589648018,0.0036261502692016834,0.1,0.0007745966692415127,0.09899999999998954,0.10099999999999909,0.0020000000000095497,0.10000299995500136,0.10099999999999909,0.10000000000000853,-0.000999999999990564,0.1,2.0,0.033956888841260024,-2.360191813142933,86.299
0.324445,0.11197834377682142,0.1279,0.4991,0.3712,0.343225447046107,0.2156,0.457,0.2414,-0.22423,0.14058757448651002,-0.4024,0.1079,0.5103,0.2646581927694663,0.0374,-0.3116,-0.349,9.869409999999998,0.14351052191390012,9.6256,10.138,0.5123999999999995,9.870453333965973,10.0318,9.8858,-0.1460000000000008,0.0008400000000000005,0.014367094347849187,-0.0281,0.0224,0.0505,0.014391629511629322,0.0175,-0.0281,-0.0456,-0.00215,0.007743545699484184,-0.0176,0.0095,0.0271,0.008036479328661276,-0.0128,0.0003,0.0131,0.000315,0.00473690563553888,-0.0082,0.0081,0.016300000000000002,0.004747367691679253,0.0081,-0.0057,-0.0138,-0.00112,0.001516443206981389,-0.0036,0.0019,0.0055,0.001885205559083677,-0.0014,-0.0013,0.00010000000000000005,0.0017850000000000001,0.0010165013526798672,0.0002,0.0037,0.0035,0.002054142156716521,0.001,0.0021,0.0010999999999999998,9.806595,2.1794494717652574e-05,9.8065,9.8066,9.999999999976694e-05,9.806595000024219,9.8066,9.8066,0.0,-11.355,0.23900836805434253,-11.81,-10.94,0.870000000000001,11.35751513316183,-11.37,-11.5,-0.13000000000000078,-28.407000000000004,0.2643312316015646,-29.0,-27.87,1.129999999999999,28.4082297934947,-28.62,-28.5,0.120000000000001,7.057499999999999,0.24786841267091705,6.56,7.44,0.8800000000000008,7.061851386145137,6.63,7.19,0.5600000000000005,356.71349999999995,1.8952131146654734,352.97,359.44,6.46999999999997,356.71853458293975,354.46,359.44,4.980000000000018,-84.624,0.16273905493150698,-84.88,-84.33,0.5499999999999972,84.6241564802864,-84.33,-84.88,-0.5499999999999972,-124.63,1.1864526960650383,-126.77,-122.92,3.8499999999999943,124.63564726834775,-126.77,-122.92,3.8499999999999943,9.878988675782942,0.13885038081489856,9.646927071871126,10.140395813280662,0.49346874140953645,9.879964407046211,10.034186233073413,9.901261798377012,-0.1329244346964007,0.01643720816219539,0.0049050675665741,0.009039911503991619,0.028673855687716642,0.01963394418372502,0.017153469036903294,0.02314519388555646,0.028673855687716642,0.005528661802160183,0.09994999999999976,0.0007399324293475132,0.09899999999998954,0.10099999999999909,0.0020000000000095497,0.09995273883190972,0.09900000000000375,0.09999999999999432,0.000999999999990564,0.09994999999999976,1.9989999999999952,0.49280275607685553,-2.844255555128143,86.399
0.33247499999999997,0.1096185927432021,0.1279,0.4991,0.3712,0.3500797930472423,0.3822,0.3762,-0.006000000000000005,-0.241595,0.12809284708757157,-0.4024,0.1079,0.5103,0.2734518632227617,-0.3926,-0.3099,0.0827,9.853395,0.142362363267122,9.6256,10.138,0.5123999999999995,9.854423375748578,9.6411,9.7115,0.07039999999999935,0.0006649999999999953,0.0141832392280466,-0.0281,0.0224,0.0505,0.014198820373538073,-0.0046,0.0139999999999999,0.0185999999999999,-0.0021649999999999994,0.007764423674684426,-0.0176,0.0095,0.0271,0.008060614120524565,0.0069,-0.0131,-0.02,-0.00019000000000000012,0.0044069150207372955,-0.0082,0.0058,0.014,0.004411008954876424,-0.0078,-0.002,0.0058,-0.0011099999999999999,0.0015152227559009268,-0.0036,0.0019,0.0055,0.0018782971010998233,-0.0032,-0.0012,0.002,0.0017849999999999997,0.0010165013526798672,0.0002,0.0037,0.0035,0.002054142156716521,0.0035,0.001,-0.0025,9.806595,2.1794494717652574e-05,9.8065,9.8066,9.999999999976694e-05,9.806595000024219,9.8066,9.8066,0.0,-11.349,0.24006040906405215,-11.81,-10.94,0.870000000000001,11.351538662225487,-11.31,-11.25,0.0600000000000005,-28.378999999999998,0.2698870133963471,-29.0,-27.87,1.129999999999999,28.38028329668328,-29.0,-28.06,0.9400000000000013,7.0825000000000005,0.22790074593998155,6.56,7.44,0.8800000000000008,7.0861657474264605,7.06,7.13,0.07000000000000028,356.9629999999999,1.910521133094318,352.97,359.45,6.479999999999961,356.96811266554323,355.02,359.45,4.430000000000007,-84.65150000000001,0.15710744730915807,-84.88,-84.38,0.5,84.65164579026211,-84.38,-84.88,-0.5,-124.4375,1.1348298330586832,-126.34,-122.92,3.4200000000000017,124.44267453329667,-126.34,-122.92,3.4200000000000017,9.86346553397576,0.13798373662246285,9.646927071871126,10.140395813280662,0.49346874140953645,9.864430640006548,9.656656813307595,9.723723396929799,0.06706658362220352,0.016243807897502606,0.004709108725547946,0.009039911503991619,0.028673855687716642,0.01963394418372502,0.016912628417842093,0.011384638773364748,0.01927718859170074,0.007892549818335993,0.10004999999999953,0.0007399324293477533,0.09899999999998954,0.10099999999999909,0.0020000000000095497,0.1000527360945212,0.09999999999999432,0.10099999999999909,0.0010000000000047748,0.10004999999999953,2.0009999999999906,0.959061399681417,-3.3340963470709823,86.5
0.33337000000000006,0.11009297479857649,0.1279,0.4991,0.3712,0.35107836731989056,0.1827,0.4001,0.2174,-0.23093500000000003,0.12388473382543952,-0.4024,0.1079,0.5103,0.2620656434941444,-0.1478,-0.1794,-0.03160000000000002,9.872914999999999,0.13863124927302645,9.6256,10.138,0.5123999999999995,9.87388825238062,10.0525,10.0315,-0.021000000000000796,0.0010649999999999952,0.014141862501099348,-0.0281,0.0224,0.0505,0.014181907488063791,0.0028,0.0034,0.0005999999999999998,-0.002175,0.007752862374632998,-0.0176,0.0095,0.0271,0.008052173619588689,-0.0105,0.0067,0.0172,0.0006349999999999999,0.004449300506821269,-0.0082,0.0087,0.0169,0.004494385386234696,0.0,0.0087,0.0087,-0.0009599999999999999,0.0014478950238190613,-0.0036,0.0019,0.0055,0.0017372391890583172,0.0019,-0.0002,-0.0021,0.00163,0.0009788258272031853,0.0002,0.0037,0.0035,0.0019013153341831542,0.0002,0.0004,0.0002,9.806595,2.1794494717652574e-05,9.8065,9.8066,9.999999999976694e-05,9.806595000024219,9.8066,9.8066,0.0,-11.349,0.24006040906405213,-11.81,-10.94,0.870000000000001,11.351538662225485,-11.19,-11.31,-0.120000000000001,-28.347500000000004,0.2292787604642,-28.75,-27.87,0.879999999999999,28.348427205049667,-28.31,-28.37,-0.060000000000002274,7.0920000000000005,0.2307076071567646,6.56,7.44,0.8800000000000008,7.095751545819512,7.44,7.25,-0.1900000000000004,357.19199999999995,1.938188845288301,352.97,359.6,6.6299999999999955,357.19725844412636,355.16,359.6,4.439999999999998,-84.67750000000001,0.1529991830043542,-84.9,-84.41,0.4900000000000091,84.67763822285079,-84.41,-84.9,-0.4900000000000091,-124.26000000000002,1.1004862561613373,-126.28,-122.79,3.489999999999995,124.26487303337174,-126.28,-122.79,3.489999999999995,9.882686616260894,0.13456926386746298,9.646927071871126,10.140395813280662,0.49346874140953645,9.883602766299342,10.055246410705209,10.041078459010267,-0.014167951694942005,0.01624933677865423,0.004703461943491707,0.009039911503991619,0.028673855687716642,0.01963394418372502,0.01691636781345215,0.010866922287382017,0.011495216396397242,0.0006282941090152254,0.10005000000000024,0.0007399324293477051,0.09899999999998954,0.10099999999999909,0.0020000000000095497,0.10005273609452192,0.10099999999999909,0.10000000000000853,-0.000999999999990564,0.10005000000000024,2.0010000000000048,1.4206201566315428,-3.8108191425419307,86.60000000000001
0.33686000000000005,0.10630243835397192,0.1279,0.4991,0.3712,0.3532348623791259,0.4056,0.2525,-0.1531,-0.2373,0.12271458755991481,-0.4024,0.1079,0.5103,0.2671519417859432,-0.3243,-0.2751,0.049199999999999966,9.861024999999998,0.13279368160797408,9.6256,10.138,0.5123999999999995,9.86191909379204,9.7375,9.8147,0.07719999999999949,-0.0003000000000000048,0.01518739609017951,-0.0281,0.0224,0.0505,0.01519035878443955,0.0224,-0.0245,-0.0469,-0.0010500000000000002,0.008088417645003254,-0.0176,0.012,0.0296,0.008156285919461137,-0.0054,0.012,0.0174,0.0005649999999999997,0.00446970636619454,-0.0082,0.0087,0.0169,0.004505274686409254,0.0017,-0.0014,-0.0031,-0.00114,0.001297073629367277,-0.0036,0.0011,0.0047,0.0017268468374467957,0.0003,-0.0017,-0.002,0.0017399999999999998,0.0009345587193964861,0.0003,0.0037,0.0034000000000000002,0.0019750949344272037,0.0011,0.0024,0.0012999999999999997,9.806595,2.1794494717652574e-05,9.8065,9.8066,9.999999999976694e-05,9.806595000024219,9.8066,9.8066,0.0,-11.361500000000001,0.2379553529551291,-11.81,-10.94,0.870000000000001,11.363991596265812,-11.37,-11.44,-0.07000000000000028,-28.341500000000003,0.23173853801213123,-28.75,-27.87,0.879999999999999,28.34244740667256,-28.62,-28.19,0.4299999999999997,7.072999999999999,0.21647401691658058,6.56,7.38,0.8200000000000003,7.076311892504457,7.38,7.06,-0.3200000000000003,357.434,1.971244277100127,352.97,360.0,7.029999999999973,357.43943565309075,355.34,360.0,4.660000000000025,-84.70350000000002,0.14947491428330004,-84.93,-84.44,0.4900000000000091,84.70363188789487,-84.44,-84.93,-0.4900000000000091,-124.06949999999999,1.0634682646887008,-126.1,-122.47,3.6299999999999955,124.07405770345387,-126.1,-122.47,3.6299999999999955,9.871014339276709,0.12910907905166694,9.646927071871126,10.140395813280662,0.49346874140953645,9.871858651768672,9.751337759507667,9.821800871021567,0.0704631115139005,0.017071832895291333,0.005110970709684082,0.009039911503991619,0.028673855687716642,0.01963394418372502,0.017820479791520762,0.02310432859877127,0.027316844620124046,0.004212516021352777,0.09994999999999976,0.0007399324293484734,0.09899999999998954,0.10099999999999909,0.0020000000000095497,0.09995273883190972,0.09999999999999432,0.09899999999998954,-0.0010000000000047748,0.09994999999999976,1.9989999999999952,1.8795863237136246,-4.306343081197184,86.699
0.33725499999999997,0.1065714665142598,0.1279,0.4991,0.3712,0.3536925395028852,0.1922,0.4135,0.22129999999999997,-0.23356999999999997,0.12113709217246384,-0.4024,0.1079,0.5103,0.2631143097590855,0.1079,-0.2497,-0.35760000000000003,9.874014999999998,0.13278194257880094,9.6256,10.138,0.5123999999999995,9.87490775979705,10.138,9.9973,-0.1407000000000007,-0.0007400000000000048,0.014641017724188434,-0.0281,0.0175,0.0456,0.014659706681922386,-0.0047,0.0136,0.0183,-0.0015799999999999998,0.008681624271989662,-0.0176,0.012,0.0296,0.00882422801155999,0.0095,-0.016,-0.025500000000000002,0.0005649999999999999,0.00446970636619454,-0.0082,0.0087,0.0169,0.004505274686409254,-0.0024,0.0017,0.0040999999999999995,-0.00116,0.001277654100294755,-0.0036,0.0011,0.0047,0.001725688268488837,-0.0031,-0.0001,0.003,0.0016099999999999999,0.001166576186967658,-0.0015,0.0037,0.0052,0.0019882152800941855,0.0027,-0.0015,-0.004200000000000001,9.806595,2.1794494717652574e-05,9.8065,9.8066,9.999999999976694e-05,9.806595000024219,9.8066,9.8066,0.0,-11.355500000000001,0.23917514502974602,-11.81,-10.94,0.870000000000001,11.358018533177342,-11.75,-11.25,0.5,-28.3105,0.23386908731168382,-28.75,-27.87,0.879999999999999,28.31146596345728,-28.75,-28.0,0.75,7.0634999999999994,0.20674319819524903,6.56,7.38,0.8200000000000003,7.066524959271,7.13,7.19,0.0600000000000005,339.66800000000006,77.94404516061506,0.02,360.0,359.98,348.49623297820597,352.97,0.02,-352.95000000000005,-84.72850000000003,0.14506119398377956,-84.94,-84.47,0.46999999999999886,84.72862417742896,-84.47,-84.94,-0.46999999999999886,-123.8875,1.0105536848678547,-125.84,-122.46,3.3800000000000097,123.8916214882992,-125.84,-122.46,3.3800000000000097,9.883895599539484,0.12937771989037028,9.646927071871126,10.140395813280662,0.49346874140953645,9.884742324259141,10.140395813280662,10.008962964763132,-0.13143284851753023,0.01697000385848029,0.005009038734444347,0.009039911503991619,0.028673855687716642,0.01963394418372502,0.01769382660704009,0.010867382389517725,0.021067747862550473,0.010200365473032748,0.1,0.00077459666924243,0.09899999999998954,0.10099999999999909,0.0020000000000095497,0.10000299995500136,0.09900000000000375,0.10099999999999909,0.001999999999995339,0.1,2.0,2.348541444556389,-4.792613751998886,86.8
0.34815,0.10223526055133814,0.1279,0.4991,0.3712,0.3628504802256709,0.4991,0.4101,-0.08899999999999997,-0.25547,0.0939702032561386,-0.4024,-0.0631,0.3393,0.27220455543579725,-0.4024,-0.3301,0.07229999999999998,9.853395,0.12174894855808813,9.6256,10.0315,0.40589999999999904,9.854147138768528,9.6256,9.7256,0.09999999999999964,-0.0004950000000000047,0.014613674247087892,-0.0281,0.0175,0.0456,0.014622055259094045,-0.0087,0.0002,0.0089,-0.002005,0.008329734389522874,-0.0176,0.012,0.0296,0.008567642616262654,-0.0068,0.001,0.0078,0.0012749999999999997,0.005034468690934526,-0.0082,0.0118,0.02,0.005193409284853255,-0.0058,0.0118,0.017599999999999998,-0.0011699999999999998,0.001293483668238606,-0.0036,0.0011,0.0047,0.001744133022449836,-0.0017,-0.0033,-0.0016,0.001605,0.0011620993933394855,-0.0015,0.0037,0.0052,0.0019815398053029364,0.0027,0.0026,-0.00010000000000000026,9.806595,2.1794494717652574e-05,9.8065,9.8066,9.999999999976694e-05,9.806595000024219,9.8066,9.8066,0.0,-11.336500000000001,0.22152370076359787,-11.81,-10.94,0.870000000000001,11.338664162942653,-11.5,-11.37,0.13000000000000078,-28.304000000000002,0.22312328430712922,-28.62,-27.87,0.75,28.304879438005035,-28.56,-28.62,-0.060000000000002274,7.051,0.20987853630135697,6.56,7.38,0.8200000000000003,7.054122907917043,7.31,6.88,-0.4299999999999997,322.0375,107.29440073344927,0.02,360.0,359.98,339.4410697529101,356.14,0.36,-355.78,-84.75300000000001,0.14064494303031128,-84.96,-84.51,0.44999999999998863,84.75311669785366,-84.51,-84.96,-0.44999999999998863,-123.70449999999998,0.9710276772574494,-125.49,-122.18,3.309999999999988,123.70831101829819,-125.49,-122.18,3.309999999999988,9.863867706600658,0.11868230778281397,9.646927071871126,10.041078459010267,0.3941513871391411,9.864581675038227,9.646927071871126,9.739837954504171,0.09291088263304559,0.01701883402978412,0.0049537650596956796,0.009039911503991619,0.028673855687716642,0.01963394418372502,0.017725137517097006,0.012472770341828634,0.011843985815594343,-0.0006287845262342908,0.1,0.00077459666924243,0.09899999999998954,0.10099999999999909,0.0020000000000095497,0.10000299995500136,0.10099999999999909,0.09900000000000375,-0.001999999999995339,0.1,2.0,2.811031377178125,-5.281104707121216,86.899
0.35080000000000006,0.10670290998843472,0.1279,0.5521,0.4242,0.3666689937804941,0.1897,0.5521,0.36240000000000006,-0.258535,0.09954682453498957,-0.4637,-0.0631,0.4006,0.27703775284246007,-0.0631,-0.4637,-0.4006,9.85896,0.1134718617102936,9.6815,10.0315,0.34999999999999964,9.85961298150186,9.9923,9.7369,-0.25539999999999985,-0.0012200000000000045,0.015344171531887925,-0.0281,0.0175,0.0456,0.015392595622571257,0.017,-0.0232,-0.0402,-0.0014299999999999998,0.00837568504660962,-0.0176,0.012,0.0296,0.008496881780982951,-0.0066,0.0047,0.011300000000000001,0.0011249999999999997,0.005281654570302757,-0.0088,0.0118,0.0206,0.005400138887102813,0.0033,-0.0088,-0.0121,-0.00126,0.001386506400994961,-0.0036,0.0011,0.0047,0.0018734993995195195,-0.0026,-0.0035,-0.0009000000000000002,0.0016799999999999999,0.0012734205903785283,-0.0015,0.0042,0.0057,0.0021080796948882174,0.0011,0.0042,0.0030999999999999995,9.806595,2.1794494717652574e-05,9.8065,9.8066,9.999999999976694e-05,9.806595000024219,9.8066,9.8066,0.0,-11.346,0.2321508130504824,-11.81,-10.94,0.870000000000001,11.348374773508318,-11.69,-11.69,0.0,-28.291499999999996,0.21529688804067754,-28.62,-27.87,0.75,28.292319187369568,-28.56,-28.31,0.25,7.042,0.20230175481196405,6.56,7.38,0.8200000000000003,7.044905251314598,7.06,7.13,0.07000000000000028,322.1285,107.32405332799354,0.02,360.0,359.98,339.5367769991934,353.7,357.96,4.259999999999991,-84.77700000000002,0.13806158046321035,-84.99,-84.53,0.45999999999999375,84.77711241838801,-84.53,-84.99,-0.45999999999999375,-123.52649999999998,0.953547455557403,-125.28,-121.93,3.3499999999999943,123.53018034067625,-125.28,-121.93,3.3499999999999943,9.869699224561108,0.11046007965703777,9.694623116965403,10.041078459010267,0.34645534204486417,9.870317330891647,9.994299724843158,9.763557431080129,-0.23074229376302924,0.01765790094152398,0.0051467498811703,0.009039911503991619,0.028673855687716642,0.01963394418372502,0.01839267517247015,0.018532404053441098,0.025254108576625703,0.006721704523184605,0.1,0.00077459666924243,0.09899999999998954,0.10099999999999909,0.0020000000000095497,0.10000299995500136,0.10000000000000853,0.10099999999999909,0.000999999999990564,0.1,2.0,3.286708712070322,-5.781523265682296,87.0
0.35696000000000006,0.10060678605342684,0.1279,0.5521,0.4242,0.37086677796750683,0.4335,0.3129,-0.12059999999999998,-0.270895,0.08933666366615668,-0.4637,-0.1008,0.3629,0.28524575456963425,-0.3582,-0.3103,0.0479,9.853459999999998,0.10947087923278954,9.6815,10.0315,0.34999999999999964,9.854068086074907,9.7064,9.8823,0.1759000000000004,-0.0016750000000000042,0.014926381845577978,-0.0281,0.0175,0.0456,0.015020069906628259,-0.0125,0.0079,0.0204,-0.0017400000000000002,0.008670836176517234,-0.0176,0.012,0.0296,0.008843698321403777,0.005,-0.0128,-0.0178,0.0007199999999999998,0.005408382382931148,-0.0088,0.0118,0.0206,0.005456097506460089,0.0027,-0.0048,-0.0075,-0.0009949999999999998,0.001595767840257473,-0.0036,0.0027,0.0063,0.0018805584277017293,-0.0011,0.0027,0.0038000000000000004,0.0015600000000000002,0.0014263239463740344,-0.0015,0.0042,0.0057,0.002113764414498456,0.0016,-0.0013,-0.0029,9.806595,2.1794494717652574e-05,9.8065,9.8066,9.999999999976694e-05,9.806595000024219,9.8066,9.8066,0.0,-11.321000000000002,0.22038375620721243,-11.81,-10.94,0.870000000000001,11.323144881171485,-11.06,-11.19,-0.129999999999999,-28.273000000000003,0.20717384004743478,-28.62,-27.87,0.75,28.273759035543893,-28.19,-28.19,0.0,7.0920000000000005,0.30037643050013113,6.56,8.06,1.5000000000000009,7.0983582608938525,7.0,8.06,1.0600000000000005,304.68449999999996,127.27354601310518,0.02,360.0,359.98,330.1987281244433,356.78,4.82,-351.96,-84.80000000000001,0.1332291259447401,-84.99,-84.56,0.4299999999999926,84.80010465795428,-84.56,-84.99,-0.4299999999999926,-123.36699999999999,0.912825832237452,-125.02,-121.93,3.089999999999989,123.37037707650892,-125.02,-122.09,2.9299999999999926,9.864590257767764,0.10688404396028144,9.694623116965403,10.041078459010267,0.34645534204486417,9.865169291629009,9.722676095088225,9.892120388976268,0.16944429388804316,0.017520726747138747,0.005158161906347723,0.009039911503991619,0.028673855687716642,0.01963394418372502,0.018264241018996652,0.013730986854556378,0.015788920165736478,0.0020579333111801004,0.1,0.00077459666924243,0.09899999999998954,0.10099999999999909,0.0020000000000095497,0.10000299995500136,0.09999999999999432,0.10000000000000853,1.4210854715202004e-14,0.1,2.0,3.759797720063574,-6.279099312772047,87.10000000000001
0.3573,0.10087600804948618,0.1279,0.5521,0.4242,0.3712670992695152,0.1279,0.4403,0.3124,-0.27381,0.0930133049622472,-0.4637,-0.1008,0.3629,0.2891770927995508,-0.1069,-0.4165,-0.3096,9.859234999999996,0.10449398200374986,9.6815,10.0315,0.34999999999999964,9.859788728847084,10.0009,9.8219,-0.17900000000000027,0.00012499999999999542,0.015664829236222137,-0.0281,0.0235,0.0516,0.01566532795698832,-0.0043,0.0235,0.0278,-0.001915,0.008567746203057138,-0.0176,0.012,0.0296,0.00877915143963242,-0.0114,0.0015,0.0129,0.0006199999999999997,0.005389304222253556,-0.0088,0.0118,0.0206,0.005424850228347323,0.004,0.0007,-0.0033,-0.00097,0.0015978422950967345,-0.0036,0.0027,0.0063,0.0018692244381026055,-0.0006,-0.0006,0.0,0.0015149999999999996,0.0014384974800116961,-0.0015,0.0042,0.0057,0.002089138578457638,0.0012,0.0007,-0.0004999999999999999,9.806595,2.1794494717652574e-05,9.8065,9.8066,9.999999999976694e-05,9.806595000024219,9.8066,9.8066,0.0,-11.343,0.21513019313894569,-11.81,-10.94,0.870000000000001,11.345039885341965,-11.12,-11.5,-0.3800000000000008,-28.294500000000006,0.21939633087178126,-28.62,-27.87,0.75,28.295350589805384,-28.37,-28.62,-0.25,7.107499999999999,0.3032140333164019,6.56,8.06,1.5000000000000009,7.113964787655334,7.19,7.31,0.11999999999999922,286.8635,142.74431856557376,0.02,360.0,359.98,320.4163043838438,357.1,0.36,-356.74,-84.822,0.12800781226159394,-85.0,-84.59,0.4099999999999966,84.82209659045218,-84.59,-85.0,-0.4099999999999966,-123.225,0.8642424428364979,-124.77,-121.93,2.839999999999989,123.22803065861274,-124.77,-122.18,2.589999999999989,9.87048555771652,0.10203569184157457,9.694623116965403,10.041078459010267,0.34645534204486417,9.871012938270317,10.00228907950575,9.840582094063338,-0.1617069854424127,0.018012088691393098,0.005241150729886389,0.009039911503991619,0.028673855687716642,0.01963394418372502,0.01875913110994216,0.012823805987303458,0.023558225739643467,0.010734419752340008,0.09994999999999976,0.0008046738469731004,0.09899999999998954,0.10099999999999909,0.0020000000000095497,0.09995323906707554,0.09999999999999432,0.09899999999998954,-0.0010000000000047748,0.09994999999999976,1.9989999999999952,4.231161732581938,-6.773985388097316,87.199
0.36515,0.08800691166039176,0.2273,0.5521,0.32480000000000003,0.37560582929448794,0.4354,0.2849,-0.15050000000000002,-0.2709750000000001,0.09874493341432763,-0.4637,-0.0502,0.4135,0.2884059855481505,-0.2604,-0.0502,0.21020000000000003,9.865455,0.11582911756117281,9.6815,10.1253,0.44379999999999953,9.866134944419723,9.9197,10.1253,0.20559999999999867,-0.00015500000000000453,0.015790961813645168,-0.0281,0.0235,0.0516,0.01579172251529262,0.0018,-0.0099,-0.0117,-0.0005499999999999999,0.009105685037381867,-0.0176,0.0159,0.0335,0.009122280416650214,0.0078,0.0159,0.008100000000000001,0.0006749999999999998,0.0054289847117117585,-0.0088,0.0118,0.0206,0.005470786049554488,0.0042,0.0051,0.0009000000000000006,-0.0010049999999999998,0.0015970206636108377,-0.0036,0.0027,0.0063,0.00188692872149427,-0.0002,-0.0013,-0.0010999999999999998,0.0014750000000000002,0.0014576950984345114,-0.0015,0.0042,0.0057,0.0020737646925338468,0.0029,0.0004,-0.0024999999999999996,9.806595,2.1794494717652574e-05,9.8065,9.8066,9.999999999976694e-05,9.806595000024219,9.8066,9.8066,0.0,-11.365,0.21369370603740312,-11.81,-10.94,0.870000000000001,11.367008841379514,-11.37,-11.56,-0.19000000000000128,-28.276,0.22769277546729524,-28.62,-27.87,0.75,28.276916734325898,-28.62,-28.0,0.620000000000001,7.098000000000001,0.3034567514490328,6.56,8.06,1.5000000000000009,7.104483795463257,6.81,7.0,0.1900000000000004,286.90199999999993,142.76335964105076,0.02,360.0,359.98,320.4592555380481,357.11,357.87,0.7599999999999909,-84.84349999999999,0.12325887391989065,-85.02,-84.62,0.3999999999999915,84.84358953391823,-84.62,-85.02,-0.3999999999999915,-123.08700000000002,0.8260332923072761,-124.75,-121.93,2.819999999999993,123.08977171154395,-124.75,-122.01,2.739999999999995,9.876842692628507,0.11337953109296978,9.694623116965403,10.12943177774548,0.43480866078007807,9.877493431685997,9.93266476883218,10.12943177774548,0.19676700891330157,0.01834150387315813,0.005110111121191495,0.009039911503991619,0.028673855687716642,0.01963394418372502,0.01904006302510577,0.009039911503991619,0.019412109622604135,0.010372198118612517,0.1,0.0008366600265355226,0.09899999999998954,0.10099999999999909,0.0020000000000095497,0.10000349993875216,0.09900000000000375,0.10099999999999909,0.001999999999995339,0.1,2.0,4.71040250596198,-7.2818404060865305,87.3
0.37172499999999997,0.09741861154317484,0.2273,0.5669,0.33959999999999996,0.3842783646004547,0.2303,0.5669,0.33659999999999995,-0.283765,0.11219693077352873,-0.5162,-0.0502,0.46599999999999997,0.30514050288350775,-0.1355,-0.5162,-0.3807,9.84636,0.13517592019290992,9.5378,10.1253,0.5874999999999986,9.847287838740169,9.9413,9.5378,-0.4034999999999993,-0.0007850000000000044,0.015950933358270913,-0.0281,0.0235,0.0516,0.015970237944376405,-0.016,-0.0108,0.0052,-0.001315,0.009014281724019945,-0.0176,0.0159,0.0335,0.009109692640259605,0.0082,-0.0075,-0.0157,0.0002199999999999998,0.005495416271766862,-0.0088,0.0118,0.0206,0.005499818178812823,0.0031,-0.0049,-0.008,-0.0010299999999999999,0.0015881120867243597,-0.0036,0.0027,0.0063,0.0018928814014618036,-0.0035,-0.0007,0.0028,0.0013999999999999998,0.0014205632685663808,-0.0015,0.0042,0.0057,0.0019944924166313592,0.003,0.0014,-0.0016,9.806595,2.1794494717652574e-05,9.8065,9.8066,9.999999999976694e-05,9.806595000024219,9.8065,9.8066,9.999999999976694e-05,-11.356,0.21705759604307812,-11.81,-10.94,0.870000000000001,11.358074220571021,-11.31,-11.19,0.120000000000001,-28.263500000000004,0.21497150974024465,-28.62,-27.87,0.75,28.264317522275327,-28.12,-28.37,-0.25,7.1105,0.29640301955277054,6.56,8.06,1.5000000000000009,7.116675136606982,7.06,7.06,0.0,269.08799999999997,154.6267750294237,0.02,360.0,359.98,310.35107749128247,357.48,0.83,-356.65000000000003,-84.86449999999999,0.11909974811056377,-85.04,-84.64,0.4000000000000057,84.86458357288983,-84.64,-85.04,-0.4000000000000057,-122.93950000000002,0.7778912199015995,-124.47,-121.8,2.6700000000000017,122.94196100192968,-124.47,-121.8,2.6700000000000017,9.858637784477862,0.13084113063339123,9.568566605819287,10.12943177774548,0.5608651719261939,9.859505990007817,9.944890347811786,9.568566605819287,-0.37632374199249874,0.018591113600104993,0.004759568794333256,0.011396929411029972,0.028673855687716642,0.01727692627668667,0.019190700873079124,0.018244177153272766,0.014032106042928838,-0.004212071110343928,0.10005000000000024,0.0008046738469732769,0.09899999999998954,0.10099999999999909,0.0020000000000095497,0.10005323582973241,0.10000000000000853,0.10000000000000853,0.0,0.10005000000000024,2.0010000000000048,5.190207158225121,-7.77390135505857,87.4
0.373205,0.095464053313276,0.2273,0.5669,0.33959999999999996,0.385221179973272,0.4423,0.2599,-0.1824,-0.28626000000000007,0.10939188452531569,-0.5162,-0.0502,0.46599999999999997,0.3064496239188425,-0.2772,-0.1854,0.09179999999999999,9.853975000000002,0.14429221002881606,9.5378,10.1253,0.5874999999999986,9.855031382116447,9.8868,10.0936,0.2068000000000012,0.0007649999999999953,0.015903247309904976,-0.0281,0.0235,0.0516,0.015921636222448996,0.0083,0.015,0.006699999999999999,-0.002085,0.008824356917079001,-0.0176,0.0159,0.0335,0.009067331470725,-0.0078,-0.0072,0.0005999999999999998,-6.500000000000009e-05,0.005486462886049626,-0.0088,0.0118,0.0206,0.005486847911141696,-0.0004,-0.0026,-0.0021999999999999997,-0.0008949999999999997,0.0014837368365043715,-0.0036,0.0027,0.0063,0.0017327723451163457,0.0001,-0.0008,-0.0009000000000000001,0.0013,0.0013740451229854135,-0.0015,0.0042,0.0057,0.0018915602025840995,0.0003,0.001,0.0007000000000000001,9.8066,0.0,9.8066,9.8066,0.0,9.8066,9.8066,9.8066,0.0,-11.353,0.21808484587426077,-11.81,-10.94,0.870000000000001,11.35509445139053,-11.0,-11.25,-0.25,-28.272999999999996,0.21260526804385657,-28.62,-27.87,0.75,28.273799355587148,-28.06,-28.31,-0.25,7.123,0.29926743892378277,6.56,8.06,1.5000000000000009,7.129283975267081,6.69,7.31,0.6199999999999992,251.24799999999996,163.71517765925063,0.02,360.0,359.98,299.88033763486396,357.79,0.68,-357.11,-84.8845,0.11315807527525318,-85.04,-84.67,0.37000000000000455,84.88457542451395,-84.67,-85.04,-0.37000000000000455,-122.81200000000001,0.7236753415724478,-124.23,-121.8,2.430000000000007,122.81413212655944,-124.23,-121.92,2.3100000000000023,9.866325644069578,0.1398876591234345,9.568566605819287,10.12943177774548,0.5608651719261939,9.867317278369029,9.900569850771216,10.09864753964609,0.1980776888748732,0.018520926119842192,0.004774494283518106,0.011396929411029972,0.028673855687716642,0.01727692627668667,0.01912643458671793,0.011396929411029972,0.016840427548016706,0.005443498136986734,0.10004999999999953,0.0008046738469733211,0.09899999999998954,0.10099999999999909,0.0020000000000095497,0.1000532358297317,0.10099999999999909,0.09999999999999432,-0.0010000000000047748,0.10004999999999953,2.0009999999999906,5.669891455824256,-8.280517503274524,87.5
0.37536,0.0974649752475216,0.2273,0.5669,0.33959999999999996,0.3878073632617101,0.3159,0.4854,0.16949999999999998,-0.29555000000000003,0.1159225064428819,-0.5162,-0.0502,0.46599999999999997,0.31747099080073443,-0.3164,-0.4629999999999999,-0.1465999999999999,9.838235000000001,0.1565059592315896,9.5378,10.1253,0.5874999999999986,9.839479764220261,9.702,9.572,-0.13000000000000078,-0.0002600000000000047,0.016044575407283296,-0.0281,0.0235,0.0516,0.016046681900006615,0.0148,-0.0122,-0.027000000000000003,-0.0010450000000000004,0.009302283321851684,-0.0176,0.0159,0.0335,0.009360795906331897,0.0017,0.013,0.0113,0.0003749999999999999,0.00578661170288797,-0.0088,0.0118,0.0206,0.005798749865272687,0.0058,0.0084,0.0026,-0.0009399999999999996,0.0014664242223858689,-0.0036,0.0027,0.0063,0.0017418381095842402,-0.0015,-0.0008,0.0007,0.001375,0.0013582617568053661,-0.0015,0.0042,0.0057,0.001932744163100745,0.0014,0.0018,0.00039999999999999996,9.8066,0.0,9.8066,9.8066,0.0,9.8066,9.8066,9.8066,0.0,-11.378,0.20441624201613748,-11.81,-10.94,0.870000000000001,11.379836114812901,-11.56,-11.5,0.0600000000000005,-28.301,0.2194743720802046,-28.62,-27.87,0.75,28.301850999537116,-28.06,-28.62,-0.5600000000000023,7.1385000000000005,0.2840822944148404,6.56,8.06,1.5000000000000009,7.144150404351801,7.38,7.0,-0.3799999999999999,233.39600000000002,170.4519521859459,0.02,360.0,359.98,289.0113506767511,355.44,0.75,-354.69,-84.90349999999998,0.10729748366108065,-85.05,-84.7,0.3499999999999943,84.9035677990036,-84.7,-85.05,-0.3499999999999943,-122.69400000000003,0.6735087230318539,-123.95,-121.8,2.1500000000000057,122.69584854427634,-123.95,-121.87,2.0799999999999983,9.851070968448948,0.15147668494629113,9.568566605819287,10.12943177774548,0.5608651719261939,9.852235503250013,9.712296626956984,9.595476338358612,-0.11682028859837246,0.018936472971776697,0.004489542447641023,0.011495216396397242,0.028673855687716642,0.0171786392913194,0.01946139768875812,0.015986556852555837,0.01970786644972002,0.0037213095971641817,0.09994999999999976,0.0008046738469731004,0.09899999999998954,0.10099999999999909,0.0020000000000095497,0.09995323906707554,0.09899999999998954,0.09900000000000375,1.4210854715202004e-14,0.09994999999999976,1.9989999999999952,6.149437081674421,-8.782459139084267,87.599
0.37486,0.09779382086819186,0.2273,0.5669,0.33959999999999996,0.3874063125453688,0.4846,0.3059,-0.17869999999999997,-0.28233,0.12730810304140108,-0.5162,-0.0502,0.46599999999999997,0.3097056376626037,-0.3347,-0.052,0.2827,9.861100000000002,0.1679209486633517,9.5378,10.1593,0.6214999999999993,9.86252962758541,9.8255,10.1593,0.3338000000000001,-0.0024650000000000045,0.016834258967949847,-0.0293,0.0235,0.0528,0.017013773831810505,-0.0195,-0.0293,-0.0098,-0.0005200000000000001,0.009728905385499441,-0.0176,0.0159,0.0335,0.009742792207575814,-0.0026,0.0122,0.0148,-0.00024000000000000006,0.005830814694363044,-0.0088,0.0118,0.0206,0.005835751879578157,0.0,-0.0065,-0.0065,-0.0009049999999999998,0.0014609842572731577,-0.0036,0.0027,0.0063,0.001718574991090002,-0.0019,-0.0008,0.0010999999999999998,0.0013899999999999997,0.0013601102896456598,-0.0015,0.0042,0.0057,0.0019447364860052377,0.0037,0.0017,-0.002,9.8066,0.0,9.8066,9.8066,0.0,9.8066,9.8066,9.8066,0.0,-11.35,0.21561539833694637,-11.81,-10.94,0.870000000000001,11.352047832880197,-11.19,-11.0,0.1899999999999995,-28.332500000000003,0.22768124648288465,-28.69,-27.87,0.8200000000000003,28.33341481360833,-28.37,-28.69,-0.3200000000000003,7.129,0.2789784937947728,6.56,8.06,1.5000000000000009,7.1344565315096,6.88,7.19,0.3100000000000005,215.67249999999999,175.20302773853538,0.02,360.0,359.98,277.86818490967977,358.48,0.97,-357.51,-84.92199999999998,0.10240117186829378,-85.07,-84.73,0.3399999999999892,84.92206173898512,-84.73,-85.07,-0.3399999999999892,-122.58100000000002,0.6421596374734235,-123.69,-121.69,2.0,122.58268201503833,-123.69,-121.69,2.0,9.873658004718681,0.16238686478499015,9.568566605819287,10.164037352351674,0.5954707465323867,9.8749932601496,9.843135247470697,10.164037352351674,0.32090210488097703,0.01975700623430576,0.005301622832454522,0.011495216396397242,0.032397222103137176,0.020902005706739932,0.020455964900243644,0.019672569735548023,0.032397222103137176,0.012724652367589153,0.1,0.00077459666924243,0.09899999999998954,0.10099999999999909,0.0020000000000095497,0.10000299995500136,0.10000000000000853,0.09999999999999432,-1.4210854715202004e-14,0.1,2.0,6.632228131806386,-9.29278165994026,87.699
0.374715,0.09763301836469054,0.2273,0.5669,0.33959999999999996,0.3872254349858748,0.2614,0.4817,0.2203,-0.28757,0.1314453692603889,-0.5162,-0.0502,0.46599999999999997,0.3161872704585053,-0.1008,-0.4395,-0.3387,9.849985,0.17702020866274001,9.5378,10.1593,0.6214999999999993,9.851575541734428,9.84,9.6032,-0.23680000000000057,-0.0006000000000000048,0.016909701357504803,-0.0293,0.0235,0.0528,0.016920342786125815,-0.0034,0.0178,0.0212,-0.0011200000000000001,0.010197431049043675,-0.0176,0.0159,0.0335,0.010258752360789297,-0.0176,-0.0146,0.003000000000000001,-0.0003050000000000001,0.005835021422411404,-0.0088,0.0118,0.0206,0.005842987249686585,-0.0064,-0.0013,0.0051,-0.000725,0.0015465687828221542,-0.0036,0.0027,0.0063,0.0017080690852538723,-0.0001,0.0017,0.0018,0.0011849999999999999,0.0013043293295789985,-0.0015,0.0042,0.0057,0.0017622428890479312,0.0013,-0.0004,-0.0017,9.8066,0.0,9.8066,9.8066,0.0,9.8066,9.8066,9.8066,0.0,-11.3435,0.22219979747965576,-11.81,-10.94,0.870000000000001,11.345676048609885,-11.81,-11.06,0.75,-28.329500000000003,0.2275626287420676,-28.69,-27.87,0.8200000000000003,28.330413957441568,-28.37,-28.31,0.060000000000002274,7.135,0.274818121673226,6.56,8.06,1.5000000000000009,7.140290610332327,7.0,7.0,0.0,197.79699999999997,177.93742299190464,0.02,360.0,359.98,266.05521928727507,355.83,0.97,-354.85999999999996,-84.93949999999998,0.09790173645038136,-85.08,-84.75,0.3299999999999983,84.93955642102212,-84.75,-85.08,-0.3299999999999983,-122.48100000000002,0.6169027476028937,-123.64,-121.69,1.9500000000000028,122.48255357396825,-123.64,-121.69,1.9500000000000028,9.862766879441752,0.1711375580836285,9.568566605819287,10.164037352351674,0.5954707465323867,9.864251546975067,9.843987535546761,9.625312741932076,-0.21867479361468511,0.01992629795291987,0.005350060737174975,0.011495216396397242,0.032397222103137176,0.020902005706739932,0.020632026075981965,0.01903365440476421,0.023058404107830187,0.004024749703065978,0.1,0.00077459666924243,0.09899999999998954,0.10099999999999909,0.0020000000000095497,0.10000299995500136,0.10099999999999909,0.10000000000000853,-0.000999999999990564,0.1,2.0,7.119403752406129,-9.803605984449831,87.799
0.37722500000000003,0.09530512512451783,0.2273,0.5669,0.33959999999999996,0.38907809948646555,0.3383,0.3116,-0.0267,-0.29505499999999996,0.12468527368939765,-0.5162,-0.0502,0.46599999999999997,0.3203183892629332,-0.1906,-0.2505,-0.05990000000000001,9.85812,0.1800863254108985,9.5378,10.1593,0.6214999999999993,9.859764754749476,9.9883,10.0027,0.01440000000000019,0.00017499999999999477,0.017117531218023233,-0.0293,0.0235,0.0528,0.017118425745377402,0.0175,0.0121,-0.005400000000000002,-0.00045000000000000004,0.009509652990514428,-0.016,0.0159,0.0319,0.009520294113103858,0.0064,-0.0042,-0.0106,0.0005499999999999999,0.006124908162576806,-0.0088,0.0118,0.0206,0.00614955282927141,0.0042,0.0107,0.0065,-0.0008500000000000001,0.0015913830462839548,-0.0036,0.0027,0.0063,0.0018041618552668717,-0.0036,-0.0026,0.001,0.0011599999999999998,0.0013066751700403583,-0.0015,0.0042,0.0057,0.0017472836060582724,0.0025,0.0008,-0.0017000000000000001,9.8066,0.0,9.8066,9.8066,0.0,9.8066,9.8066,9.8066,0.0,-11.309000000000001,0.19949686714332138,-11.69,-10.94,0.75,11.310759479363002,-11.5,-11.12,0.3800000000000008,-28.329500000000003,0.2275626287420676,-28.69,-27.87,0.8200000000000003,28.330413957441568,-28.19,-28.37,-0.17999999999999972,7.157000000000001,0.2806795325633846,6.56,8.06,1.5000000000000009,7.162501657940471,7.25,7.44,0.1900000000000004,180.04399999999998,178.99390485153398,0.02,360.0,359.98,253.87922307664329,358.75,0.77,-357.98,-84.955,0.09096702699330121,-85.08,-84.78,0.29999999999999716,84.95504870224018,-84.78,-85.06,-0.28000000000000114,-122.3915,0.5703531800560071,-123.47,-121.69,1.7800000000000011,122.39282893617585,-123.47,-121.85,1.6200000000000045,9.871101847390127,0.17405451861765456,9.568566605819287,10.164037352351674,0.5954707465323867,9.87263625669456,9.99584474369225,10.010686894514283,0.014842150822031996,0.01980909111609591,0.005393830656797615,0.011495216396397242,0.032397222103137176,0.020902005706739932,0.02053030686570466,0.01910104709171725,0.016689517668285084,-0.002411529423432167,0.09994999999999976,0.0007399324293484734,0.09899999999998954,0.10099999999999909,0.0020000000000095497,0.09995273883190973,0.09900000000000375,0.09999999999999432,0.000999999999990564,0.09994999999999976,1.9989999999999952,7.607444663548989,-10.306390160455948,87.899
0.376375,0.09572338729380611,0.2273,0.5669,0.33959999999999996,0.3883569331169459,0.2273,0.3213,0.09399999999999997,-0.30499,0.12388009081365736,-0.5162,-0.0502,0.46599999999999997,0.3291886647501703,-0.2484,-0.3893,-0.14089999999999997,9.842695,0.18148199215073657,9.5378,10.1593,0.6214999999999993,9.844367962266547,9.8637,9.6798,-0.1838999999999995,-0.0015750000000000048,0.01704581693554169,-0.0293,0.0235,0.0528,0.0171184257453774,-0.0148,-0.0175,-0.002700000000000001,-0.00030500000000000004,0.009634286429206886,-0.016,0.0159,0.0319,0.009639113029734634,-0.0035,0.0093,0.012799999999999999,-0.00011500000000000008,0.006407985252792019,-0.0091,0.0118,0.020900000000000002,0.006409017085325955,0.0006,-0.0091,-0.0097,-0.0008,0.0015182226450688979,-0.0035,0.0027,0.006200000000000001,0.0017161002301730513,0.0011,-0.0026,-0.0037,0.0011849999999999999,0.0013365159931703024,-0.0015,0.0042,0.0057,0.0017861970775925036,0.001,0.003,0.002,9.8066,0.0,9.8066,9.8066,0.0,9.8066,9.8066,9.8066,0.0,-11.2935,0.19606822792079298,-11.69,-10.94,0.75,11.29520185742601,-11.12,-11.19,-0.07000000000000028,-28.342000000000002,0.22641996378411533,-28.69,-27.87,0.8200000000000003,28.342904403042397,-28.5,-28.44,0.05999999999999872,7.153999999999999,0.27998928550928537,6.56,8.06,1.5000000000000009,7.159476936201415,6.88,7.19,0.3100000000000005,162.165,178.10716719155354,0.02,360.0,359.98,240.87268469048124,359.06,1.17,-357.89,-84.97049999999999,0.08610894262502637,-85.09,-84.81,0.28000000000000114,84.9705436313079,-84.81,-85.09,-0.28000000000000114,-122.29400000000001,0.5437039635684117,-123.25,-121.52,1.730000000000004,122.29520861423804,-123.22,-121.52,1.7000000000000028,9.855957204391228,0.17571125805893228,9.568566605819287,10.164037352351674,0.5954707465323867,9.857523363451897,9.869445047215168,9.692951883714269,-0.17649316350089883,0.019944394208142018,0.005408293600594451,0.011495216396397242,0.032397222103137176,0.020902005706739932,0.020664667914099173,0.01522005256232711,0.021807108932639374,0.006587056370312264,0.1,0.0007071067811879141,0.09899999999998954,0.10099999999999909,0.0020000000000095497,0.1000024999687508,0.10099999999999909,0.10000000000000853,-0.000999999999990564,0.1,2.0,8.099219770736,-10.8209775977069,87.99900000000001
0.3814000000000001,0.09024702211153562,0.2525,0.5669,0.31439999999999996,0.3919317351274326,0.3266,0.3278,0.0011999999999999789,-0.30303,0.12506438381889545,-0.5162,-0.0502,0.46599999999999997,0.3278235516249557,-0.2878,-0.2092,0.0786,9.854555,0.19001706364166351,9.5378,10.1593,0.6214999999999993,9.856386799050654,9.9275,10.1009,0.1733999999999991,-0.000735000000000005,0.016785358947606688,-0.0293,0.0235,0.0528,0.016801443390375714,0.0154,0.002,-0.0134,-0.0007300000000000001,0.009948220946480834,-0.016,0.0159,0.0319,0.009974968671630002,-0.0062,-0.012,-0.0058000000000000005,-0.00024000000000000003,0.006417195649191319,-0.0091,0.0118,0.020900000000000002,0.0064216820226479605,-0.0082,-0.0019,0.006300000000000001,-0.00073,0.001632207094703365,-0.0035,0.0027,0.006200000000000001,0.00178801565988668,0.0004,0.0025,0.0021,0.0010199999999999996,0.001537725593205758,-0.0023,0.0042,0.0065,0.0018452642087245933,0.0006,-0.0023,-0.0029,9.806595,2.1794494717652574e-05,9.8065,9.8066,9.999999999976694e-05,9.806595000024219,9.8066,9.8065,-9.999999999976694e-05,-11.3125,0.1967453938469717,-11.69,-10.94,0.75,11.314210754621818,-11.44,-11.5,-0.0600000000000005,-28.3545,0.24121515292369197,-28.75,-27.87,0.879999999999999,28.35552600464326,-27.87,-28.75,-0.879999999999999,7.169499999999999,0.2728823006352741,6.56,8.06,1.5000000000000009,7.174691282557041,6.56,7.19,0.6300000000000008,144.259,175.39336118850107,0.02,360.0,359.98,227.0979749579463,359.03,0.94,-358.09,-84.98349999999998,0.08032901094872316,-85.09,-84.83,0.2600000000000051,84.98353796471407,-84.83,-85.07,-0.23999999999999488,-122.21849999999999,0.5138995524419159,-123.25,-121.52,1.730000000000004,122.21958040755992,-123.25,-121.71,1.5400000000000063,9.867904080798862,0.18414274531782418,9.568566605819287,10.164037352351674,0.5954707465323867,9.869622054491245,9.93703943083653,10.10838257536783,0.17134314453130095,0.019799041642967266,0.005569959606680092,0.011495216396397242,0.032397222103137176,0.020902005706739932,0.020567608028159226,0.018515939079614626,0.012313001258832064,-0.006202937820782562,0.09994999999999976,0.0006689544080144773,0.09899999999998954,0.10099999999999909,0.0020000000000095497,0.09995223859424038,0.09899999999998954,0.09999999999999432,0.0010000000000047748,0.09994999999999976,1.9989999999999952,8.590986183021641,-11.33926900651349,88.099
0.38201,0.08991517613840279,0.2525,0.5669,0.31439999999999996,0.3924492056304867,0.3413,0.3388,-0.0025000000000000022,-0.30180999999999997,0.125325739175957,-0.5162,-0.0502,0.46599999999999997,0.3267962928186303,-0.3712,-0.2634,0.10779999999999995,9.846545,0.19014980272143325,9.5378,10.1593,0.6214999999999993,9.848380850906407,9.6815,9.7673,0.08580000000000076,-0.0007500000000000052,0.01677106138561301,-0.0293,0.0235,0.0528,0.01678782296785381,0.0159,0.0151,-0.0008000000000000004,-8.500000000000005e-05,0.009990759480640099,-0.016,0.0159,0.0319,0.009991121058219643,0.0024,0.0067,0.0043,0.00029999999999999987,0.006174463539450208,-0.0091,0.0118,0.020900000000000002,0.006181747325797132,0.0053,0.0026,-0.0027,-0.00076,0.0016166013732519218,-0.0035,0.0027,0.006200000000000001,0.0017863370342687294,-0.0004,-0.0002,0.0002,0.00095,0.0015863480072165754,-0.0023,0.0042,0.0065,0.0018490538120887663,0.0018,-0.0008,-0.0026,9.806595,2.1794494717652574e-05,9.8065,9.8066,9.999999999976694e-05,9.806595000024219,9.8066,9.8066,0.0,-11.2965,0.19872782895206206,-11.69,-10.94,0.75,11.298247873011107,-10.94,-11.12,-0.17999999999999972,-28.3735,0.21594617384894815,-28.75,-28.0,0.75,28.374321754008502,-28.5,-28.25,0.25,7.1855,0.24459098511596877,6.88,8.06,1.1800000000000006,7.189661674932974,7.25,6.88,-0.3700000000000001,126.3555,170.77089003911055,0.02,360.0,359.98,212.43448228806923,359.19,0.96,-358.23,-84.99549999999998,0.07419400245302878,-85.09,-84.85,0.2400000000000091,84.99553238259055,-84.85,-85.07,-0.21999999999999886,-122.1405,0.46773363146132824,-123.12,-121.52,1.6000000000000085,122.14139558315192,-123.12,-121.69,1.4300000000000068,9.859888263530632,0.18444785493712376,9.568566605819287,10.164037352351674,0.5954707465323867,9.861613335580543,9.694623116965403,9.776723085471941,0.08209996850653845,0.019709396589062116,0.0056042114605951935,0.011495216396397242,0.032397222103137176,0.020902005706739932,0.0204906686079298,0.016931036589648018,0.016723038001511568,-0.00020799858813645017,0.1,0.0006324555320344488,0.09899999999998954,0.10099999999999909,0.0020000000000095497,0.10000199998000041,0.10000000000000853,0.09999999999999432,-1.4210854715202004e-14,0.1,2.0,9.084910365322685,-11.85856949865169,88.199
0.384275,0.08943040240880056,0.2525,0.5669,0.31439999999999996,0.39454413251244785,0.457,0.3866,-0.07040000000000002,-0.2939299999999999,0.12566920107965993,-0.5162,-0.0502,0.46599999999999997,0.3196679417770884,-0.3116,-0.2136,0.09799999999999998,9.863859999999999,0.19009948553323328,9.5378,10.1593,0.6214999999999993,9.865691659179298,9.8858,10.0278,0.14199999999999946,-0.002050000000000005,0.016434369473758335,-0.0293,0.0235,0.0528,0.016561733001108303,-0.0281,-0.0101,0.018000000000000002,0.000285,0.010210547242924837,-0.016,0.0159,0.0319,0.010214523973245156,0.0003,0.0098,0.0095,-8.500000000000017e-05,0.006090178568810605,-0.0091,0.0118,0.020900000000000002,0.006090771708084288,-0.0057,-0.0024,0.0033000000000000004,-0.0006599999999999998,0.0016957004452437937,-0.0035,0.0027,0.006200000000000001,0.0018196153439669607,-0.0013,0.0016,0.0029,0.0008249999999999999,0.001612722852817557,-0.0023,0.0042,0.0065,0.0018114910985152534,0.0021,-0.0007,-0.0028,9.806595,2.1794494717652574e-05,9.8065,9.8066,9.999999999976694e-05,9.806595000024219,9.8066,9.8066,0.0,-11.334,0.1986806482775814,-11.69,-11.0,0.6899999999999995,11.335741263808027,-11.5,-11.69,-0.1899999999999995,-28.361,0.21549709974846562,-28.75,-28.0,0.75,28.361818700499445,-28.5,-28.25,0.25,7.1795,0.2444069352534827,6.88,8.06,1.1800000000000006,7.183658886667712,7.19,7.13,-0.0600000000000005,126.32350000000001,170.72731161928957,0.02,360.0,359.98,212.3804171410349,359.44,358.55,-0.8899999999999864,-85.00799999999998,0.06954135460285439,-85.1,-84.88,0.21999999999999886,85.00802844437693,-84.88,-85.1,-0.21999999999999886,-122.05699999999999,0.43321011068533605,-122.92,-121.45,1.4699999999999989,122.05776878183543,-122.92,-121.45,1.4699999999999989,9.877033231242747,0.1842257539717203,9.568566605819287,10.164037352351674,0.5954707465323867,9.878751164975258,9.901261798377012,10.037522471207723,0.1362606728307103,0.019576654958442127,0.00569908594759748,0.011495216396397242,0.032397222103137176,0.020902005706739932,0.020389335447728547,0.028673855687716642,0.014276203977248294,-0.014397651710468348,0.1,0.0006324555320344488,0.09899999999998954,0.10099999999999909,0.0020000000000095497,0.10000199998000041,0.09999999999999432,0.10000000000000853,1.4210854715202004e-14,0.1,2.0,9.579089427502055,-12.380875265561684,88.299
0.38393499999999997,0.08916580216091817,0.2525,0.5669,0.31439999999999996,0.39415304705152293,0.3762,0.4502,0.07400000000000001,-0.306775,0.13921773189863423,-0.5685,-0.0502,0.5183,0.33688644600221007,-0.3099,-0.5685,-0.2586,9.848665,0.19964450975421286,9.5378,10.1593,0.6214999999999993,9.850688311610513,9.7115,9.5819,-0.12959999999999994,0.00039999999999999444,0.016015336399838744,-0.0293,0.0235,0.0528,0.016020330833038367,0.0139999999999999,0.0209,0.006900000000000099,-0.0007700000000000001,0.011196923684655531,-0.0208,0.0159,0.036699999999999997,0.011223368478313452,-0.0131,-0.0208,-0.0076999999999999985,0.00034999999999999983,0.005983351903406651,-0.0091,0.0118,0.020900000000000002,0.005993579898524754,-0.002,0.003,0.005,-0.000495,0.001783668971530312,-0.0035,0.0027,0.006200000000000001,0.001851080765390857,-0.0012,0.002,0.0031999999999999997,0.0006850000000000001,0.0016174903400020663,-0.0023,0.0042,0.0065,0.0017565591364938442,0.001,-0.0007,-0.0017000000000000001,9.806595,2.1794494717652574e-05,9.8065,9.8066,9.999999999976694e-05,9.806595000024219,9.8066,9.8066,0.0,-11.3275,0.19524023663169435,-11.69,-11.0,0.6899999999999995,11.329182450644883,-11.25,-11.37,-0.11999999999999922,-28.361,0.21549709974846562,-28.75,-28.0,0.75,28.361818700499445,-28.06,-28.5,-0.4400000000000013,7.1855,0.24605842802066352,6.88,8.06,1.1800000000000006,7.189711746655772,7.13,7.31,0.17999999999999972,108.39850000000001,163.99815633948452,0.02,360.0,359.98,196.5849182541733,359.45,0.94,-358.51,-85.01849999999999,0.06513639535620568,-85.1,-84.88,0.21999999999999886,85.01852495191856,-84.88,-85.09,-0.21000000000000796,-121.9965,0.39088713204709263,-122.92,-121.45,1.4699999999999989,121.99712621615313,-122.92,-121.71,1.210000000000008,9.862435228244891,0.19308206331534686,9.568566605819287,10.164037352351674,0.5954707465323867,9.86432508155018,9.723723396929799,9.609301738419914,-0.11442165850988495,0.019624895033534078,0.00577940264411204,0.011495216396397242,0.032397222103137176,0.020902005706739932,0.02045820128945846,0.01927718859170074,0.02963865718955567,0.010361468597854927,0.10005000000000024,0.0006689544080136275,0.09899999999998954,0.10099999999999909,0.0020000000000095497,0.10005223635681539,0.10099999999999909,0.10099999999999909,0.0,0.10005000000000024,2.0010000000000048,10.083945917270313,-12.89827265046236,88.4
0.380975,0.0903482256328258,0.2525,0.5669,0.31439999999999996,0.39154150801671084,0.4001,0.317,-0.08310000000000001,-0.30178,0.14079917826464755,-0.5685,-0.0502,0.5183,0.3330098752289487,-0.1794,-0.21,-0.03059999999999999,9.867759999999999,0.2038316962594385,9.5378,10.1593,0.6214999999999993,9.869864982764454,10.0315,10.0934,0.0619000000000014,0.0003950000000000002,0.01601110474014832,-0.0293,0.0235,0.0528,0.016015976398584007,0.0034,0.0139,0.010499999999999999,0.00010999999999999999,0.01088043657212338,-0.0208,0.0159,0.036699999999999997,0.010880992601780408,0.0067,0.0045,-0.0022000000000000006,0.0005549999999999998,0.005969545627600144,-0.0091,0.0118,0.020900000000000002,0.005995289817848675,0.0087,0.0021,-0.0066,-0.00046499999999999997,0.0017765908364055015,-0.0035,0.0027,0.006200000000000001,0.0018364367672206957,-0.0002,-0.0006,-0.00039999999999999996,0.000665,0.001615943996554336,-0.0023,0.0042,0.0065,0.0017474266794346477,0.0004,0.0006,0.00019999999999999993,9.806595,2.1794494717652574e-05,9.8065,9.8066,9.999999999976694e-05,9.806595000024219,9.8066,9.8066,0.0,-11.296000000000001,0.24870464410621695,-11.69,-10.62,1.0700000000000003,11.298737540097123,-11.31,-10.62,0.6900000000000013,-28.3735,0.2046527546846123,-28.75,-28.0,0.75,28.37423805144378,-28.37,-28.31,0.060000000000002274,7.169499999999999,0.2592002121912714,6.81,8.06,1.2500000000000009,7.174183925715872,7.25,6.81,-0.4400000000000004,90.4755,154.91819733249545,0.02,360.0,359.98,179.40307679914523,359.6,0.99,-358.61,-85.02849999999998,0.05807538204781679,-85.1,-84.9,0.19999999999998863,85.02851983305365,-84.9,-85.08,-0.1799999999999926,-121.934,0.33402694502090857,-122.79,-121.45,1.3400000000000034,121.93445751714319,-122.79,-121.67,1.1200000000000045,9.88127705900827,0.19697408615570877,9.568566605819287,10.164037352351674,0.5954707465323867,9.883240111800381,10.041078459010267,10.100560012197343,0.059481553187076486,0.01939905660636022,0.005876019297384228,0.011495216396397242,0.032397222103137176,0.020902005706739932,0.020269459785598628,0.011495216396397242,0.014760420048223559,0.0032652036518263164,0.09995000000000047,0.0006689544080134682,0.09899999999998954,0.10099999999999909,0.0020000000000095497,0.09995223859424109,0.10000000000000853,0.09900000000000375,-0.0010000000000047748,0.09995000000000047,1.9990000000000094,10.57887821135597,-13.430831987251878,88.49900000000001
0.382685,0.09101520353765079,0.2525,0.5669,0.31439999999999996,0.39335934779791365,0.2525,0.4343,0.18180000000000002,-0.31264000000000003,0.13930960986234942,-0.5685,-0.0502,0.5183,0.34227319059488137,-0.2751,-0.3966,-0.1215,9.846625,0.20763705564036491,9.5378,10.1593,0.6214999999999993,9.848813991415412,9.8147,9.6088,-0.20589999999999975,-0.00043000000000000053,0.016258201007491573,-0.0293,0.0235,0.0528,0.01626388637441863,-0.0245,-0.0131,0.0114,-0.00030500000000000004,0.010778983022530466,-0.0208,0.0159,0.036699999999999997,0.01078329726938843,0.012,-0.0016,-0.013600000000000001,4.499999999999988e-05,0.005680622765155243,-0.0091,0.0118,0.020900000000000002,0.005680800999859087,-0.0014,-0.0015,-0.00010000000000000005,-0.0005049999999999999,0.0017791781810712495,-0.0035,0.0027,0.006200000000000001,0.0018494593804677085,-0.0017,-0.001,0.0006999999999999999,0.000635,0.001626122689098212,-0.0023,0.0042,0.0065,0.0017457090250096088,0.0024,-0.0002,-0.0026,9.806595,2.1794494717652574e-05,9.8065,9.8066,9.999999999976694e-05,9.806595000024219,9.8066,9.8066,0.0,-11.2835,0.25391484793134883,-11.69,-10.62,1.0700000000000003,11.286356586604908,-11.44,-11.06,0.379999999999999,-28.3705,0.20512130557306843,-28.75,-28.0,0.75,28.371241513194306,-28.19,-28.31,-0.11999999999999744,7.160000000000001,0.25955731544304445,6.81,8.06,1.2500000000000009,7.164703064328626,7.06,7.06,0.0,72.558,143.02192393475906,0.02,360.0,359.98,160.37435608600273,360.0,1.25,-358.75,-85.03799999999998,0.0514392845984467,-85.1,-84.93,0.1699999999999875,85.03801555774923,-84.93,-85.09,-0.1599999999999966,-121.86749999999999,0.2859173831721338,-122.47,-121.45,1.019999999999996,121.86783539966565,-122.47,-121.46,1.0100000000000051,9.860562271932867,0.20082637360191663,9.568566605819287,10.164037352351674,0.5954707465323867,9.86260713761833,9.821800871021567,9.62678271750225,-0.1950181535193174,0.019488411740271327,0.005767738537906733,0.011843985815594343,0.032397222103137176,0.020553236287542832,0.020324000590434942,0.027316844620124046,0.013282319074619462,-0.014034525545504583,0.09994999999999976,0.0006689544080134151,0.09899999999998954,0.10099999999999909,0.0020000000000095497,0.09995223859424038,0.09899999999998954,0.09999999999999432,0.0010000000000047748,0.09994999999999976,1.9989999999999952,11.082842049898403,-13.947023139998862,88.599
0.383435,0.08999542918948716,0.2599,0.5669,0.30699999999999994,0.393854765744938,0.4135,0.2675,-0.14599999999999996,-0.302585,0.14860368190256928,-0.5685,-0.0502,0.5183,0.33710641717416173,-0.2497,-0.074,0.17570000000000002,9.863010000000001,0.21718163112933841,9.5378,10.1593,0.6214999999999993,9.865400859620454,9.9973,10.1424,0.14510000000000112,0.0020499999999999997,0.01618021940518731,-0.0293,0.0251,0.054400000000000004,0.016309567744118788,0.0136,0.0251,0.011500000000000002,-0.0019199999999999998,0.011224865255315986,-0.0208,0.0159,0.036699999999999997,0.011387888302929564,-0.016,-0.0203,-0.004299999999999998,0.0002049999999999999,0.005682734816969731,-0.0091,0.0118,0.020900000000000002,0.005686431218259832,0.0017,0.0018,0.00010000000000000005,-0.0002849999999999999,0.0018866040920129479,-0.0035,0.0027,0.006200000000000001,0.0019080094339389416,-0.0001,0.0027,0.0028,0.0004199999999999999,0.0016624078921853083,-0.0023,0.0042,0.0065,0.0017146428199482245,-0.0015,-0.0019,-0.00039999999999999996,9.806595,2.1794494717652574e-05,9.8065,9.8066,9.999999999976694e-05,9.806595000024219,9.8066,9.8066,0.0,-11.2925,0.2623523394216259,-11.69,-10.62,1.0700000000000003,11.29554713150275,-11.25,-11.62,-0.3699999999999992,-28.386000000000003,0.20259318843436008,-28.75,-28.0,0.75,28.38672295281722,-28.0,-28.5,-0.5,7.166500000000001,0.2585976604689224,6.81,8.06,1.2500000000000009,7.171164131436402,7.19,7.19,0.0,72.4725,142.85047090839427,0.02,358.55,358.53000000000003,160.18277152989955,0.02,358.29,358.27000000000004,-85.04499999999999,0.04544227107000787,-85.1,-84.94,0.1599999999999966,85.04501214063056,-84.94,-85.07,-0.12999999999999545,-121.82750000000001,0.25288090082092163,-122.46,-121.45,1.009999999999991,121.82776245585404,-122.46,-121.67,0.789999999999992,9.876782069627748,0.20993423513040424,9.568566605819287,10.164037352351674,0.5954707465323867,9.879012928121918,10.008962964763132,10.146196824919178,0.1372338601560461,0.01973915541790098,0.0061957439737250555,0.011843985815594343,0.032397222103137176,0.020553236287542832,0.020688680479914616,0.021067747862550473,0.032331718172717024,0.01126397031016655,0.1,0.0006324555320333254,0.09899999999998954,0.10099999999999909,0.0020000000000095497,0.10000199998000041,0.10099999999999909,0.09999999999999432,-0.0010000000000047748,0.1,2.0,11.585337202963103,-14.477206370345016,88.699
0.38706500000000005,0.09256246688048024,0.2599,0.5669,0.30699999999999994,0.3979787990584423,0.4101,0.4861,0.07599999999999996,-0.31767999999999996,0.15753024344550476,-0.5685,-0.0502,0.5183,0.3545932317458978,-0.3301,-0.5516,-0.22149999999999997,9.841865000000002,0.22357067400488823,9.5378,10.1593,0.6214999999999993,9.844404020787648,9.7256,9.5744,-0.15119999999999933,0.0004099999999999998,0.016583663648301602,-0.0293,0.0251,0.054400000000000004,0.016588731114826113,0.0002,-0.0192,-0.019399999999999997,-0.00058,0.011062531355887766,-0.0208,0.0159,0.036699999999999997,0.01107772539829364,0.001,0.0108,0.0098,0.00019999999999999996,0.00568146107968716,-0.0091,0.0118,0.020900000000000002,0.005684980211047352,0.0118,0.0016,-0.010199999999999999,-0.00037500000000000006,0.0019183000286712192,-0.0035,0.0027,0.006200000000000001,0.001954609935511431,-0.0033,-0.0019,0.0014,0.0005149999999999998,0.001603207722037291,-0.0023,0.0042,0.0065,0.0016838942959699103,0.0026,0.0004,-0.0021999999999999997,9.806595,2.1794494717652574e-05,9.8065,9.8066,9.999999999976694e-05,9.806595000024219,9.8066,9.8066,0.0,-11.308000000000002,0.26846973758693926,-11.69,-10.62,1.0700000000000003,11.311186498329873,-11.37,-11.56,-0.19000000000000128,-28.426499999999997,0.20234314913038215,-28.81,-28.0,0.8099999999999987,28.427220141969563,-28.62,-28.81,-0.18999999999999773,7.151000000000001,0.2659116394594266,6.81,8.06,1.2500000000000009,7.155942285960669,6.88,6.88,0.0,90.401,154.6464318340388,0.36,358.59,358.22999999999996,179.13084513840715,0.36,358.59,358.22999999999996,-85.05199999999999,0.03906404996925011,-85.1,-84.96,0.14000000000000057,85.05200897098199,-84.96,-85.08,-0.12000000000000455,-121.775,0.22339427029358058,-122.18,-121.41,0.7700000000000102,121.77520490641763,-122.18,-121.41,0.7700000000000102,9.856463307935552,0.21574306088524586,9.568566605819287,10.164037352351674,0.5954707465323867,9.858824169696911,9.739837954504171,9.602587730919202,-0.13725022358496908,0.01979012304015574,0.006210638457960418,0.011843985815594343,0.032397222103137176,0.020553236287542832,0.02074176945200192,0.011843985815594343,0.022087100307645637,0.010243114492051293,0.09995000000000047,0.0005894913061273209,0.09899999999998954,0.10099999999999909,0.0020000000000095497,0.09995173835406813,0.09900000000000375,0.10000000000000853,0.0010000000000047748,0.09995000000000047,1.9990000000000094,12.093289551615868,-15.00853057698086,88.799
0.37731000000000003,0.09963151057772837,0.215,0.5669,0.3519,0.39024258352978347,0.5521,0.215,-0.33710000000000007,-0.307805,0.1625523899393669,-0.5685,-0.0502,0.5183,0.34809078916282743,-0.4637,-0.1326,0.3311,9.861630000000002,0.2298050045146972,9.5378,10.1593,0.6214999999999993,9.864307203093384,9.7369,10.1209,0.38400000000000034,-0.0007250000000000002,0.017319667288952175,-0.0293,0.0251,0.054400000000000004,0.017334834870860467,-0.0232,-0.0225,0.0006999999999999992,-0.0008749999999999997,0.011095083370574552,-0.0208,0.0159,0.036699999999999997,0.01112953278444338,0.0047,-0.0049,-0.009600000000000001,-0.0008399999999999999,0.005357368757141886,-0.0091,0.0107,0.019799999999999998,0.0054228221434968705,-0.0088,-0.009,-0.0001999999999999988,-0.0002549999999999999,0.0018031846827211019,-0.0035,0.0027,0.006200000000000001,0.0018211260252931425,-0.0035,-0.0009,0.0026,0.00045499999999999995,0.0015454691844226465,-0.0023,0.0042,0.0065,0.001611055554597668,0.0042,0.0014,-0.0027999999999999995,9.806595,2.1794494717652574e-05,9.8065,9.8066,9.999999999976694e-05,9.806595000024219,9.8066,9.8066,0.0,-11.302000000000001,0.2683579698835122,-11.69,-10.62,1.0700000000000003,11.305185535850352,-11.69,-11.25,0.4399999999999995,-28.435999999999996,0.2152533391146349,-28.81,-28.0,0.8099999999999987,28.43681469503925,-28.31,-28.81,-0.5,7.169499999999999,0.2592002121912713,6.81,8.06,1.2500000000000009,7.174183925715872,7.13,7.25,0.1200000000000001,90.45049999999999,154.61775892422577,0.36,358.59,358.22999999999996,179.13108140409358,357.96,1.35,-356.60999999999996,-85.05849999999998,0.03365635155509346,-85.1,-84.99,0.10999999999999943,85.0585066586523,-84.99,-85.09,-0.10000000000000853,-121.73499999999999,0.21887210877588123,-122.18,-121.38,0.8000000000000114,121.73519675919532,-121.93,-121.38,0.5500000000000114,9.875673999521185,0.22153131535119613,9.568566605819287,10.164037352351674,0.5954707465323867,9.878158384461145,9.763557431080129,10.124051786216821,0.3604943551366926,0.02043410739269121,0.0060180773560965985,0.012313001258832064,0.032397222103137176,0.020084220844305112,0.021301877851494688,0.025254108576625703,0.024723672866303663,-0.00053043571032204,0.1,0.0005477225575051869,0.09899999999998954,0.10099999999999909,0.0020000000000095497,0.10000149998875017,0.10099999999999909,0.09999999999999432,-0.0010000000000047748,0.1,2.0,12.60064616621895,-15.543250796817972,88.899
0.37614,0.09769052359364237,0.215,0.5669,0.3519,0.3886190139455351,0.3129,0.5287,0.21579999999999994,-0.311155,0.16637609045472848,-0.5685,-0.0502,0.5183,0.35284336113918874,-0.3103,-0.5307,-0.22039999999999993,9.85495,0.23521173121253963,9.5378,10.1593,0.6214999999999993,9.857756542996992,9.8823,9.6033,-0.2789999999999999,0.001205,0.016852016941600788,-0.0293,0.0251,0.054400000000000004,0.016895043651911645,0.0079,0.0154,0.0075,-0.0018249999999999998,0.011386653371381776,-0.0208,0.0159,0.036699999999999997,0.011531977280588095,-0.0128,-0.0143,-0.0014999999999999996,-0.0005499999999999999,0.005067790445549223,-0.0091,0.0107,0.019799999999999998,0.005097548430373172,-0.0048,-0.003,0.0017999999999999995,-0.00014999999999999996,0.0016671832532748163,-0.0026,0.0027,0.0053,0.0016739175606940745,0.0027,-0.0014,-0.0041,0.00023999999999999998,0.0012870120434556936,-0.0023,0.003,0.0053,0.0013091982279242512,-0.0013,-0.0001,0.0012,9.806595,2.1794494717652574e-05,9.8065,9.8066,9.999999999976694e-05,9.806595000024219,9.8066,9.8066,0.0,-11.314499999999999,0.2910064432276372,-11.94,-10.62,1.3200000000000003,11.31824169206507,-11.19,-11.94,-0.75,-28.435999999999996,0.2152533391146349,-28.81,-28.0,0.8099999999999987,28.43681469503925,-28.19,-28.31,-0.11999999999999744,7.185,0.2655654344977902,6.81,8.06,1.2500000000000009,7.18990611899766,8.06,7.44,-0.6200000000000001,90.482,154.67230949979378,0.36,358.59,358.22999999999996,179.194072586121,4.82,358.59,353.77,-85.06299999999997,0.030016662039607497,-85.1,-84.99,0.10999999999999943,85.06300529607451,-84.99,-85.08,-0.09000000000000341,-121.7095,0.22430949600942213,-122.18,-121.38,0.8000000000000114,121.7097066999999,-122.09,-121.42,0.6700000000000017,9.869119780495788,0.2266318484386789,9.568566605819287,10.164037352351674,0.5954707465323867,9.871721594357288,9.892120388976268,9.632473050572216,-0.2596473384040525,0.02023282789156284,0.005920023269413465,0.012313001258832064,0.032397222103137176,0.020084220844305112,0.021081129002024537,0.015788920165736478,0.02122851855405836,0.005439598388321882,0.09995000000000047,0.0004974937185534716,0.09899999999998954,0.10099999999999909,0.0020000000000095497,0.09995123811139157,0.10000000000000853,0.10000000000000853,0.0,0.09995000000000047,1.9990000000000094,13.113088425531572,-16.06810703757202,88.99900000000001
0.37306,0.10056459814467512,0.215,0.5669,0.3519,0.3863767617235799,0.4403,0.2513,-0.189,-0.29941500000000004,0.17412582598511914,-0.5685,-0.0502,0.5183,0.34636562401600995,-0.4165,-0.0755,0.34099999999999997,9.86747,0.24287375341934334,9.5378,10.1593,0.6214999999999993,9.870458543603737,9.8219,10.1327,0.3108000000000004,0.0007099999999999993,0.01679338858003351,-0.0293,0.0251,0.054400000000000004,0.016808390761759436,0.0235,-0.002,-0.025500000000000002,-0.0007549999999999999,0.011310281826727397,-0.0208,0.0159,0.036699999999999997,0.011335453233108944,0.0015,0.0086,0.0071,-0.00041000000000000005,0.004986471698505869,-0.0091,0.0107,0.019799999999999998,0.005003298911718147,0.0007,-0.002,-0.0027,-0.00026499999999999994,0.0015411927199412798,-0.0026,0.0027,0.0053,0.0015638094513079272,-0.0006,0.0004,0.001,0.000335,0.0012390621453341232,-0.0023,0.003,0.0053,0.0012835497652993436,0.0007,0.0006,-0.00010000000000000005,9.806595,2.1794494717652574e-05,9.8065,9.8066,9.999999999976694e-05,9.806595000024219,9.8066,9.8066,0.0,-11.3395,0.3005573988442142,-11.94,-10.62,1.3200000000000003,11.343482489958717,-11.5,-11.69,-0.1899999999999995,-28.416999999999994,0.25008198655640934,-28.81,-27.81,1.0,28.41810039393907,-28.62,-27.81,0.8100000000000023,7.150999999999999,0.18162874221884606,6.81,7.44,0.6300000000000008,7.1533062285910844,7.31,7.38,0.07000000000000028,108.16549999999998,163.8149341322396,0.36,358.59,358.22999999999996,196.30361187456538,0.36,358.49,358.13,-85.06699999999998,0.024919871588753854,-85.1,-85.0,0.09999999999999432,85.06700365006398,-85.0,-85.07,-0.06999999999999318,-121.67999999999999,0.21071307505705664,-122.18,-121.38,0.8000000000000114,121.68018244562259,-122.18,-121.5,0.6800000000000068,9.881318608177505,0.23398840181715078,9.568566605819287,10.164037352351674,0.5954707465323867,9.884088628118427,9.840582094063338,10.136096942610601,0.2955148485472634,0.019896040695186266,0.006339957780261004,0.009053176238205021,0.032397222103137176,0.023344045864932154,0.02088175040555748,0.023558225739643467,0.009053176238205021,-0.014505049501438445,0.09994999999999976,0.0004974937185534003,0.09899999999998954,0.10099999999999909,0.0020000000000095497,0.09995123811139087,0.09899999999998954,0.09999999999999432,0.0010000000000047748,0.09994999999999976,1.9989999999999952,13.624180652255234,-16.607016185125076,89.099
0.37676999999999994,0.10427692506014932,0.215,0.5669,0.3519,0.3909338946676279,0.2849,0.5145,0.22959999999999997,-0.30229,0.17649387779750322,-0.5685,-0.0502,0.5183,0.3500419017774872,-0.0502,-0.474,-0.42379999999999995,9.857135,0.24891569712454858,9.5378,10.1593,0.6214999999999993,9.860277350688468,10.1253,9.6152,-0.5100999999999996,-0.0008300000000000002,0.016027635508708074,-0.0293,0.0251,0.054400000000000004,0.01604911212497439,-0.0099,-0.0073,0.0026000000000000007,-0.0012599999999999998,0.011423239470482969,-0.0208,0.0159,0.036699999999999997,0.011492519306052959,0.0159,-0.0086,-0.0245,-0.0005199999999999998,0.004985037612696618,-0.0091,0.0107,0.019799999999999998,0.0050120853943244024,0.0051,-0.0015,-0.0066,-0.00021999999999999998,0.001543891187875622,-0.0026,0.0027,0.0053,0.0015594870951694342,-0.0013,0.0003,0.0015999999999999999,0.000305,0.0012371236801548987,-0.0023,0.003,0.0053,0.0012741663941573723,0.0004,0.0001,-0.00030000000000000003,9.806595,2.1794494717652574e-05,9.8065,9.8066,9.999999999976694e-05,9.806595000024219,9.8066,9.8066,0.0,-11.349,0.3083812575368354,-11.94,-10.62,1.3200000000000003,11.353188979313257,-11.56,-11.69,-0.129999999999999,-28.4295,0.26567790649581713,-28.87,-27.81,1.0600000000000023,28.430741372676163,-28.0,-28.87,-0.870000000000001,7.163500000000001,0.1998318042754957,6.81,7.56,0.75,7.166286695353459,7.0,7.56,0.5599999999999996,108.274,163.7441984437922,0.68,358.59,357.90999999999997,196.30441054647753,357.87,2.53,-355.34000000000003,-85.07099999999998,0.01972308292331577,-85.1,-85.02,0.0799999999999983,85.07100228632551,-85.02,-85.08,-0.060000000000002274,-121.65150000000001,0.17701059290336374,-122.01,-121.38,0.6300000000000097,121.65162878071135,-122.01,-121.61,0.4000000000000057,9.871320252726914,0.23971763306736135,9.568566605819287,10.164037352351674,0.5954707465323867,9.874230505487503,10.12943177774548,9.640614985051524,-0.4888167926939566,0.01928711974204115,0.006540643091941859,0.009053176238205021,0.032397222103137176,0.023344045864932154,0.02036597652949644,0.019412109622604135,0.011379806676741043,-0.008032302945863093,0.10005000000000024,0.0004974937185522576,0.09900000000000375,0.10099999999999909,0.001999999999995339,0.100051236873914,0.10099999999999909,0.10099999999999909,0.0,0.10005000000000024,2.0010000000000048,14.138299205716976,-17.15209179046323,89.2
0.37547499999999995,0.10556270115433763,0.215,0.5669,0.3519,0.3900319980463141,0.5669,0.259,-0.30789999999999995,-0.303675,0.1746088367609154,-0.5685,-0.052,0.5165,0.3502952347663325,-0.5162,-0.0779,0.4383,9.858604999999999,0.25057630868659553,9.5378,10.1593,0.6214999999999993,9.861788936724412,9.5378,10.1547,0.6168999999999993,0.00039999999999999986,0.016227076138355917,-0.0293,0.0251,0.054400000000000004,0.016232005421388942,-0.0108,0.0147,0.025500000000000002,-0.002665,0.010944280469724814,-0.0208,0.013,0.0338,0.011264080077840357,-0.0075,-0.0122,-0.004700000000000001,-0.0008200000000000001,0.0048154542880189406,-0.0091,0.0107,0.019799999999999998,0.004884772256717809,-0.0049,-0.0009,0.004,-9.999999999999996e-05,0.0015485477067239484,-0.0026,0.0027,0.0053,0.001551773179301666,-0.0007,0.0011,0.0018,0.000215,0.001291230033727531,-0.0023,0.003,0.0053,0.0013090072574283155,0.0014,-0.0014,-0.0028,9.806595,2.1794494717652574e-05,9.8065,9.8066,9.999999999976694e-05,9.806595000024219,9.8066,9.8066,0.0,-11.327,0.30823854398825595,-11.94,-10.62,1.3200000000000003,11.33119322931173,-11.19,-11.12,0.07000000000000028,-28.451500000000003,0.2467443008460381,-28.87,-27.81,1.0600000000000023,28.452569919077607,-28.37,-28.44,-0.07000000000000028,7.148000000000001,0.22263422917422201,6.69,7.56,0.8699999999999992,7.151466283217729,7.06,6.69,-0.3699999999999992,90.419,154.7782569969051,0.68,358.59,357.90999999999997,179.2537430571535,0.83,0.77,-0.05999999999999994,-85.07249999999999,0.016695807857063392,-85.1,-85.04,0.05999999999998806,85.07250163830848,-85.04,-85.05,-0.009999999999990905,-121.64349999999999,0.1637459923173695,-121.92,-121.38,0.5400000000000063,121.6436102103189,-121.8,-121.85,-0.04999999999999716,9.87276371948379,0.2413488817968,9.568566605819287,10.164037352351674,0.5954707465323867,9.875713277708098,9.568566605819287,10.158301112883,0.5897345070637137,0.01927273076359221,0.006540668843022594,0.009053176238205021,0.032397222103137176,0.023344045864932154,0.020352358585677483,0.014032106042928838,0.019124330053625408,0.00509222401069657,0.1,0.00044721359549891566,0.09900000000000375,0.10099999999999909,0.001999999999995339,0.10000099999500005,0.10000000000000853,0.09999999999999432,-1.4210854715202004e-14,0.1,2.0,14.652692155623043,-17.69514975116121,89.3
0.36771499999999996,0.09652306602569148,0.215,0.5287,0.3137,0.38017236025255696,0.2599,0.4117,0.1518,-0.3021,0.17281760327003726,-0.5685,-0.052,0.5165,0.3480378341502544,-0.1854,-0.4847,-0.2993,9.860875,0.24785063420334444,9.572,10.1593,0.5873000000000008,9.863989340145295,10.0936,9.5832,-0.5104000000000006,0.00139,0.016117192683591023,-0.0293,0.0251,0.054400000000000004,0.016177020739307966,0.015,0.009,-0.006,-0.0019549999999999997,0.011067496329342062,-0.0208,0.013,0.0338,0.01123883890800113,-0.0072,0.0067,0.0139,-0.000325,0.004879023980264905,-0.0091,0.0107,0.019799999999999998,0.004889836398081228,-0.0026,0.005,0.0076,-6.999999999999997e-05,0.001542433142797444,-0.0026,0.0027,0.0053,0.0015440207252495025,-0.0008,-0.0001,0.0007,0.00012499999999999998,0.0012680201102506223,-0.0023,0.003,0.0053,0.0012741663941573723,0.001,-0.0004,-0.0014,9.806595,2.1794494717652574e-05,9.8065,9.8066,9.999999999976694e-05,9.806595000024219,9.8066,9.8066,0.0,-11.326999999999998,0.30823854398825595,-11.94,-10.62,1.3200000000000003,11.33119322931173,-11.25,-11.19,0.0600000000000005,-28.4735,0.25786188163433565,-28.87,-27.81,1.0600000000000023,28.474667601220563,-28.31,-28.81,-0.5,7.160500000000001,0.2243540728402317,6.69,7.56,0.8699999999999992,7.164013888875425,7.31,7.31,0.0,90.41449999999999,154.78086291512267,0.68,358.59,357.90999999999997,179.25372335045094,0.68,0.74,0.05999999999999994,-85.07299999999998,0.015842979517755117,-85.1,-85.04,0.05999999999998806,85.07300147520363,-85.04,-85.05,-0.009999999999990905,-121.64750000000001,0.1684302526270147,-121.92,-121.38,0.5400000000000063,121.64761660221707,-121.92,-121.88,0.04000000000000625,9.874549282213426,0.23921440829993823,9.595476338358612,10.164037352351674,0.5685610139930617,9.87744638355481,10.09864753964609,9.604277860411994,-0.49436967923409547,0.019185311915220184,0.006621314576102716,0.009053176238205021,0.032397222103137176,0.023344045864932154,0.020295763104648222,0.016840427548016706,0.012283729075488437,-0.00455669847252827,0.09994999999999976,0.000497493718551972,0.09900000000000375,0.10099999999999909,0.001999999999995339,0.09995123811139087,0.09999999999999432,0.09900000000000375,-0.000999999999990564,0.09994999999999976,1.9989999999999952,15.166768551070334,-18.22234183274614,89.399
0.368865,0.09536170759272296,0.215,0.5287,0.3137,0.38099244546316136,0.4854,0.2829,-0.2025,-0.298435,0.17600155475165552,-0.5685,-0.052,0.5165,0.34646788667927075,-0.4629999999999999,-0.1121,0.3508999999999999,9.865039999999999,0.2523848913861526,9.572,10.1769,0.6049000000000007,9.868267950101478,9.572,10.1769,0.6049000000000007,-0.00031500000000000034,0.016388632493286315,-0.0293,0.0251,0.054400000000000004,0.016391659464495962,-0.0122,-0.0191,-0.006899999999999998,-0.0013350000000000002,0.011103570371731788,-0.0208,0.013,0.0338,0.01118353700758396,0.013,0.0052,-0.0078,-0.0002099999999999999,0.004851072046465605,-0.0091,0.0107,0.019799999999999998,0.004855615306014264,0.0084,-0.0003,-0.0087,5.500000000000002e-05,0.0015790740957915812,-0.0026,0.0027,0.0053,0.0015800316452527145,-0.0008,0.0017,0.0025,1.500000000000003e-05,0.0012826827355195828,-0.0023,0.003,0.0053,0.0012827704393226405,0.0018,-0.0012,-0.003,9.806595,2.1794494717652574e-05,9.8065,9.8066,9.999999999976694e-05,9.806595000024219,9.8066,9.8066,0.0,-11.305,0.32801676786408335,-11.94,-10.62,1.3200000000000003,11.309757733921625,-11.5,-10.81,0.6899999999999995,-28.470499999999998,0.2600860434548538,-28.87,-27.81,1.0600000000000023,28.471687954878966,-28.62,-28.25,0.370000000000001,7.1515,0.22177184221627416,6.69,7.56,0.8699999999999992,7.154937805459947,7.0,7.13,0.1299999999999999,90.42249999999999,154.77622875865015,0.74,358.59,357.84999999999997,179.25375726885056,0.75,0.84,0.08999999999999997,-85.07349999999998,0.014924811556600555,-85.1,-85.05,0.04999999999999716,85.07350130916205,-85.05,-85.05,0.0,-121.64099999999999,0.1600905993492435,-121.88,-121.38,0.5,121.64110534683579,-121.87,-121.79,0.0799999999999983,9.878689327461005,0.2437308895237261,9.595476338358612,10.181448444597654,0.5859721062390424,9.881695581983895,9.595476338358612,10.181448444597654,0.5859721062390424,0.019333164267140417,0.006600284798382931,0.009053176238205021,0.032397222103137176,0.023344045864932154,0.020428778720227015,0.01970786644972002,0.01979747458642137,8.96081367013496e-05,0.09995000000000047,0.0004974937185520434,0.09900000000000375,0.10099999999999909,0.001999999999995339,0.09995123811139157,0.09900000000000375,0.10000000000000853,0.0010000000000047748,0.09995000000000047,1.9990000000000094,15.684845467027259,-18.769629319681428,89.49900000000001
0.36994,0.09677996900185491,0.215,0.5287,0.3137,0.3823898089646218,0.3059,0.5069,0.201,-0.30016499999999996,0.17777178424879464,-0.5685,-0.052,0.5165,0.34885790015420315,-0.052,-0.4976,-0.4456,9.864365000000001,0.25318450638812795,9.5585,10.1769,0.6183999999999994,9.867613655159994,10.1593,9.5585,-0.6007999999999996,0.0011250000000000001,0.016545599868242916,-0.0293,0.0251,0.054400000000000004,0.016583802338426493,-0.0293,0.0166,0.045899999999999996,-0.0026,0.010836327791276894,-0.0208,0.0122,0.033,0.011143877242683535,0.0122,-0.0123,-0.0245,-0.0009050000000000001,0.004554390738616966,-0.0091,0.0107,0.019799999999999998,0.0046434362276228155,-0.0065,-0.0055,0.001,0.000265,0.0017240287120578938,-0.0026,0.0034,0.006,0.0017442763542512407,-0.0008,0.0034,0.0042,-0.00025,0.0014260084151224354,-0.0035,0.003,0.006500000000000001,0.0014477568856683086,0.0017,-0.0035,-0.0052,9.80659,2.9999999999930083e-05,9.8065,9.8066,9.999999999976694e-05,9.806590000045889,9.8066,9.8065,-9.999999999976694e-05,-11.2895,0.32575259016621794,-11.94,-10.62,1.3200000000000003,11.294198732092507,-11.0,-11.19,-0.1899999999999995,-28.470499999999998,0.2600860434548538,-28.87,-27.81,1.0600000000000023,28.471687954878966,-28.69,-28.62,0.07000000000000028,7.1515,0.22177184221627416,6.69,7.56,0.8699999999999992,7.154937805459947,7.19,7.0,-0.1900000000000004,90.40349999999998,154.78725852843962,0.37,358.59,358.21999999999997,179.253697911647,0.97,0.37,-0.6,-85.07199999999999,0.018330302779824597,-85.1,-85.02,0.0799999999999983,85.07200197479779,-85.07,-85.02,0.04999999999999716,-121.65600000000002,0.1917654817739628,-122.17,-121.38,0.7900000000000063,121.65615113918408,-121.69,-122.17,-0.480000000000004,9.878158339440912,0.24435807523795153,9.58485657795671,10.181448444597654,0.596591866640944,9.881180245699397,10.164037352351674,9.58485657795671,-0.5791807743949633,0.01941676579964672,0.006615074140300291,0.009053176238205021,0.032397222103137176,0.023344045864932154,0.020512679005922168,0.032397222103137176,0.02137989709984592,-0.011017325003291254,0.1,0.00044721359549891566,0.09900000000000375,0.10099999999999909,0.001999999999995339,0.10000099999500005,0.09999999999999432,0.09999999999999432,0.0,0.1,2.0,16.207970711484307,-19.317527037469432,89.599
0.37459499999999996,0.09582203021748181,0.215,0.5287,0.3137,0.38665653427816266,0.4817,0.3989999999999999,-0.0827000000000001,-0.31096,0.1686980539306841,-0.5685,-0.074,0.4945,0.3537727448518328,-0.4395,-0.2679,0.17159999999999997,9.854490000000002,0.24521465066345446,9.5585,10.1769,0.6183999999999994,9.857540432836174,9.6032,9.9618,0.3586000000000009,0.003989999999999995,0.01598054755006848,-0.0225,0.0279999999999999,0.0504999999999999,0.016471126251716966,0.0178,0.0279999999999999,0.0101999999999999,-0.0031850000000000003,0.010325322028876387,-0.0208,0.0108,0.0316,0.010805392172429467,-0.0146,0.0005,0.0151,0.00014000000000000001,0.005458699478813611,-0.0091,0.0144,0.0235,0.005460494483103155,-0.0013,0.0144,0.0157,0.00025499999999999996,0.001730744059646024,-0.0026,0.0034,0.006,0.001749428478103635,0.0017,-0.001,-0.0027,-0.00043499999999999995,0.0014008122643666425,-0.0035,0.003,0.006500000000000001,0.0014667992364328529,-0.0004,-0.002,-0.0016,9.80659,2.999999999993008e-05,9.8065,9.8066,9.999999999976694e-05,9.806590000045889,9.8066,9.8066,0.0,-11.302,0.31913320103054144,-11.94,-10.62,1.3200000000000003,11.306504764957205,-11.06,-11.25,-0.1899999999999995,-28.483000000000004,0.27586409697530434,-28.94,-27.81,1.1300000000000026,28.48433587079046,-28.31,-28.94,-0.6300000000000026,7.1325,0.23362095368352562,6.69,7.56,0.8699999999999992,7.136325034637927,7.0,6.81,-0.1900000000000004,90.366,154.80901018351614,0.22,358.59,358.36999999999995,179.25357343718423,0.97,0.22,-0.75,-85.0685,0.024140215409147257,-85.1,-85.0,0.09999999999999432,85.06850342518081,-85.08,-85.0,0.0799999999999983,-121.68599999999999,0.23646141334264362,-122.29,-121.38,0.9100000000000108,121.686229746837,-121.69,-122.29,-0.6000000000000085,9.868625777701482,0.23661588109390078,9.58485657795671,10.181448444597654,0.596591866640944,9.871461989771323,9.625312741932076,9.973386117563082,0.3480733756310066,0.019371396676050888,0.006528437088544569,0.009053176238205021,0.032331718172717024,0.023278541934512002,0.02044190548848125,0.023058404107830187,0.03148983963122065,0.008431435523390464,0.10005000000000024,0.0004974937185522576,0.09900000000000375,0.10099999999999909,0.001999999999995339,0.100051236873914,0.10000000000000853,0.10099999999999909,0.000999999999990564,0.10005000000000024,2.0010000000000048,16.737423995052296,-19.87368690537332,89.7
0.36878,0.09262127509379256,0.215,0.5287,0.3137,0.3802333349405336,0.3116,0.3654,0.053800000000000014,-0.30935,0.1676137956732679,-0.5685,-0.074,0.4945,0.35184059885124114,-0.2505,-0.4073,-0.1568,9.85822,0.24190896345526344,9.5585,10.1769,0.6183999999999994,9.861187632075561,10.0027,9.6778,-0.3249000000000013,0.0016599999999999952,0.017151454748796084,-0.0288,0.0279999999999999,0.0567999999999999,0.01723159888112533,0.0121,-0.0288,-0.0409,-0.0018699999999999997,0.010461649009596908,-0.0208,0.0117,0.0325,0.01062746442007688,-0.0042,0.0117,0.0159,2.4999999999999893e-05,0.00551179417249955,-0.0091,0.0144,0.0235,0.0055118508688098596,0.0107,-0.0036,-0.0143,0.000175,0.001698786331473149,-0.0026,0.0034,0.006,0.0017077763319591941,-0.0026,0.0001,0.0026999999999999997,-0.00042500000000000003,0.0014017399901550928,-0.0035,0.003,0.006500000000000001,0.0014647525388269515,0.0008,-0.0002,-0.001,9.80659,2.999999999993008e-05,9.8065,9.8066,9.999999999976694e-05,9.806590000045889,9.8066,9.8066,0.0,-11.324,0.3168501222975935,-11.94,-10.62,1.3200000000000003,11.32843193032469,-11.12,-11.5,-0.3800000000000008,-28.502000000000002,0.276380172950232,-28.94,-27.81,1.1300000000000026,28.50333997972869,-28.37,-28.69,-0.3200000000000003,7.139,0.23164412360342754,6.69,7.56,0.8699999999999992,7.142757170728961,7.44,7.13,-0.3100000000000005,90.33749999999999,154.82551675595982,0.22,358.59,358.36999999999995,179.2534645271884,0.77,0.4,-0.37,-85.064,0.029393876913399057,-85.1,-84.99,0.10999999999999943,85.06400507852895,-85.06,-84.99,0.07000000000000739,-121.70899999999999,0.2571944789454098,-122.29,-121.38,0.9100000000000108,121.70927175034775,-121.85,-122.15,-0.30000000000001137,9.87202297002859,0.23356624376797214,9.58485657795671,10.181448444597654,0.596591866640944,9.874785603292864,10.010686894514283,9.693256588474277,-0.31743030604000566,0.01978315694922362,0.006991294667111747,0.009053176238205021,0.032331718172717024,0.023278541934512002,0.02098217100302063,0.016689517668285084,0.03129360957128467,0.014604091902999588,0.10004999999999953,0.0004974937185523291,0.09900000000000375,0.10099999999999909,0.001999999999995339,0.10005123687391328,0.09999999999999432,0.09999999999999432,0.0,0.10004999999999953,2.0009999999999906,17.26543992048684,-20.414257590489598,89.8
0.37059000000000003,0.09183656624678428,0.215,0.5287,0.3137,0.3817995586692054,0.3213,0.3478,0.026500000000000024,-0.31061500000000003,0.1672599721242354,-0.5685,-0.074,0.4945,0.3527854539234859,-0.3893,-0.2758,0.11349999999999999,9.858070000000001,0.24182024336270935,9.5585,10.1769,0.6183999999999994,9.86103550115301,9.6798,9.9997,0.3199000000000005,0.0006049999999999952,0.01712575472789447,-0.0288,0.0279999999999999,0.0567999999999999,0.017136437786191148,-0.0175,-0.009,0.008500000000000002,-0.0019099999999999998,0.010472005538577604,-0.0208,0.0117,0.0325,0.010644763971079866,0.0093,-0.005,-0.0143,-0.0007999999999999998,0.005069319480955999,-0.0091,0.0144,0.0235,0.005132056118165506,-0.0091,-0.0058,0.003300000000000001,0.00035999999999999997,0.0015841085821369696,-0.0026,0.0034,0.006,0.0016244999230532453,-0.0026,0.0011,0.0037,-0.0006150000000000001,0.0014782675671203775,-0.0035,0.003,0.006500000000000001,0.0016010933764150047,0.003,-0.003,-0.006,9.80659,2.999999999993008e-05,9.8065,9.8066,9.999999999976694e-05,9.806590000045889,9.8066,9.8066,0.0,-11.318,0.3217545648471828,-11.94,-10.62,1.3200000000000003,11.322572587535042,-11.19,-11.0,0.1899999999999995,-28.502000000000002,0.276380172950232,-28.94,-27.81,1.1300000000000026,28.50333997972869,-28.44,-28.37,0.07000000000000028,7.1045,0.23559446088564984,6.69,7.56,0.8699999999999992,7.108405236056819,7.19,6.75,-0.4400000000000004,90.31299999999999,154.83972633339286,0.22,358.59,358.36999999999995,179.2533927712388,1.17,0.28,-0.8899999999999999,-85.0605,0.033537292675469135,-85.1,-84.99,0.10999999999999943,85.0605066114704,-85.09,-84.99,0.10000000000000853,-121.72849999999998,0.28084292763037616,-122.29,-121.38,0.9100000000000108,121.72882396951019,-121.52,-122.24,-0.7199999999999989,9.871965973866224,0.2335325359076534,9.58485657795671,10.181448444597654,0.596591866640944,9.874727825844113,9.692951883714269,10.009546971266982,0.31659508755271304,0.01953952791567826,0.007177280044169227,0.009053176238205021,0.032331718172717024,0.023278541934512002,0.020816015468864343,0.021807108932639374,0.011816936997377958,-0.009990171935261416,0.10005000000000024,0.0004974937185522576,0.09900000000000375,0.10099999999999909,0.001999999999995339,0.100051236873914,0.10000000000000853,0.10000000000000853,0.0,0.10005000000000024,2.0010000000000048,17.794440551243667,-20.969044028213773,89.9
0.369885,0.09226536335483647,0.215,0.5287,0.3137,0.38121884856339405,0.3278,0.3072,-0.020600000000000007,-0.30121000000000003,0.167858451976658,-0.5685,-0.074,0.4945,0.344824482889484,-0.2092,-0.2012,0.008000000000000007,9.867880000000001,0.2383439921625884,9.5585,10.1769,0.6183999999999994,9.870758002960056,10.1009,9.876,-0.22489999999999988,0.0023499999999999953,0.01696939892865978,-0.0288,0.0279999999999999,0.0567999999999999,0.017131345539682506,0.002,0.0174,0.015399999999999999,-0.00266,0.010175234641029169,-0.0208,0.0117,0.0325,0.010517176427159524,-0.012,-0.0057,0.0063,-0.00016000000000000004,0.004780836746846727,-0.009,0.0144,0.023399999999999997,0.004783513353174631,-0.0019,0.0037,0.0056,0.0005549999999999999,0.0014413448581099529,-0.0019,0.0034,0.0053,0.0015445063936416707,0.0025,0.0013,-0.0012000000000000001,-0.00086,0.0012467557900406958,-0.0035,0.0014,0.0049,0.0015145956556124147,-0.0023,-0.0019,0.00039999999999999996,9.80659,2.9999999999930076e-05,9.8065,9.8066,9.999999999976694e-05,9.806590000045889,9.8065,9.8066,9.999999999976694e-05,-11.327,0.32056356623920934,-11.94,-10.62,1.3200000000000003,11.331535200492473,-11.5,-11.37,0.13000000000000078,-28.4985,0.2775837711394529,-28.94,-27.81,1.1300000000000026,28.499851841720158,-28.75,-28.37,0.379999999999999,7.1015,0.23486751584670026,6.69,7.56,0.8699999999999992,7.105382818680496,7.19,7.13,-0.0600000000000005,108.25349999999999,163.9883231597604,0.22,359.98,359.76,196.49679487207925,0.94,359.98,359.04,-85.0535,0.0405308524460071,-85.1,-84.95,0.14999999999999147,85.05350965715643,-85.07,-84.95,0.11999999999999034,-121.77649999999998,0.32036346545759703,-122.48,-121.38,1.1000000000000085,121.77692139728282,-121.71,-122.48,-0.7700000000000102,9.881459627908182,0.22989325679689177,9.58485657795671,10.181448444597654,0.596591866640944,9.88413351222554,10.10838257536783,9.882824964553404,-0.22555761081442682,0.019383169257049332,0.007160219937444479,0.009053176238205021,0.032331718172717024,0.023278541934512002,0.020663397590909384,0.012313001258832064,0.018679935760060846,0.006366934501228782,0.1,0.0005477225575038897,0.09900000000000375,0.10099999999999909,0.001999999999995339,0.10000149998875017,0.09999999999999432,0.09900000000000375,-0.000999999999990564,0.1,2.0,18.319164251225914,-21.51990570206351,89.99900000000001
0.36664,0.094795038899723,0.215,0.5287,0.3137,0.37869643383586277,0.3388,0.2629,-0.07589999999999997,-0.293165,0.17574589404876573,-0.5685,-0.0483,0.5202,0.341807455301958,-0.2634,-0.0483,0.2151,9.86807,0.2385311134841742,9.5585,10.1769,0.6183999999999994,9.87095246756867,9.7673,10.1047,0.3373999999999988,0.001224999999999995,0.01768600788759294,-0.0288,0.0279999999999999,0.0567999999999999,0.017728381200775207,0.0151,-0.0205,-0.0356,-0.001035,0.011106406934738165,-0.0208,0.0205,0.0413,0.01115452822848192,0.0067,0.0205,0.0138,5.000000000000089e-06,0.004774879579633396,-0.009,0.0144,0.023399999999999997,0.004774882197499745,0.0026,0.0014,-0.0012,0.00026,0.0016072958657322553,-0.0034,0.0034,0.0068,0.0016281891781976686,-0.0002,-0.0034,-0.0031999999999999997,-0.0007750000000000001,0.0012028611723719409,-0.0035,0.0014,0.0049,0.0014309088021254187,-0.0008,-0.0006,0.0002000000000000001,9.806595,2.1794494717652574e-05,9.8065,9.8066,9.999999999976694e-05,9.806595000024219,9.8066,9.8066,0.0,-11.345500000000001,0.3400952072582028,-11.94,-10.62,1.3200000000000003,11.350596239845729,-11.12,-11.87,-0.75,-28.486,0.2715400522943165,-28.94,-27.81,1.1300000000000026,28.487294185303032,-28.25,-28.5,-0.25,7.0699999999999985,0.2616103973468945,6.56,7.56,1.0,7.074838514058113,6.88,6.56,-0.3200000000000003,126.0705,170.58612242720685,0.22,359.98,359.76,212.11646832577617,0.96,357.28,356.32,-85.0475,0.046138378818505944,-85.1,-84.95,0.14999999999999147,85.04751251506418,-85.07,-84.95,0.11999999999999034,-121.81549999999997,0.3554500668167058,-122.49,-121.38,1.1099999999999994,121.81601858951063,-121.69,-122.49,-0.7999999999999972,9.881452240668418,0.22988596714261345,9.58485657795671,10.181448444597654,0.596591866640944,9.884125957438018,9.776723085471941,10.108234830572545,0.3315117451006042,0.020218777269020664,0.007260822663151403,0.009053176238205021,0.032331718172717024,0.023278541934512002,0.021482981636635073,0.016723038001511568,0.029025161498258713,0.012302123496747145,0.1,0.0005477225575038896,0.09900000000000375,0.10099999999999909,0.001999999999995339,0.10000149998875017,0.09999999999999432,0.09999999999999432,0.0,0.1,2.0,18.84090573101662,-22.079031367340804,90.099
0.37695500000000004,0.1021437490745273,0.215,0.5451,0.33010000000000006,0.39054886698081714,0.3866,0.5451,0.15850000000000003,-0.29829500000000003,0.1762987563058798,-0.5685,-0.0483,0.5202,0.3464984249603453,-0.2136,-0.366,-0.15239999999999998,9.86191,0.24260986150608144,9.5585,10.1769,0.6183999999999994,9.864893734501148,10.0278,9.6441,-0.38369999999999926,0.0005299999999999952,0.017397876307181852,-0.0288,0.0279999999999999,0.0567999999999999,0.017405947259485757,-0.0101,0.0012,0.0113,-0.0018499999999999999,0.011106957279111141,-0.0208,0.0205,0.0413,0.011259973356984466,0.0098,-0.0096,-0.0194,-0.0001549999999999999,0.004738720818955259,-0.009,0.0144,0.023399999999999997,0.004741255108091105,-0.0024,-0.0006,0.0018,0.00023500000000000002,0.001618108463608049,-0.0034,0.0034,0.0068,0.0016350840956966097,0.0016,-0.0007,-0.0023,-0.000745,0.0012093283259727277,-0.0035,0.0014,0.0049,0.001420387271134179,-0.0007,-0.0002,0.0005,9.806595,2.1794494717652574e-05,9.8065,9.8066,9.999999999976694e-05,9.806595000024219,9.8066,9.8066,0.0,-11.367500000000001,0.3390261789301822,-11.94,-10.62,1.3200000000000003,11.372554462388825,-11.69,-11.56,0.129999999999999,-28.495500000000003,0.2663920982311603,-28.94,-27.81,1.1300000000000026,28.496745165018407,-28.25,-28.44,-0.19000000000000128,7.0699999999999985,0.2616103973468945,6.56,7.56,1.0,7.074838514058112,7.13,6.88,-0.25,143.89,175.13985577246544,0.22,359.98,359.76,226.66782122745167,358.55,357.35,-1.1999999999999886,-85.04050000000001,0.0523903617090002,-85.1,-84.93,0.1699999999999875,85.04051613789747,-85.1,-84.93,0.1699999999999875,-121.85249999999996,0.3782442993621993,-122.49,-121.38,1.1099999999999994,121.85308705568357,-121.45,-122.43,-0.980000000000004,9.875937291236902,0.23362488856355704,9.58485657795671,10.181448444597654,0.596591866640944,9.878700216577078,10.037522471207723,9.666424096841602,-0.37109837436612025,0.019867290201587194,0.007584476253896332,0.009053176238205021,0.032331718172717024,0.023278541934512002,0.021265782374509518,0.014276203977248294,0.009693296652842107,-0.004582907324406187,0.10005000000000024,0.0005894913061262963,0.09900000000000375,0.10099999999999909,0.001999999999995339,0.10005173661661274,0.10000000000000853,0.10099999999999909,0.000999999999990564,0.10005000000000024,2.0010000000000048,19.384878803913153,-22.633380893644812,90.2
0.373905,0.10271931889863754,0.215,0.5451,0.33010000000000006,0.387757923839088,0.4502,0.3256,-0.12459999999999999,-0.29289,0.18042137040827508,-0.5685,-0.0483,0.5202,0.34400061482503197,-0.5685,-0.1055,0.463,9.865120000000001,0.24519448729528978,9.5585,10.1769,0.6183999999999994,9.868166645887168,9.5819,10.092,0.5101000000000013,0.0018899999999999952,0.0175759750796364,-0.0288,0.0279999999999999,0.0567999999999999,0.017677301830313352,0.0209,0.0171,-0.003799999999999998,-0.0033949999999999996,0.011520393873474987,-0.0211,0.0205,0.0416,0.012010224810552049,-0.0208,-0.0211,-0.00030000000000000165,7.00000000000001e-05,0.004733613841453483,-0.009,0.0144,0.023399999999999997,0.004734131388121796,0.003,0.0021,-0.0009000000000000002,0.00037999999999999997,0.0018475930287809596,-0.0034,0.0045,0.007899999999999999,0.0018862661530123473,0.002,0.0045,0.0024999999999999996,-0.0008400000000000001,0.0012749117616525467,-0.0035,0.0014,0.0049,0.0015267612779999368,-0.0007,-0.0026,-0.0018999999999999998,9.806595,2.1794494717652574e-05,9.8065,9.8066,9.999999999976694e-05,9.806595000024219,9.8066,9.8066,0.0,-11.339,0.3346475758167089,-11.94,-10.62,1.3200000000000003,11.34393714721657,-11.37,-11.12,0.25,-28.4985,0.2639370190026404,-28.94,-27.81,1.1300000000000026,28.499722191628468,-28.5,-28.31,0.19000000000000128,7.0665,0.2612522727173871,6.56,7.56,1.0,7.071327668832778,7.31,7.06,-0.25,143.93249999999998,175.19203605971936,0.22,359.98,359.76,226.73511870682935,0.94,359.4,358.46,-85.0305,0.05877712139940007,-85.09,-84.9,0.18999999999999773,85.03052031476699,-85.09,-84.9,0.18999999999999773,-121.92749999999997,0.4353949356618672,-122.95,-121.38,1.5700000000000074,121.9282773805978,-121.71,-122.95,-1.240000000000009,9.87895127851748,0.23606613094190404,9.58485657795671,10.181448444597654,0.596591866640944,9.881771378730637,9.609301738419914,10.097802216819263,0.48850047839934874,0.020515491383000288,0.007632765770940488,0.009053176238205021,0.032331718172717024,0.023278541934512002,0.02188936956607019,0.02963865718955567,0.027240227605510203,-0.0023984295840454653,0.1,0.0006324555320322019,0.09900000000000375,0.10099999999999909,0.001999999999995339,0.1000019999800004,0.10099999999999909,0.09900000000000375,-0.001999999999995339,0.1,2.0,19.91050687734409,-23.190550390339496,90.299
0.3722499999999999,0.10173870207546389,0.215,0.5451,0.33010000000000006,0.385902612066827,0.317,0.4171,0.10010000000000002,-0.289895,0.17627080721151758,-0.5516,-0.0483,0.5033,0.33927939592613043,-0.21,-0.5086,-0.2986000000000001,9.863385000000003,0.24730609429409536,9.5472,10.1769,0.6296999999999997,9.866484883812472,10.0934,9.5472,-0.5462000000000007,0.0008649999999999953,0.017026634282793524,-0.0288,0.0279999999999999,0.0567999999999999,0.017048592317255983,0.0139,0.0004,-0.0135,-0.0017100000000000001,0.011314146012846043,-0.0211,0.0205,0.0416,0.011442639555627014,0.0045,0.0129,0.008400000000000001,8.500000000000007e-05,0.004743340067926818,-0.009,0.0144,0.023399999999999997,0.004744101600935629,0.0021,0.0033,0.0012000000000000001,0.00024999999999999995,0.001820302172717486,-0.0034,0.0045,0.007899999999999999,0.0018373894524569363,-0.0006,-0.0006,0.0,-0.0008049999999999999,0.0012878179219128765,-0.0035,0.0014,0.0049,0.0015187165634179408,0.0006,0.0,-0.0006,9.806595,2.1794494717652574e-05,9.8065,9.8066,9.999999999976694e-05,9.806595000024219,9.8066,9.8066,0.0,-11.3425,0.33531887808472693,-11.94,-10.62,1.3200000000000003,11.347455441639768,-10.62,-11.44,-0.8200000000000003,-28.4795,0.2765226030544341,-28.94,-27.81,1.1300000000000026,28.480842420827372,-28.31,-28.12,0.18999999999999773,7.047999999999999,0.25640982820477065,6.56,7.56,1.0,7.052662617763591,6.81,6.94,0.13000000000000078,161.858,177.96340308052103,0.22,359.98,359.76,240.55973270686843,0.99,359.45,358.46,-85.02100000000002,0.06355312738174028,-85.09,-84.9,0.18999999999999773,85.02102375295183,-85.08,-84.9,0.1799999999999926,-121.98799999999997,0.4824893781214271,-122.95,-121.38,1.5700000000000074,121.98895417208888,-121.67,-122.92,-1.25,9.876977764693649,0.23846495077320762,9.56983146194331,10.181448444597654,0.6116169826543452,9.879856036248707,10.100560012197343,9.56983146194331,-0.5307285502540342,0.01969962909035458,0.0074846251544386285,0.009053176238205021,0.032331718172717024,0.023278541934512002,0.0210735616353762,0.014760420048223559,0.013321411336641475,-0.0014390087115820835,0.09994999999999976,0.0005894913061260553,0.09900000000000375,0.10099999999999909,0.001999999999995339,0.09995173835406743,0.09900000000000375,0.09999999999999432,0.000999999999990564,0.09994999999999976,1.9989999999999952,20.43999983118809,-23.753985162939045,90.399
0.3700799999999999,0.10334417061450538,0.215,0.5451,0.33010000000000006,0.38423849885195005,0.4343,0.2736,-0.1607,-0.284315,0.18042898125024148,-0.5516,-0.0483,0.5033,0.3367337768920724,-0.3966,-0.0984,0.2982,9.866805000000001,0.250910020674743,9.5472,10.1769,0.6296999999999997,9.869994769324855,9.6088,10.1618,0.552999999999999,-0.00010000000000000482,0.016806010829462172,-0.0288,0.0279999999999999,0.0567999999999999,0.01680630833943016,-0.0131,-0.0054,0.0077,-0.001705,0.011316911018471428,-0.0211,0.0205,0.0416,0.01144462756056308,-0.0016,0.0046,0.0062,-0.0001499999999999999,0.004754103490669928,-0.009,0.0144,0.023399999999999997,0.004756469278782319,-0.0015,-0.0026,-0.0010999999999999998,0.000485,0.0019907975788612964,-0.0034,0.0045,0.007899999999999999,0.002049024157983502,-0.001,0.0041,0.0051,-0.0009249999999999999,0.0012628836050879748,-0.0035,0.0014,0.0049,0.0015654072952429987,-0.0002,-0.0018,-0.0015999999999999999,9.806595,2.1794494717652574e-05,9.8065,9.8066,9.999999999976694e-05,9.806595000024219,9.8066,9.8066,0.0,-11.38,0.2914961406262524,-11.94,-10.81,1.129999999999999,11.383732691872204,-11.06,-11.37,-0.3099999999999987,-28.47,0.2853068523537422,-28.94,-27.81,1.1300000000000026,28.47142953910112,-28.31,-28.12,0.18999999999999773,7.045,0.2595091520544121,6.56,7.56,1.0,7.049778010689415,7.06,6.75,-0.3099999999999996,179.777,178.90362240882658,0.22,359.98,359.76,253.62625226896367,1.25,359.37,358.12,-85.01150000000003,0.06806430782722837,-85.09,-84.89,0.20000000000000284,85.01152724777975,-85.09,-84.89,0.20000000000000284,-122.05349999999999,0.5221616129130922,-122.98,-121.38,1.6000000000000085,122.0546169343872,-121.46,-122.98,-1.5200000000000102,9.880247705157718,0.2419315848038842,9.56983146194331,10.181448444597654,0.6116169826543452,9.883209276697524,9.62678271750225,10.16595882147867,0.5391761039764198,0.01933936462329388,0.00787683159444766,0.007555130707009641,0.032331718172717024,0.02477658746570738,0.02088194195950175,0.013282319074619462,0.007555130707009641,-0.005727188367609821,0.10004999999999953,0.0005894913061263566,0.09900000000000375,0.10099999999999909,0.001999999999995339,0.10005173661661204,0.09999999999999432,0.10099999999999909,0.0010000000000047748,0.10004999999999953,2.0009999999999906,20.980085658338083,-24.32661475825188,90.5
0.37392499999999995,0.10702693994971546,0.215,0.5451,0.33010000000000006,0.38894044724096255,0.2675,0.5112,0.24369999999999997,-0.288435,0.1838541793786587,-0.5516,-0.0483,0.5033,0.3420484008148554,-0.074,-0.479,-0.40499999999999997,9.865450000000001,0.25236861235106073,9.5472,10.1769,0.6296999999999997,9.868677399682289,10.1424,9.5817,-0.5607000000000006,0.001389999999999995,0.016908101608400623,-0.0288,0.0279999999999999,0.0567999999999999,0.01696514073033288,0.0251,0.0167,-0.008400000000000001,-0.0021649999999999994,0.01148896318211526,-0.0211,0.0205,0.0416,0.01169117188309196,-0.0203,-0.0108,0.009499999999999998,-0.00010499999999999991,0.004745363526643665,-0.009,0.0144,0.023399999999999997,0.004746525044703757,0.0018,-0.0006,-0.0024,0.000715,0.0020700905777284243,-0.0034,0.0045,0.007899999999999999,0.002190091322296858,0.0027,0.0036,0.0008999999999999998,-0.001095,0.0013774886569405936,-0.0036,0.0014,0.005,0.0017596874722518201,-0.0019,-0.0036,-0.0017,9.806595,2.1794494717652574e-05,9.8065,9.8066,9.999999999976694e-05,9.806595000024219,9.8066,9.8066,0.0,-11.383000000000001,0.28848050194077235,-11.94,-10.81,1.129999999999999,11.386654908268714,-11.62,-11.12,0.5,-28.464000000000006,0.2898344354972335,-28.94,-27.81,1.1300000000000026,28.465475580077698,-28.5,-28.19,0.3099999999999987,7.0485,0.26015908594550374,6.56,7.56,1.0,7.053299582464933,7.19,7.13,-0.0600000000000005,197.65249999999997,178.03124399596268,0.22,359.98,359.76,266.01059113313516,358.29,358.76,0.46999999999997044,-85.00000000000001,0.07307530362577816,-85.09,-84.86,0.23000000000000398,85.00003141175891,-85.07,-84.86,0.20999999999999375,-122.15350000000001,0.5864748502706664,-123.46,-121.38,2.0799999999999983,122.15490786292624,-121.67,-123.46,-1.789999999999992,9.879272341152422,0.24298849425591118,9.56983146194331,10.181448444597654,0.6116169826543452,9.882260136173304,10.146196824919178,9.607275437396389,-0.5389213875227892,0.01967009790437188,0.007753466865372205,0.007555130707009641,0.032331718172717024,0.02477658746570738,0.02114306032720901,0.032331718172717024,0.019896984696179468,-0.012434733476537556,0.10004999999999953,0.0005894913061263566,0.09900000000000375,0.10099999999999909,0.001999999999995339,0.10005173661661204,0.09999999999999432,0.09999999999999432,0.0,0.10004999999999953,2.0009999999999906,21.51960454874657,-24.894421812353613,90.6
0.375695,0.10553457478475951,0.215,0.5451,0.33010000000000006,0.39023618425256257,0.4861,0.3029,-0.18319999999999997,-0.29269,0.17978184808261372,-0.5516,-0.0483,0.5033,0.3434951950173393,-0.5516,-0.1591,0.39249999999999996,9.861325,0.24845195888742758,9.5472,10.1769,0.6296999999999997,9.864454325075462,9.5744,10.0599,0.48550000000000004,0.0012149999999999952,0.01667834749008425,-0.0288,0.0279999999999999,0.0567999999999999,0.016722544662819704,-0.0192,0.0216,0.0408,-0.00144,0.010755807733499146,-0.0211,0.0205,0.0416,0.010851774048513911,0.0108,-0.0058,-0.0166,0.0004150000000000003,0.005444012766333304,-0.009,0.0144,0.023399999999999997,0.00545980768892092,0.0016,0.0122,0.0106,0.000565,0.002029106946417561,-0.0034,0.0045,0.007899999999999999,0.0021063000735887564,-0.0019,-0.0003,0.0016,-0.0010599999999999997,0.0013654303350958627,-0.0036,0.0014,0.005,0.001728583234906552,0.0004,-0.0012,-0.0015999999999999999,9.806595,2.1794494717652574e-05,9.8065,9.8066,9.999999999976694e-05,9.806595000024219,9.8066,9.8066,0.0,-11.349,0.2984442996607574,-11.94,-10.81,1.129999999999999,11.35292341205559,-11.56,-10.94,0.620000000000001,-28.470000000000006,0.2917533204609675,-28.94,-27.81,1.1300000000000026,28.47149486767423,-28.81,-28.62,0.18999999999999773,7.0205,0.27323021428824446,6.56,7.56,1.0,7.025814899355091,6.88,6.63,-0.25,197.66649999999998,178.04388619874032,0.22,359.98,359.76,266.02945445006645,358.59,358.57,-0.01999999999998181,-84.988,0.07997499609252715,-85.09,-84.83,0.2600000000000051,84.98803762883338,-85.08,-84.83,0.25,-122.25050000000002,0.6549234688114334,-123.61,-121.38,2.230000000000004,122.25225427369426,-121.41,-123.61,-2.200000000000003,9.875248326326204,0.23917118010234675,9.56983146194331,10.181448444597654,0.6116169826543452,9.878144175906728,9.602587730919202,10.065716528394788,0.46312879747558533,0.019327325168850516,0.007325878910923729,0.007555130707009641,0.03148983963122065,0.02393470892421101,0.020669155764084794,0.022087100307645637,0.025476263462289758,0.003389163154644121,0.1,0.0006324555320322019,0.09900000000000375,0.10099999999999909,0.001999999999995339,0.1000019999800004,0.10000000000000853,0.09900000000000375,-0.0010000000000047748,0.1,2.0,22.053302606026733,-25.459465287761248,90.699
0.37228500000000003,0.10298309703538731,0.215,0.5451,0.33010000000000006,0.38626628056303336,0.215,0.4179,0.2029,-0.28535999999999995,0.17189165599295386,-0.5307,-0.0483,0.48239999999999994,0.3331322124922776,-0.1326,-0.405,-0.27240000000000003,9.865020000000001,0.2446781714824598,9.5472,10.1769,0.6296999999999997,9.868053861223093,10.1209,9.6483,-0.4725999999999999,0.000574999999999995,0.01766581090694678,-0.032,0.0279999999999999,0.0599999999999999,0.017675166194409595,-0.0225,-0.032,-0.009500000000000001,-0.001375,0.010833230127713525,-0.0211,0.0205,0.0416,0.010920141940469455,-0.0049,0.0121,0.017,9.500000000000017e-05,0.0055519793767628495,-0.009,0.0144,0.023399999999999997,0.005552792090471243,-0.009,-0.0048,0.0042,0.0006249999999999999,0.001972276603319119,-0.0034,0.0045,0.007899999999999999,0.002068936925089791,-0.0009,-0.0007,0.00019999999999999998,-0.001045,0.0013829226297953185,-0.0036,0.0014,0.005,0.0017333493589002766,0.0014,0.0007,-0.0007,9.806595,2.1794494717652574e-05,9.8065,9.8066,9.999999999976694e-05,9.806595000024219,9.8066,9.8066,0.0,-11.343,0.2953320165508643,-11.94,-10.81,1.129999999999999,11.346844054625937,-11.25,-11.44,-0.1899999999999995,-28.442,0.2845628225893187,-28.94,-27.81,1.1300000000000026,28.443423492962307,-28.81,-28.25,0.5599999999999987,7.0265,0.2713904014514883,6.56,7.56,1.0,7.0317391163210825,7.25,7.0,-0.25,197.6715,178.04840668410935,0.22,359.98,359.76,266.0361949716617,1.35,358.69,357.34,-84.97549999999998,0.08405206719646914,-85.09,-84.83,0.2600000000000051,84.97554156932453,-85.09,-84.83,0.2600000000000051,-122.35600000000002,0.6804807124379056,-123.61,-121.38,2.230000000000004,122.35789222604319,-121.38,-123.52,-2.1400000000000006,9.878410669225307,0.23594145171136596,9.56983146194331,10.181448444597654,0.6116169826543452,9.881227945883042,10.124051786216821,9.66583458890126,-0.45821719731556065,0.01995028743758253,0.008029977033456336,0.007555130707009641,0.03454634568228599,0.02699121497527635,0.02150568529482378,0.024723672866303663,0.03454634568228599,0.009822672815982328,0.1,0.0006324555320322019,0.09900000000000375,0.10099999999999909,0.001999999999995339,0.1000019999800004,0.09999999999999432,0.10000000000000853,1.4210854715202004e-14,0.1,2.0,22.596231443821694,-26.020204346784993,90.799
0.38065499999999997,0.09645542221669035,0.2513,0.5451,0.2938,0.39268546891882816,0.5287,0.3824,-0.14629999999999993,-0.29052,0.16874876177323495,-0.5307,-0.0483,0.48239999999999994,0.33597323554116626,-0.5307,-0.2358,0.29489999999999994,9.857099999999999,0.23875943960396617,9.5472,10.1769,0.6296999999999997,9.859991200807432,9.6033,9.9625,0.3591999999999995,0.0010649999999999946,0.01714728185456808,-0.032,0.0279999999999999,0.0599999999999999,0.017180323047020964,0.0154,-0.0127,-0.0281,-0.0011750000000000003,0.010803188186827071,-0.0211,0.0205,0.0416,0.010866899281763865,-0.0143,-0.0009,0.0134,-8.499999999999965e-05,0.005891882127130515,-0.0126,0.0144,0.027,0.005892495226981521,-0.003,-0.0126,-0.009600000000000001,0.0007199999999999999,0.0019420607611503819,-0.0034,0.0045,0.007899999999999999,0.002071231517720798,-0.0014,0.001,0.0024000000000000002,-0.0012000000000000001,0.0012692517480783708,-0.0036,0.0007,0.0043,0.0017467111953611563,-0.0001,-0.0017,-0.0015999999999999999,9.806595,2.1794494717652574e-05,9.8065,9.8066,9.999999999976694e-05,9.806595000024219,9.8066,9.8066,0.0,-11.383500000000002,0.3329455661215509,-12.06,-10.81,1.25,11.388367969116556,-11.94,-12.06,-0.120000000000001,-28.432499999999997,0.27513405823343673,-28.94,-27.81,1.1300000000000026,28.433831169928546,-28.31,-28.62,-0.3100000000000023,6.979499999999999,0.30759510724327205,6.31,7.56,1.25,6.986274758410236,7.44,6.31,-1.1300000000000008,215.1555,175.05536202798817,0.22,359.98,359.76,277.3738793668214,358.59,351.03,-7.560000000000002,-84.96199999999999,0.08623224454923926,-85.08,-84.82,0.2600000000000051,84.96204376072882,-85.08,-84.82,0.2600000000000051,-122.47500000000002,0.7069830266703718,-123.76,-121.42,2.3400000000000034,122.4770405014752,-121.42,-123.76,-2.3400000000000034,9.870839300482329,0.23029953658986954,9.56983146194331,10.181448444597654,0.6116169826543452,9.873525529034701,9.632473050572216,9.972624411357323,0.3401513607851072,0.01960973206537094,0.00796447790657759,0.007555130707009641,0.03454634568228599,0.02699121497527635,0.02116540809906579,0.02122851855405836,0.017912565422071734,-0.0033159531319866264,0.1,0.0006324555320322019,0.09900000000000375,0.10099999999999909,0.001999999999995339,0.1000019999800004,0.10000000000000853,0.09999999999999432,-1.4210854715202004e-14,0.1,2.0,23.139477542720243,-26.594531989287105,90.899
0.38072,0.09655555188594803,0.2513,0.5451,0.2938,0.39277308079857004,0.2513,0.53,0.2787,-0.28578000000000003,0.1631751286195295,-0.5086,-0.0483,0.46030000000000004,0.32908407892208946,-0.0755,-0.4359,-0.3604,9.855535,0.24051403134744553,9.5472,10.1769,0.6296999999999997,9.858469309963894,10.1327,9.572,-0.5607000000000006,0.0011749999999999948,0.01724566249814717,-0.032,0.0279999999999999,0.0599999999999999,0.017285644332798236,-0.002,0.0176,0.0196,-0.0014700000000000002,0.01122969723545564,-0.0211,0.0205,0.0416,0.01132550219637081,0.0086,-0.0202,-0.0288,0.0001250000000000001,0.005858999487967208,-0.0126,0.0144,0.027,0.005860332755057515,-0.002,0.0012,0.0031999999999999997,0.0008350000000000001,0.0018802326983647529,-0.0034,0.0045,0.007899999999999999,0.0020573040611440983,0.0004,0.0009,0.0005,-0.0012850000000000001,0.001249509903922334,-0.0036,0.0007,0.0043,0.0017923448328934922,0.0006,-0.0018,-0.0024,9.806595,2.1794494717652574e-05,9.8065,9.8066,9.999999999976694e-05,9.806595000024219,9.8066,9.8066,0.0,-11.370999999999999,0.3160838496348714,-12.06,-10.81,1.25,11.375392300927471,-11.69,-11.69,0.0,-28.432499999999997,0.27513405823343673,-28.94,-27.81,1.1300000000000026,28.433831169928542,-27.81,-28.31,-0.5,6.9515,0.28934883791022903,6.31,7.56,1.25,6.957519313663456,7.38,6.88,-0.5,214.99300000000002,174.92359841084908,0.22,359.98,359.76,277.1646718649402,358.49,355.34,-3.150000000000034,-84.94699999999999,0.09039358384310127,-85.08,-84.78,0.29999999999999716,84.94704809468072,-85.07,-84.78,0.28999999999999204,-122.60600000000002,0.7412651347527419,-124.04,-121.5,2.5400000000000063,122.60824079155529,-121.5,-124.04,-2.5400000000000063,9.86904398395004,0.2322821610875144,9.56983146194331,10.181448444597654,0.6116169826543452,9.871777153051013,10.136096942610601,9.596566719926454,-0.5395302226841476,0.01988923864901973,0.008113087326187212,0.007555130707009641,0.03454634568228599,0.02699121497527635,0.021480316571223984,0.009053176238205021,0.026818650227034172,0.01776547398882915,0.10004999999999953,0.0006689544080115563,0.09900000000000375,0.10099999999999909,0.001999999999995339,0.10005223635681465,0.09999999999999432,0.10099999999999909,0.0010000000000047748,0.10004999999999953,2.0009999999999906,23.692598214947026,-27.175574801504553,91.0
0.386045,0.09210542044309879,0.259,0.5451,0.2861,0.396880524213522,0.5145,0.3578,-0.15669999999999995,-0.287065,0.16160778531679718,-0.5086,-0.0483,0.46030000000000004,0.3294288853455325,-0.474,-0.1012,0.37279999999999996,9.85115,0.23618128312802444,9.5472,10.1769,0.6296999999999997,9.853980815944386,9.6152,10.045,0.4298000000000002,0.0017899999999999952,0.01734052767363207,-0.032,0.0279999999999999,0.0599999999999999,0.0174326704781568,-0.0073,0.0103,0.0176,-0.0012100000000000004,0.011516375297809635,-0.0211,0.0205,0.0416,0.011579766837030873,-0.0086,0.0138,0.0224,0.00016500000000000022,0.005847074054602011,-0.0126,0.0144,0.027,0.005849401678804423,-0.0015,-0.0012,0.00030000000000000014,0.0008100000000000002,0.0018891532494744838,-0.0034,0.0045,0.007899999999999999,0.0020554804791094463,0.0003,-0.0001,-0.00039999999999999996,-0.001325,0.0012003645279664006,-0.0036,0.0007,0.0043,0.001787875834614921,0.0001,-0.0002,-0.00030000000000000003,9.806595,2.1794494717652574e-05,9.8065,9.8066,9.999999999976694e-05,9.806595000024219,9.8066,9.8066,0.0,-11.370999999999999,0.3160838496348714,-12.06,-10.81,1.25,11.375392300927471,-11.69,-11.69,0.0,-28.460499999999996,0.23608208318294727,-28.94,-28.12,0.8200000000000003,28.461479142869578,-28.87,-28.37,0.5,6.9325,0.2725779704965168,6.31,7.56,1.25,6.937856657498769,7.56,7.0,-0.5599999999999996,214.823,174.785655592786,0.22,359.98,359.76,276.9457469072237,2.53,355.09,352.56,-84.9315,0.09446030912504871,-85.08,-84.76,0.3199999999999932,84.93155252908075,-85.08,-84.76,0.3199999999999932,-122.74300000000001,0.7765571453537722,-124.24,-121.61,2.6299999999999955,122.74545649432406,-121.61,-124.24,-2.6299999999999955,9.864833126238405,0.22812902811652314,9.56983146194331,10.181448444597654,0.6116169826543452,9.867470570617375,9.640614985051524,10.051879788377894,0.41126480332636994,0.0202996702147641,0.007754217508673515,0.007555130707009641,0.03454634568228599,0.02699121497527635,0.02173026691046384,0.011379806676741043,0.017261807553092465,0.005882000876351422,0.1,0.0007071067811848996,0.09900000000000375,0.10099999999999909,0.001999999999995339,0.10000249996875078,0.10099999999999909,0.09900000000000375,-0.001999999999995339,0.1,2.0,24.233741358500197,-27.747521541181328,91.099
0.38004000000000004,0.08732585184239545,0.259,0.5451,0.2861,0.38994384980404545,0.259,0.3944,0.13539999999999996,-0.27734000000000003,0.15581440048981351,-0.5086,-0.0483,0.46030000000000004,0.31811256341112965,-0.0779,-0.2795,-0.20160000000000003,9.853035,0.23443459274390374,9.5472,10.1769,0.6296999999999997,9.855823572360658,10.1547,9.6529,-0.5017999999999994,0.0016199999999999951,0.01744515978717305,-0.032,0.0279999999999999,0.0599999999999999,0.017520216893634612,0.0147,-0.0107,-0.0254,-0.00101,0.011420634833493277,-0.0211,0.0205,0.0416,0.011465208240585953,-0.0122,-0.0046,0.007600000000000001,0.0003100000000000001,0.0058399400681856325,-0.0126,0.0144,0.027,0.0058481621044564076,-0.0009,0.0014,0.0023,0.0007350000000000001,0.0019370789865155217,-0.0034,0.0045,0.007899999999999999,0.002071834935510066,0.0011,-0.0012,-0.0023,-0.0013149999999999998,0.001212961252472642,-0.0036,0.0007,0.0043,0.0017889941307897017,-0.0014,0.0003,0.0017,9.806595,2.1794494717652574e-05,9.8065,9.8066,9.999999999976694e-05,9.806595000024219,9.8066,9.8066,0.0,-11.3365,0.31703745835468716,-12.06,-10.81,1.25,11.340932280901779,-11.12,-11.0,0.11999999999999922,-28.451500000000003,0.2233892342974478,-28.94,-28.12,0.8200000000000003,28.452376965729947,-28.44,-28.69,-0.25,6.907500000000001,0.23409132833148688,6.31,7.31,1.0,6.911465474123415,6.69,7.06,0.3699999999999992,232.58450000000002,170.30175549520914,0.22,359.98,359.76,288.26764918214457,0.77,357.76,356.99,-84.9155,0.09505130193742588,-85.05,-84.76,0.28999999999999204,84.91555319845712,-85.05,-84.76,0.28999999999999204,-122.875,0.7968594606328016,-124.25,-121.79,2.4599999999999937,122.87758383855048,-121.85,-124.25,-2.4000000000000057,9.866052183038558,0.226989911802451,9.56983146194331,10.181448444597654,0.6116169826543452,9.868663035006312,10.158301112883,9.664996121054577,-0.493304991828424,0.020317216324807565,0.0077343856130253,0.007555130707009641,0.03454634568228599,0.02699121497527635,0.021739595212422875,0.019124330053625408,0.011730728877610291,-0.007393601176015117,0.1,0.0007071067811848996,0.09900000000000375,0.10099999999999909,0.001999999999995339,0.10000249996875078,0.09999999999999432,0.10099999999999909,0.0010000000000047748,0.1,2.0,24.788661971894697,-28.331444667356976,91.2
0.383865,0.08353340813710405,0.2629,0.5451,0.2822,0.392848785794229,0.4117,0.3355,-0.07619999999999999,-0.28111,0.1518038039707833,-0.5086,-0.0483,0.46030000000000004,0.31947961906825917,-0.4847,-0.1533,0.33140000000000003,9.851319999999998,0.23233757896646856,9.5472,10.1769,0.6296999999999997,9.854059391590859,9.5832,10.1204,0.5372000000000003,0.00030999999999999485,0.01739741072688691,-0.032,0.0279999999999999,0.0599999999999999,0.017400172412938893,0.009,-0.0115,-0.020499999999999997,-0.0006750000000000001,0.01118328551902347,-0.0211,0.0205,0.0416,0.011203637802071254,0.0067,-0.0055,-0.012199999999999999,-0.00013499999999999978,0.0062405348328488635,-0.0126,0.0144,0.027,0.0062419948734358955,0.005,-0.0098,-0.0148,0.0007650000000000001,0.0019471196676116237,-0.0034,0.0045,0.007899999999999999,0.002092008604188807,-0.0001,0.0017,0.0018,-0.0013249999999999998,0.0012144443173731762,-0.0036,0.0007,0.0043,0.0017973591738993072,-0.0004,-0.0016,-0.0012000000000000001,9.806595,2.1794494717652574e-05,9.8065,9.8066,9.999999999976694e-05,9.806595000024219,9.8066,9.8066,0.0,-11.321,0.33434862045475816,-12.06,-10.81,1.25,11.325936164397184,-11.19,-10.81,0.379999999999999,-28.417,0.2707600413650435,-28.94,-27.75,1.1900000000000013,28.41828988521301,-28.81,-27.75,1.0599999999999987,6.9384999999999994,0.24407529575932094,6.31,7.31,1.0,6.942791585522354,7.31,7.31,0.0,250.41150000000002,163.63315798685178,0.22,359.98,359.76,299.1349690775052,0.74,357.31,356.57,-84.8995,0.09795279475338965,-85.05,-84.73,0.3199999999999932,84.89955650649773,-85.05,-84.73,0.3199999999999932,-123.0135,0.84588577834126,-124.62,-121.79,2.8299999999999983,123.0164082754817,-121.88,-124.62,-2.740000000000009,9.864493121977272,0.2250762869853271,9.56983146194331,10.181448444597654,0.6116169826543452,9.867060549550713,9.604277860411994,10.127119891657252,0.5228420312452577,0.02016495877630244,0.007786169632754157,0.007555130707009641,0.03454634568228599,0.02699121497527635,0.02161596632121728,0.012283729075488437,0.01607917908352289,0.003795450008034452,0.1,0.0007071067811848995,0.09900000000000375,0.10099999999999909,0.001999999999995339,0.10000249996875078,0.09900000000000375,0.09999999999999432,0.000999999999990564,0.1,2.0,25.337088868970113,-28.912987452275445,91.3
0.37466499999999997,0.08985447276012475,0.2277,0.5451,0.3174,0.38528909730227245,0.2829,0.2277,-0.05519999999999997,-0.26451,0.14669985310149428,-0.5086,-0.0483,0.46030000000000004,0.30246716681319313,-0.1121,-0.1527,-0.0406,9.871875,0.22580077474402077,9.5472,10.1769,0.6296999999999997,9.874457048643231,10.1769,9.9943,-0.18259999999999899,0.0013949999999999952,0.018544392009445868,-0.032,0.0307,0.0627,0.018596787356960333,-0.0191,0.0307,0.0498,-0.0014250000000000003,0.01116650683965223,-0.0211,0.0205,0.0416,0.011257064448602931,0.0052,-0.0083,-0.0135,0.0001250000000000001,0.006549723276597264,-0.0126,0.0144,0.027,0.006550915966488962,-0.0003,0.0102,0.0105,0.0007850000000000003,0.0019401739612725452,-0.0034,0.0045,0.007899999999999999,0.002092964404857378,0.0017,0.0003,-0.0014,-0.001365,0.001196359059814402,-0.0036,0.0007,0.0043,0.001815075755994774,-0.0012,-0.0012,0.0,9.806595,2.1794494717652574e-05,9.8065,9.8066,9.999999999976694e-05,9.806595000024219,9.8066,9.8066,0.0,-11.339500000000001,0.336815602370199,-12.06,-10.81,1.25,11.344501090836918,-10.81,-11.56,-0.75,-28.411,0.26320904239786325,-28.94,-27.75,1.1900000000000013,28.412219202308012,-28.25,-28.69,-0.4400000000000013,6.9385,0.24407529575932096,6.31,7.31,1.0,6.942791585522354,7.13,7.31,0.17999999999999972,268.0955,154.55478654752173,0.22,359.98,359.76,309.45497114281426,0.84,354.42,353.58000000000004,-84.88250000000001,0.09984362773857854,-85.05,-84.71,0.3400000000000034,84.88255872085855,-85.05,-84.71,0.3400000000000034,-123.15649999999998,0.8831040425680303,-124.74,-121.79,2.9499999999999886,123.15966614521167,-121.79,-124.74,-2.9499999999999886,9.884182212219425,0.21858196779497205,9.56983146194331,10.181448444597654,0.6116169826543452,9.88659881258464,10.181448444597654,9.998059665255056,-0.18338877934259834,0.021220667528820916,0.008072160158919383,0.007555130707009641,0.03454634568228599,0.02699121497527635,0.022704107557884757,0.01979747458642137,0.03339790412585796,0.013600429539436593,0.10005000000000024,0.0006689544080115031,0.09900000000000375,0.10099999999999909,0.001999999999995339,0.10005223635681536,0.10000000000000853,0.10000000000000853,0.0,0.10005000000000024,2.0010000000000048,25.88524693713086,-29.49692117299827,91.4
0.384625,0.09017038247118617,0.2277,0.5451,0.3174,0.39505327298985893,0.5069,0.4821,-0.024800000000000044,-0.27685,0.143710140560783,-0.5086,-0.0483,0.46030000000000004,0.3119271180901077,-0.4976,-0.3589,0.1387,9.84869,0.2169223845065327,9.5472,10.1618,0.6145999999999994,9.851078623023978,9.5585,9.7132,0.15470000000000006,0.002804999999999995,0.01799645729025576,-0.032,0.0307,0.0627,0.018213744809895623,0.0166,0.0091,-0.0075,-0.00138,0.011194891692196044,-0.0211,0.0205,0.0416,0.01127962765342899,-0.0123,0.0061,0.0184,0.0004950000000000002,0.006722014207066212,-0.0126,0.0144,0.027,0.006740215130097852,-0.0055,0.0071,0.0126,0.00073,0.0019290152928372547,-0.0034,0.0045,0.007899999999999999,0.0020625227271475095,0.0034,0.0006,-0.0028,-0.001275,0.0012707773211699995,-0.0036,0.0007,0.0043,0.0018001388835309346,-0.0035,0.0006,0.0041,9.806595,2.1794494717652574e-05,9.8065,9.8066,9.999999999976694e-05,9.806595000024219,9.8065,9.8066,9.999999999976694e-05,-11.374,0.3154742461755,-12.06,-10.81,1.25,11.378374224817884,-11.19,-11.5,-0.3100000000000005,-28.448500000000003,0.2896942353585934,-29.0,-27.75,1.25,28.449974956052245,-28.62,-29.0,-0.379999999999999,6.9415000000000004,0.24676456390657073,6.31,7.31,1.0,6.945884752859063,7.0,7.19,0.1900000000000004,285.908,142.80974345611017,0.22,359.98,359.76,319.5903742136174,0.37,357.09,356.71999999999997,-84.86550000000001,0.09881674959236418,-85.02,-84.71,0.3100000000000023,84.86555753072031,-85.02,-84.71,0.3100000000000023,-123.30549999999998,0.8913331307653708,-124.77,-122.15,2.6199999999999903,123.30872152852774,-122.17,-124.77,-2.5999999999999943,9.86169864071467,0.20979888518877182,9.56983146194331,10.16595882147867,0.5961273595353607,9.863930030799082,9.58485657795671,9.731777014502542,0.1469204365458321,0.02088353800667445,0.008263101132370556,0.007555130707009641,0.03454634568228599,0.02699121497527635,0.022458873524734038,0.02137989709984592,0.013054884143492044,-0.008325012956353878,0.09999999999999928,0.0007071067811859044,0.09899999999998954,0.10099999999999909,0.0020000000000095497,0.10000249996875006,0.09999999999999432,0.09899999999998954,-0.0010000000000047748,0.09999999999999928,1.9999999999999858,26.430822503165018,-30.07642195480028,91.499
0.374755,0.08699373813671878,0.2277,0.5451,0.3174,0.38471966482102266,0.3989999999999999,0.3095,-0.08949999999999991,-0.25449,0.14240817006056922,-0.5086,-0.0483,0.46030000000000004,0.29162518238314056,-0.2679,-0.0504,0.21750000000000003,9.87518,0.21216440936217373,9.5472,10.1618,0.6145999999999994,9.877458872048013,9.9618,10.0883,0.12650000000000006,0.0007049999999999949,0.018700895032056613,-0.032,0.0307,0.0627,0.01871417911638124,0.0279999999999999,-0.0254,-0.0533999999999999,-0.000355,0.01108609376651668,-0.0211,0.0205,0.0416,0.011091776232867303,0.0005,0.0082,0.0077,0.0004100000000000001,0.006807488523677436,-0.0126,0.0144,0.027,0.0068198240446510055,0.0144,-0.0072,-0.0216,0.00064,0.0018423897524682447,-0.0034,0.0045,0.007899999999999999,0.0019503845774615834,-0.001,0.0016,0.0026,-0.0011500000000000002,0.0011642594212631478,-0.0036,0.0007,0.0043,0.001636459593146131,-0.002,-0.001,0.001,9.8066,0.0,9.8066,9.8066,0.0,9.8066,9.8066,9.8066,0.0,-11.367500000000001,0.3204976598978532,-12.06,-10.81,1.25,11.372017191334175,-11.25,-11.06,0.1899999999999995,-28.43,0.28996551519103114,-29.0,-27.75,1.25,28.431478681208265,-28.94,-28.25,0.6900000000000013,6.957000000000001,0.2593665360064787,6.31,7.31,1.0,6.961833091937784,6.81,7.31,0.5,303.736,127.4848775110209,0.22,359.98,359.76,329.40545182191505,0.22,356.93,356.71,-84.85000000000001,0.09767292357659911,-85.0,-84.71,0.29000000000000625,84.85005621683464,-85.0,-84.71,0.29000000000000625,-123.44299999999998,0.9172954812926956,-124.92,-122.15,2.769999999999996,123.44640812919589,-122.29,-124.92,-2.6299999999999955,9.88711442736798,0.20546663143182078,9.56983146194331,10.16595882147867,0.5961273595353607,9.889249123998242,9.973386117563082,10.093172311022933,0.11978619345985031,0.021196787703127377,0.008393699486433138,0.007555130707009641,0.03454634568228599,0.02699121497527635,0.02279820168346617,0.03148983963122065,0.02764489102890442,-0.0038449486023162324,0.1,0.0007071067811859044,0.09899999999998954,0.10099999999999909,0.0020000000000095497,0.10000249996875078,0.10099999999999909,0.10000000000000853,-0.000999999999990564,0.1,2.0,26.973562080112487,-30.66428554991859,91.599
0.37373500000000004,0.08682291330633866,0.2277,0.5451,0.3174,0.3836874620052107,0.3654,0.3786,0.01319999999999999,-0.263915,0.1490659158728111,-0.5086,-0.0483,0.46030000000000004,0.30310357058273,-0.4073,-0.4564,-0.04909999999999998,9.855915,0.22074404244509077,9.5472,10.1618,0.6145999999999994,9.858386704704781,9.6778,9.5765,-0.10130000000000017,-0.0011899999999999997,0.01773428600197933,-0.032,0.0307,0.0627,0.017774166647131447,-0.0288,-0.0099,0.0189,-0.0012050000000000001,0.011626498828108142,-0.0211,0.0205,0.0416,0.011688776668240352,0.0117,-0.0165,-0.028200000000000003,-0.0007199999999999997,0.006243844969247714,-0.0126,0.0122,0.024800000000000003,0.006285220759846069,-0.0036,-0.0082,-0.004600000000000001,0.0008399999999999999,0.0018704010265181102,-0.0034,0.0045,0.007899999999999999,0.0020503658210182887,0.0001,0.003,0.0029000000000000002,-0.00106,0.0011646458689232534,-0.0036,0.0007,0.0043,0.001574801574802362,-0.0002,-0.0002,0.0,9.8066,0.0,9.8066,9.8066,0.0,9.8066,9.8066,9.8066,0.0,-11.3925,0.3297252644247935,-12.06,-10.81,1.25,11.397270506573054,-11.5,-11.75,-0.25,-28.426500000000004,0.28415268782821695,-29.0,-27.75,1.25,28.427920166624922,-28.69,-28.87,-0.17999999999999972,6.947999999999999,0.26731255114565794,6.31,7.31,1.0,6.95314029773598,7.13,6.63,-0.5,321.425,107.05007540866097,0.28,359.98,359.70000000000005,338.7827464172283,0.4,354.0,353.6,-84.83500000000001,0.09651424765287316,-84.99,-84.7,0.28999999999999204,84.83505490067182,-84.99,-84.7,0.28999999999999204,-123.58250000000001,0.9431271123236773,-125.08,-122.15,2.9299999999999926,123.58609871259793,-122.15,-125.08,-2.9299999999999926,9.868187216708705,0.21390960354061206,9.56983146194331,10.16595882147867,0.5961273595353607,9.870505370167225,9.693256588474277,9.59484190437758,-0.09841468409669751,0.020668120754733937,0.008054891958787303,0.007555130707009641,0.03454634568228599,0.02699121497527635,0.022182256422645555,0.03129360957128467,0.020916500663351892,-0.01037710890793278,0.09994999999999976,0.000668954408012353,0.09899999999998954,0.10099999999999909,0.0020000000000095497,0.09995223859424035,0.09999999999999432,0.09999999999999432,0.0,0.09994999999999976,1.9989999999999952,27.527541938655247,-31.253373888577244,91.699
0.372,0.08731743812091604,0.2277,0.5451,0.3174,0.38211037018118205,0.3478,0.3307,-0.017100000000000004,-0.24861000000000005,0.14927240166889524,-0.5086,-0.0483,0.46030000000000004,0.28998134767601863,-0.2758,-0.1012,0.17459999999999998,9.877325,0.2231824855919479,9.5472,10.1618,0.6145999999999994,9.879846131266417,9.9997,10.106,0.10629999999999917,0.0010850000000000002,0.016947456298807794,-0.032,0.0307,0.0627,0.016982152395971485,-0.009,0.0167,0.0257,-0.0023799999999999997,0.011449043628181351,-0.0211,0.0205,0.0416,0.011693801777009905,-0.005,-0.0118,-0.0068,-0.00019999999999999987,0.006413111569277429,-0.0126,0.0122,0.024800000000000003,0.006416229422332091,-0.0058,0.0068,0.0126,0.000795,0.001898282118126808,-0.0034,0.0045,0.007899999999999999,0.0020580330415229,0.0011,-0.0008,-0.0019000000000000002,-0.0010700000000000002,0.0011580587204455567,-0.0036,0.0007,0.0043,0.0015767054258801802,-0.003,-0.0004,0.0026,9.8066,0.0,9.8066,9.8066,0.0,9.8066,9.8066,9.8066,0.0,-11.398500000000002,0.3327051998391368,-12.06,-10.81,1.25,11.403354550306677,-11.0,-11.62,-0.6199999999999992,-28.439000000000004,0.30049792012591386,-29.0,-27.75,1.25,28.440587546673505,-28.37,-28.94,-0.5700000000000003,6.9385,0.26403172157905574,6.31,7.31,1.0,6.943521800930706,6.75,6.94,0.1900000000000004,339.0885,77.76151929296392,0.28,359.98,359.70000000000005,347.8905930245887,0.28,353.67,353.39000000000004,-84.81950000000002,0.09526148224754918,-84.99,-84.68,0.30999999999998806,84.8195534944626,-84.99,-84.68,0.30999999999998806,-123.742,0.9570193310482289,-125.34,-122.24,3.1000000000000085,123.74570073339923,-122.24,-125.34,-3.1000000000000085,9.88912017427792,0.21623892616599813,9.56983146194331,10.16595882147867,0.5961273595353607,9.89148406936492,10.009546971266982,10.111915739858595,0.1023687685916137,0.020180902572493803,0.0076835975531981855,0.007555130707009641,0.03454634568228599,0.02699121497527635,0.021594131147142735,0.011816936997377958,0.021549245926481976,0.009732308929104018,0.1,0.0007071067811859044,0.09899999999998954,0.10099999999999909,0.0020000000000095497,0.10000249996875078,0.10000000000000853,0.10099999999999909,0.000999999999990564,0.1,2.0,28.08556009689758,-31.85128404083531,91.8
0.37568499999999994,0.08777235484479154,0.2277,0.5451,0.3174,0.38580202889565,0.3072,0.4215,0.11430000000000001,-0.252435,0.15089146852953617,-0.5086,-0.0483,0.46030000000000004,0.29409465228052,-0.2012,-0.3523,-0.1511,9.85851,0.22788490713515897,9.5472,10.1618,0.6145999999999994,9.861143491046056,9.876,9.6234,-0.25259999999999927,0.0012600000000000003,0.016860260970696747,-0.032,0.0307,0.0627,0.016907276539998985,0.0174,-0.0055,-0.022899999999999997,-0.002045,0.011465490613139936,-0.0211,0.0205,0.0416,0.011646437223460229,-0.0057,0.0017,0.0074,0.0004900000000000002,0.00651505180332436,-0.0126,0.0122,0.024800000000000003,0.006533452379867783,0.0037,0.008,0.0043,0.0006999999999999999,0.0019279522815671554,-0.0034,0.0045,0.007899999999999999,0.002051097267318154,0.0013,-0.0008,-0.0021,-0.000845,0.001197695704258807,-0.0036,0.0015,0.0051,0.0014657762448614044,-0.0019,0.0015,0.0034000000000000002,9.8066,0.0,9.8066,9.8066,0.0,9.8066,9.8066,9.8066,0.0,-11.411,0.322023291083114,-12.06,-10.81,1.25,11.41554291306375,-11.37,-11.25,0.11999999999999922,-28.448500000000003,0.30116897250546926,-29.0,-27.75,1.25,28.450094112322372,-28.37,-28.56,-0.18999999999999773,6.982499999999999,0.2998478780982117,6.31,7.63,1.3200000000000003,6.9889351835597955,7.13,7.63,0.5,339.107,77.68091445779974,0.65,359.98,359.33000000000004,347.8906177521895,359.98,0.65,-359.33000000000004,-84.80300000000001,0.09284934033153007,-84.95,-84.66,0.29000000000000625,84.80305082955448,-84.95,-84.66,0.29000000000000625,-123.90550000000003,0.9657353415920945,-125.51,-122.43,3.0799999999999983,123.90926347533505,-122.48,-125.51,-3.030000000000001,9.870596156183405,0.22094646984597271,9.56983146194331,10.16595882147867,0.5961273595353607,9.873068713475057,9.882824964553404,9.639066609376657,-0.24375835517674638,0.02008285385573825,0.007801312774723197,0.007555130707009641,0.03454634568228599,0.02699121497527635,0.02154487177961382,0.018679935760060846,0.009855962662266939,-0.008823973097793907,0.09994999999999976,0.0007399324293465528,0.09899999999998954,0.10099999999999909,0.0020000000000095497,0.09995273883190972,0.09900000000000375,0.09900000000000375,0.0,0.09994999999999976,1.9989999999999952,28.64272198826842,-32.437867596813305,91.899
0.38143499999999997,0.08685963547586416,0.2277,0.5451,0.3174,0.3911997641870455,0.2629,0.4222,0.1593,-0.264445,0.1558144167752137,-0.5086,-0.0483,0.46030000000000004,0.30693531973365334,-0.0483,-0.4414,-0.3931,9.85376,0.22846020091035552,9.5472,10.1618,0.6145999999999994,9.8564080780475,10.1047,9.781,-0.32369999999999877,-0.00063,0.017062505677654733,-0.032,0.0307,0.0627,0.0170741324816226,-0.0205,-0.0204,9.99999999999994e-05,-0.0015349999999999997,0.011518301741142224,-0.0211,0.0205,0.0416,0.011620133389940066,0.0205,0.0045,-0.016,-0.00012999999999999996,0.006765286394529059,-0.0126,0.0122,0.024800000000000003,0.0067665353025015695,0.0014,-0.0087,-0.0101,0.0005099999999999999,0.002043257203584512,-0.0034,0.0045,0.007899999999999999,0.0021059439688652687,-0.0034,-0.0025,0.0008999999999999998,-0.0006049999999999999,0.0014221374757737032,-0.0036,0.0029,0.0065,0.001545477272560163,-0.0006,0.0029,0.0034999999999999996,9.8066,0.0,9.8066,9.8066,0.0,9.8066,9.8066,9.8066,0.0,-11.408000000000001,0.3226701101744628,-12.06,-10.81,1.25,11.412562376609383,-11.87,-11.31,0.5599999999999987,-28.464500000000005,0.3050487665931468,-29.0,-27.75,1.25,28.4661345285938,-28.5,-28.69,-0.19000000000000128,6.997999999999999,0.3147157447602519,6.31,7.63,1.3200000000000003,7.005073161645066,6.56,7.44,0.8800000000000008,338.91749999999996,77.63437317805818,0.65,359.45,358.8,347.69551004434896,357.28,356.19,-1.089999999999975,-84.78950000000002,0.09008190717341745,-84.95,-84.66,0.29000000000000625,84.78954785231491,-84.95,-84.68,0.269999999999996,-124.05550000000002,0.9656576774406138,-125.51,-122.43,3.0799999999999983,124.05925832036883,-122.49,-125.48,-2.990000000000009,9.866457580907626,0.22145327080538893,9.56983146194331,10.16595882147867,0.5961273595353607,9.868942534385335,10.108234830572545,9.800053459037864,-0.3081813715346815,0.020280338397673976,0.007813281927322903,0.007555130707009641,0.03454634568228599,0.02699121497527635,0.02173337295497411,0.029025161498258713,0.02262962659877533,-0.0063955348994833815,0.10004999999999953,0.0007399324293467929,0.09899999999998954,0.10099999999999909,0.0020000000000095497,0.1000527360945212,0.09999999999999432,0.10099999999999909,0.0010000000000047748,0.10004999999999953,2.0009999999999906,29.200811828886003,-33.03894148324744,92.0
0.382625,0.08537791795891957,0.2277,0.5451,0.3174,0.3920347937364744,0.5451,0.2867,-0.2584,-0.274795,0.1477811167740994,-0.5086,-0.0504,0.45820000000000005,0.3120120999256279,-0.366,-0.2553,0.11069999999999997,9.840855000000001,0.22109170829092628,9.5472,10.1618,0.6145999999999994,9.843338289142562,9.6441,9.8466,0.20250000000000057,0.0012050000000000006,0.016798317624095577,-0.032,0.0307,0.0627,0.016841481526279095,0.0012,0.0162,0.015,-0.00352,0.010957034270275876,-0.0211,0.0138,0.0349,0.01150856203007135,-0.0096,-0.0192,-0.0096,-0.0003299999999999996,0.006776215758076184,-0.0126,0.0122,0.024800000000000003,0.006784246457787335,-0.0006,-0.0026,-0.002,0.0008900000000000002,0.0019866806487203723,-0.0025,0.0045,0.006999999999999999,0.002176924435987616,-0.0007,0.0042,0.0049,-0.0007150000000000001,0.0015004249398087195,-0.0036,0.0029,0.0065,0.0016620770138594662,-0.0002,-0.0028,-0.0026,9.8066,0.0,9.8066,9.8066,0.0,9.8066,9.8066,9.8066,0.0,-11.364500000000001,0.31602966632896984,-12.06,-10.81,1.25,11.368893305858753,-11.56,-11.0,0.5600000000000005,-28.464500000000005,0.3050487665931468,-29.0,-27.75,1.25,28.466134528593795,-28.44,-28.5,-0.05999999999999872,7.016999999999999,0.29876579456155955,6.31,7.63,1.3200000000000003,7.023357459221337,6.88,6.94,0.0600000000000005,338.854,77.61984587719819,0.65,359.45,358.8,347.6303694874773,357.35,356.01,-1.3400000000000318,-84.77450000000002,0.08703303970332248,-84.93,-84.65,0.28000000000000114,84.77454467586364,-84.93,-84.65,0.28000000000000114,-124.21300000000001,0.9542960756494806,-125.64,-122.43,3.2099999999999937,124.2166657498099,-122.43,-125.64,-3.2099999999999937,9.853749874627344,0.21439429279163427,9.56983146194331,10.16595882147867,0.5961273595353607,9.85608195504177,9.666424096841602,9.854080704966853,0.1876566081252502,0.020091855045346187,0.007643681105121865,0.007555130707009641,0.03454634568228599,0.02699121497527635,0.021496709050457002,0.009693296652842107,0.025255494451702977,0.01556219779886087,0.1,0.0007745966692405955,0.09899999999998954,0.10099999999999909,0.0020000000000095497,0.10000299995500136,0.10099999999999909,0.09900000000000375,-0.001999999999995339,0.1,2.0,29.75583182832827,-33.62997481864866,92.099
0.37324,0.07689746029616323,0.2277,0.53,0.3023,0.3810791479469849,0.3256,0.3574,0.031799999999999995,-0.27340499999999995,0.1470456339882283,-0.5086,-0.0504,0.45820000000000005,0.3104395472551782,-0.1055,-0.3382,-0.23270000000000002,9.850950000000001,0.2164378236353342,9.5472,10.1618,0.6145999999999994,9.853327419405081,10.092,9.846,-0.24600000000000044,0.0018850000000000002,0.017057616334060277,-0.032,0.0307,0.0627,0.017161453901112227,0.0171,0.0148,-0.0023,-0.0024199999999999994,0.011387299943357953,-0.0211,0.0138,0.0349,0.011641606418359969,-0.0211,0.0124,0.0335,-0.0001899999999999998,0.00679808061146674,-0.0126,0.0122,0.024800000000000003,0.006800735254367722,0.0021,0.0022,0.00010000000000000026,0.001015,0.001961192239429883,-0.0025,0.0045,0.006999999999999999,0.002208279873566754,0.0045,0.0018,-0.0026999999999999997,-0.0008,0.0015169047432189008,-0.0036,0.0029,0.0065,0.0017149344010777788,-0.0026,-0.0019,0.0006999999999999999,9.8066,0.0,9.8066,9.8066,0.0,9.8066,9.8066,9.8066,0.0,-11.355,0.31284980421921316,-12.06,-10.81,1.25,11.359308957854784,-11.12,-11.37,-0.25,-28.48,0.31122339243700836,-29.0,-27.75,1.25,28.481700440809355,-28.31,-28.75,-0.4400000000000013,7.0605,0.3365928549449617,6.31,7.75,1.4400000000000004,7.068518585955617,7.06,7.75,0.6900000000000004,320.9905,106.89724923846263,0.08,359.45,359.37,338.322217693429,359.4,0.08,-359.32,-84.7585,0.08638720970143692,-84.9,-84.61,0.29000000000000625,84.75854402359683,-84.9,-84.61,0.29000000000000625,-124.3895,0.934438200203737,-125.96,-122.92,3.039999999999992,124.39300979154739,-122.95,-125.96,-3.009999999999991,9.863343038616199,0.21004610465650722,9.56983146194331,10.16595882147867,0.5961273595353607,9.865579317176463,10.097802216819263,9.85828737661872,-0.2395148402005436,0.020578838297146178,0.007266630191492459,0.007555130707009641,0.03454634568228599,0.02699121497527635,0.021824126557550935,0.027240227605510203,0.019432961688841975,-0.007807265916668228,0.09994999999999976,0.0007399324293465528,0.09899999999998954,0.10099999999999909,0.0020000000000095497,0.09995273883190972,0.09900000000000375,0.09999999999999432,0.000999999999990564,0.09994999999999976,1.9989999999999952,30.318606985271572,-34.22926892574611,92.199
0.37102999999999997,0.07884533023584846,0.2277,0.53,0.3023,0.37931497070376746,0.4171,0.2814,-0.13570000000000004,-0.27057499999999995,0.15074790172669073,-0.5086,-0.0489,0.45970000000000005,0.3097349843010957,-0.5086,-0.0489,0.45970000000000005,9.84986,0.21527288821400622,9.5472,10.1618,0.6145999999999994,9.852212159510168,9.5472,10.0702,0.5229999999999997,0.0005999999999999996,0.016829527622604267,-0.032,0.0307,0.0627,0.016840219713531057,0.0004,-0.0086,-0.009,-0.0006349999999999999,0.01111401255172946,-0.0202,0.0146,0.0348,0.011132138159401365,0.0129,0.0146,0.0017000000000000001,-0.00013499999999999951,0.0068207972407923105,-0.0126,0.0122,0.024800000000000003,0.006822133097499638,0.0033,0.0032,-9.999999999999983e-05,0.0008499999999999998,0.0017926237753639219,-0.0025,0.0042,0.006699999999999999,0.001983935482821959,-0.0006,0.0012,0.0018,-0.0007250000000000002,0.0014621473933909672,-0.0036,0.0029,0.0065,0.001632023284147625,0.0,-0.0011,-0.0011,9.8066,0.0,9.8066,9.8066,0.0,9.8066,9.8066,9.8066,0.0,-11.352,0.3153664535108323,-12.06,-10.81,1.25,11.356379704817904,-11.44,-11.06,0.379999999999999,-28.502,0.3139681512510466,-29.0,-27.75,1.25,28.50372922969905,-28.12,-28.75,-0.629999999999999,7.072999999999999,0.34095600889264294,6.31,7.75,1.4400000000000004,7.081213172896294,6.94,7.31,0.3699999999999992,320.7995,106.8318426535366,0.08,359.45,359.37,338.1203362783729,359.45,355.58,-3.8700000000000045,-84.744,0.08575546629807326,-84.9,-84.61,0.29000000000000625,84.7440433894914,-84.9,-84.61,0.29000000000000625,-124.53949999999998,0.9321076922759517,-125.96,-122.92,3.039999999999992,124.54298810049484,-122.92,-125.95,-3.030000000000001,9.862165408288671,0.20879057223522535,9.56983146194331,10.16595882147867,0.5961273595353607,9.864375299201667,9.56983146194331,10.074249610268748,0.5044181483254384,0.020079033388662664,0.007133822129613964,0.007555130707009641,0.03454634568228599,0.02699121497527635,0.021308660211284986,0.013321411336641475,0.017244129435839896,0.003922718099198421,0.1,0.0007071067811859044,0.09899999999998954,0.10099999999999909,0.0020000000000095497,0.10000249996875078,0.09999999999999432,0.10000000000000853,1.4210854715202004e-14,0.1,2.0,30.879781621528338,-34.83086106383524,92.299
0.3770049999999999,0.08628693107881401,0.2277,0.5366,0.30889999999999995,0.38675341562809756,0.2736,0.5366,0.26299999999999996,-0.26469,0.14346221418896335,-0.479,-0.0489,0.4301,0.30106843574177616,-0.0984,-0.3909,-0.29250000000000004,9.85375,0.21041680422437753,9.572,10.1618,0.5898000000000003,9.855996362316699,10.1618,9.625,-0.5367999999999995,0.00020499999999999962,0.016922041100292835,-0.032,0.0307,0.0627,0.01692328277846825,-0.0054,-0.0075,-0.0020999999999999994,-0.0017749999999999995,0.010832999353826252,-0.0202,0.0146,0.0348,0.0109774541675199,0.0046,-0.0099,-0.0145,-0.00039999999999999975,0.006785057111034513,-0.0126,0.0122,0.024800000000000003,0.006796837499896551,-0.0026,-0.002,0.0005999999999999998,0.00099,0.0017832274111845635,-0.0025,0.0042,0.006699999999999999,0.002039607805437114,0.0041,0.0022,-0.0019000000000000002,-0.000825,0.0014774555830887098,-0.0036,0.0029,0.0065,0.0016921879328254293,-0.0018,-0.002,-0.0002000000000000001,9.8066,0.0,9.8066,9.8066,0.0,9.8066,9.8066,9.8066,0.0,-11.358,0.3181131874034775,-12.06,-10.81,1.25,11.362453960302766,-11.37,-11.56,-0.19000000000000128,-28.514500000000005,0.3033063632698794,-29.0,-27.75,1.25,28.516113076644935,-28.12,-28.37,-0.25,7.075999999999999,0.3400352922859626,6.31,7.75,1.4400000000000004,7.084165441320523,6.75,7.0,0.25,320.468,106.72162515629155,0.08,359.37,359.29,337.7709938701072,359.37,352.82,-6.550000000000011,-84.729,0.08336066218546953,-84.89,-84.6,0.29000000000000625,84.7290410072013,-84.89,-84.6,0.29000000000000625,-124.696,0.9095460406158669,-126.05,-122.98,3.069999999999993,124.69931711922082,-122.98,-126.05,-3.069999999999993,9.86606726220415,0.20396440660944087,9.59484190437758,10.16595882147867,0.5711169171010901,9.868175348133008,10.16595882147867,9.647868540252816,-0.5180902812258541,0.02004196997600294,0.007170665204916252,0.007555130707009641,0.03454634568228599,0.02699121497527635,0.02128612223961894,0.007555130707009641,0.012580143083447026,0.0050250123764373844,0.10005000000000024,0.0007399324293467449,0.09899999999998954,0.10099999999999909,0.0020000000000095497,0.10005273609452192,0.10099999999999909,0.10099999999999909,0.0,0.10005000000000024,2.0010000000000048,31.45019943093513,-35.43977009465996,92.4
0.374465,0.08996283830004476,0.2228,0.5366,0.31379999999999997,0.38511991444224225,0.5112,0.2228,-0.2884,-0.26129,0.14809395294879532,-0.479,-0.0304,0.4486,0.3003402786840287,-0.479,-0.0304,0.4486,9.84862,0.20399671467942823,9.572,10.1204,0.5484000000000009,9.850732488703569,9.5817,10.0592,0.4775000000000009,0.0014899999999999996,0.017416196484881536,-0.032,0.0307,0.0627,0.017479816932679814,0.0167,0.0203,0.003599999999999999,-0.002175,0.010737498544819458,-0.0202,0.0146,0.0348,0.010955569359919181,-0.0108,-0.0034,0.0074,-0.0006099999999999996,0.0069136748549523215,-0.0126,0.0122,0.024800000000000003,0.006940533120733594,-0.0006,-0.0068,-0.0062,0.00078,0.0016466936569987753,-0.0025,0.0042,0.006699999999999999,0.0018220867158288598,0.0036,-0.0001,-0.0036999999999999997,-0.0007650000000000001,0.0014609158086624978,-0.0036,0.0029,0.0065,0.0016490906585145645,-0.0036,-0.0006,0.003,9.8066,0.0,9.8066,9.8066,0.0,9.8066,9.8066,9.8066,0.0,-11.361500000000001,0.31861065581678205,-12.06,-10.81,1.25,11.365966522913922,-11.12,-11.44,-0.3200000000000003,-28.533499999999997,0.289590659379753,-29.0,-27.75,1.25,28.5349695111104,-28.19,-28.5,-0.3099999999999987,7.073,0.34314865583300774,6.31,7.75,1.4400000000000004,7.081319086159018,7.13,6.69,-0.4399999999999995,320.2585,106.64914089082012,0.08,358.76,358.68,337.5493239142985,358.76,355.18,-3.579999999999984,-84.71349999999998,0.08076354375583068,-84.86,-84.58,0.28000000000000114,84.71353849887278,-84.86,-84.58,0.28000000000000114,-124.8615,0.8830021234402563,-126.29,-123.46,2.8300000000000125,124.86462219139574,-123.46,-126.29,-2.8300000000000125,9.86085497149206,0.19746246909309023,9.59484190437758,10.127119891657252,0.5322779872796719,9.862831854771732,9.607275437396389,10.06171300723689,0.45443756984050054,0.020748060754622467,0.006577041502263382,0.009855962662266939,0.03454634568228599,0.024690383020019052,0.02176555765423896,0.019896984696179468,0.021676946279400148,0.0017799615832206801,0.1,0.0007071067811859044,0.09899999999998954,0.10099999999999909,0.0020000000000095497,0.10000249996875078,0.09999999999999432,0.09999999999999432,0.0,0.1,2.0,32.01332899804362,-36.04473225198171,92.5
0.36878500000000003,0.0845753408210691,0.2228,0.5366,0.31379999999999997,0.37835877748507435,0.3029,0.3976,0.0947,-0.25507,0.14127486011318502,-0.4564,-0.0304,0.426,0.29158067665742193,-0.1591,-0.3546,-0.19550000000000003,9.848455,0.2042137617179607,9.572,10.1204,0.5484000000000009,9.8505720213346,10.0599,9.5784,-0.4815000000000005,0.0004449999999999994,0.017096300038312383,-0.032,0.0307,0.0627,0.017102090515489617,0.0216,-0.0042,-0.0258,-0.00123,0.010768477143960514,-0.0202,0.0146,0.0348,0.0108384962056551,-0.0058,0.0081,0.0139,-4.9999999999999786e-05,0.007332700730290307,-0.0126,0.0122,0.024800000000000003,0.007332871197559657,0.0122,0.0106,-0.0016000000000000007,0.0007250000000000002,0.0015680800362226415,-0.0025,0.0042,0.006699999999999999,0.0017275705484870944,-0.0003,0.0025,0.0028,-0.000645,0.0013143344323268717,-0.0028,0.0029,0.0057,0.0014640696704733692,-0.0012,-0.0012,0.0,9.8066,0.0,9.8066,9.8066,0.0,9.8066,9.8066,9.8066,0.0,-11.368,0.3149222126176557,-12.06,-10.81,1.25,11.372361232391452,-10.94,-11.25,-0.3100000000000005,-28.574,0.29530323398161445,-29.0,-27.75,1.25,28.575525891923668,-28.62,-29.0,-0.379999999999999,7.079000000000001,0.3451362049973894,6.31,7.75,1.4400000000000004,7.087408553201938,6.63,7.25,0.6200000000000001,320.065,106.58259977594841,0.08,358.69,358.61,337.34471212692813,358.57,354.89,-3.680000000000007,-84.69849999999998,0.08001718565408278,-84.83,-84.56,0.269999999999996,84.69853779729613,-84.83,-84.56,0.269999999999996,-125.0125,0.8886274528732506,-126.48,-123.52,2.960000000000008,125.01565827927317,-123.61,-126.48,-2.8700000000000045,9.860151426970727,0.19838760094115612,9.593204546969693,10.127119891657252,0.5339153446875589,9.862147017916534,10.065716528394788,9.593204546969693,-0.4725119814250949,0.020452514744459284,0.00673944661138254,0.009855962662266939,0.03454634568228599,0.024690383020019052,0.021534286614606022,0.025476263462289758,0.013986064492915796,-0.011490198969373961,0.1,0.0007071067811859044,0.09899999999998954,0.10099999999999909,0.0020000000000095497,0.10000249996875078,0.09900000000000375,0.09999999999999432,0.000999999999990564,0.1,2.0,32.58022456166856,-36.650298477348485,92.6
0.36717,0.08611244451297385,0.2228,0.5366,0.31379999999999997,0.37713281745294985,0.4179,0.2706,-0.1473,-0.24667,0.15136552480667453,-0.4564,0.0089,0.4653,0.2894090720761877,-0.405,0.0089,0.41390000000000005,9.853779999999999,0.21093578785971812,9.572,10.1664,0.5944000000000003,9.856037448944683,9.6483,10.1664,0.5180999999999987,-0.00202,0.01741946038199806,-0.032,0.0307,0.0627,0.01753619114859324,-0.032,-0.0277,0.004300000000000002,-0.0007250000000000004,0.010779140735698741,-0.0202,0.0146,0.0348,0.01080349480492308,0.0121,0.0043,-0.0078,-0.0010399999999999997,0.006937968002232354,-0.0126,0.0106,0.0232,0.0070154828771795885,-0.0048,-0.0076,-0.0028000000000000004,0.0007800000000000001,0.0015503547981026793,-0.0025,0.0042,0.006699999999999999,0.0017355114519933311,-0.0007,0.0008,0.0015,-0.000555,0.0013347190715652486,-0.0028,0.0029,0.0057,0.0014455102905202716,0.0007,0.0006,-0.00010000000000000005,9.8066,0.0,9.8066,9.8066,0.0,9.8066,9.8066,9.8066,0.0,-11.383500000000002,0.3007868846874809,-12.06,-10.81,1.25,11.387473161329513,-11.44,-11.25,0.1899999999999995,-28.5805,0.2976655001843514,-29.0,-27.75,1.25,28.582050048938058,-28.25,-28.75,-0.5,7.103999999999999,0.329460164511584,6.31,7.75,1.4400000000000004,7.111635536218093,7.0,7.13,0.1299999999999999,319.87800000000004,106.51813984481704,0.08,358.69,358.61,337.1469249451936,358.69,354.83,-3.8600000000000136,-84.68549999999999,0.0787067341464506,-84.83,-84.56,0.269999999999996,84.68553657502561,-84.83,-84.57,0.2600000000000051,-125.1585,0.8860771693255622,-126.53,-123.52,3.010000000000005,125.16163651454866,-123.52,-126.53,-3.010000000000005,9.865365828009148,0.20498304210213247,9.593204546969693,10.17000454916319,0.5768000021934974,9.867495171926866,9.66583458890126,10.17000454916319,0.5041699602619296,0.020630889575702357,0.006914976161576825,0.009855962662266939,0.03454634568228599,0.024690383020019052,0.021758917712055445,0.03454634568228599,0.02904376008715125,-0.005502585595134741,0.1,0.0007071067811859044,0.09899999999998954,0.10099999999999909,0.0020000000000095497,0.10000249996875078,0.10000000000000853,0.09900000000000375,-0.0010000000000047748,0.1,2.0,33.138805025081325,-37.25236619657085,92.699
0.363975,0.08535303670637619,0.2228,0.5366,0.31379999999999997,0.37384882171808437,0.3824,0.354,-0.028400000000000036,-0.24134000000000003,0.147524551854937,-0.4564,0.0089,0.4653,0.2828577186502076,-0.2358,-0.2984,-0.06259999999999999,9.850365,0.2147531542841688,9.572,10.1664,0.5944000000000003,9.852705696939292,9.9625,9.58,-0.3825000000000003,0.0001249999999999994,0.016193914752153045,-0.0277,0.0307,0.0584,0.0161943971792716,-0.0127,0.0109,0.0236,-0.0024150000000000005,0.01127418622340433,-0.0217,0.0146,0.0363,0.011529939288651958,-0.0009,-0.0217,-0.0208,-0.0008099999999999997,0.00688555734853759,-0.0126,0.0106,0.0232,0.006933036852635359,-0.0126,-0.0002,0.0124,0.0009000000000000001,0.0015238110119040352,-0.0025,0.0042,0.006699999999999999,0.001769745744450315,0.001,0.0017,0.0006999999999999999,-0.00073,0.0013871193171461496,-0.0028,0.0029,0.0057,0.0015674820573135758,-0.0017,-0.0028,-0.0011,9.8066,0.0,9.8066,9.8066,0.0,9.8066,9.8066,9.8066,0.0,-11.364500000000001,0.3085202586541116,-12.06,-10.81,1.25,11.368687039407849,-12.06,-11.06,1.0,-28.602500000000003,0.2885459235546399,-29.0,-27.75,1.25,28.603955408299743,-28.62,-28.69,-0.07000000000000028,7.132,0.34295189166995416,6.31,7.75,1.4400000000000004,7.140240892294881,6.31,7.56,1.25,319.8845,106.52051199064901,0.08,358.82,358.74,337.1538414655838,351.03,358.82,7.7900000000000205,-84.67099999999999,0.07745321168292499,-84.82,-84.54,0.2799999999999869,84.67103542534483,-84.82,-84.54,0.2799999999999869,-125.3305,0.8852032252539521,-126.96,-123.76,3.1999999999999886,125.33362603467596,-123.76,-126.96,-3.1999999999999886,9.861633163122349,0.20921839547588483,9.591181291165338,10.17000454916319,0.5788232579978523,9.863852238400572,9.972624411357323,9.591181291165338,-0.38144312019198523,0.020117800441484115,0.0062079872258745455,0.009855962662266939,0.03339790412585796,0.023541941463591023,0.021053859503663456,0.017912565422071734,0.024284562997921127,0.006371997575849393,0.1,0.0007071067811859044,0.09899999999998954,0.10099999999999909,0.0020000000000095497,0.10000249996875078,0.09999999999999432,0.10000000000000853,1.4210854715202004e-14,0.1,2.0,33.70640002926183,-37.86055152004525,92.799
0.356365,0.0900280082807567,0.2228,0.5366,0.31379999999999997,0.3675609548088589,0.53,0.2302,-0.29980000000000007,-0.23143000000000008,0.15407546884562773,-0.4564,0.0089,0.4653,0.2780271479550154,-0.4359,-0.0376,0.3983,9.856485000000001,0.21955200585510484,9.572,10.1664,0.5944000000000003,9.858929943888434,9.572,10.0849,0.5129000000000001,0.0016899999999999999,0.016390115923934155,-0.0277,0.0307,0.0584,0.016477014292644164,0.0176,0.0186,0.0009999999999999974,-0.0031700000000000005,0.011646892289362,-0.0217,0.0146,0.0363,0.012070584078659987,-0.0202,-0.016,0.004199999999999999,0.0002500000000000002,0.006615474283828787,-0.0098,0.0106,0.0204,0.0066201963717098305,0.0012,0.0086,0.0074,0.0008,0.0015786069808536893,-0.0025,0.0042,0.006699999999999999,0.001769745744450315,0.0009,-0.001,-0.0019,-0.0005450000000000001,0.0014884471774302239,-0.0028,0.0029,0.0057,0.0015850867484147359,-0.0018,0.002,0.0038,9.8066,0.0,9.8066,9.8066,0.0,9.8066,9.8066,9.8066,0.0,-11.3085,0.2772593551171897,-11.75,-10.81,0.9399999999999995,11.31189838179251,-11.69,-10.94,0.75,-28.609,0.2903256791949347,-29.0,-27.75,1.25,28.610473082422107,-28.31,-28.75,-0.4400000000000013,7.1885,0.29220326829109894,6.63,7.75,1.12,7.194436392101886,6.88,7.44,0.5600000000000005,320.033,106.56588891854653,0.08,358.82,358.74,337.3090715797605,355.34,354.0,-1.339999999999975,-84.65599999999999,0.07618398781896467,-84.78,-84.52,0.2600000000000051,84.65603427990234,-84.78,-84.52,0.2600000000000051,-125.50100000000002,0.894639033353676,-127.17,-124.04,3.1299999999999955,125.50418869503918,-124.04,-127.17,-3.1299999999999955,9.867381793980964,0.21372019280593824,9.591181291165338,10.17000454916319,0.5788232579978523,9.869696033262626,9.596566719926454,10.087597028529638,0.4910303086031842,0.020522095245027638,0.006313604893720696,0.009855962662266939,0.03339790412585796,0.023541941463591023,0.021471329721281816,0.026818650227034172,0.02599846149294223,-0.000820188734091943,0.1,0.0007071067811859044,0.09899999999998954,0.10099999999999909,0.0020000000000095497,0.10000249996875078,0.10099999999999909,0.09999999999999432,-0.0010000000000047748,0.1,2.0,34.265442518906866,-38.471015063388194,92.899
0.34713,0.08073675185440643,0.2228,0.5366,0.31379999999999997,0.3563953703403006,0.3578,0.3453,-0.012500000000000011,-0.23275,0.15592355979774192,-0.4623,0.0089,0.4712,0.28015124308130424,-0.1012,-0.4623,-0.3611,9.855885000000002,0.22034360729324542,9.56,10.1664,0.6063999999999989,9.858347753984944,10.045,9.56,-0.48499999999999943,0.0010899999999999994,0.01601199238071265,-0.0277,0.0307,0.0584,0.01604904981611061,0.0103,0.0056,-0.0047,-0.0017950000000000002,0.011168682778197258,-0.0217,0.0146,0.0363,0.011312006895330289,0.0138,0.0073,-0.0065,0.0004450000000000002,0.00669757232137138,-0.0098,0.0106,0.0204,0.0067123393835532485,-0.0012,0.0051,0.0063,0.000865,0.0016078790377388468,-0.0025,0.0042,0.006699999999999999,0.0018257875013264824,-0.0001,0.0022,0.0023,-0.000505,0.0014647440049373815,-0.0028,0.0029,0.0057,0.0015493547043850225,-0.0002,-0.001,-0.0008,9.8066,0.0,9.8066,9.8066,0.0,9.8066,9.8066,9.8066,0.0,-11.277000000000001,0.2677517506945564,-11.75,-10.81,0.9399999999999995,11.280178190081928,-11.69,-11.06,0.629999999999999,-28.615500000000004,0.2849644714696905,-29.0,-27.75,1.25,28.616918859304192,-28.37,-28.44,-0.07000000000000028,7.1884999999999994,0.29220326829109894,6.63,7.75,1.12,7.194436392101886,7.0,6.88,-0.1200000000000001,319.96099999999996,106.54249372433519,0.08,358.82,358.74,337.23336799611036,355.09,353.9,-1.1899999999999977,-84.6425,0.07693341276714612,-84.76,-84.51,0.25,84.64253496322047,-84.76,-84.51,0.25,-125.66350000000003,0.9095453534596293,-127.29,-124.24,3.0500000000000114,125.66679157597683,-124.24,-127.29,-3.0500000000000114,9.86642336041118,0.21497183683592114,9.577398048530718,10.17000454916319,0.5926065006324723,9.868765009741594,10.051879788377894,9.577398048530718,-0.47448173984717634,0.019707138018266377,0.006497515765967789,0.009855962662266939,0.03339790412585796,0.023541941463591023,0.020750638544391832,0.017261807553092465,0.010519505691808907,-0.0067423018612835575,0.1,0.0007071067811859044,0.09899999999998954,0.10099999999999909,0.0020000000000095497,0.10000249996875078,0.09900000000000375,0.10099999999999909,0.001999999999995339,0.1,2.0,34.848381254101014,-39.08894968896507,93.0
0.33712,0.09060138851033134,0.1576,0.5366,0.379,0.349082377097441,0.3944,0.1576,-0.23679999999999998,-0.22821000000000002,0.16092933511327262,-0.4623,0.0089,0.4712,0.2792455102593415,-0.2795,-0.0104,0.2691,9.863025000000002,0.22851800776962838,9.56,10.1878,0.6277999999999988,9.865671930005579,9.6529,10.1878,0.5348999999999986,-0.00048500000000000035,0.016568170538716696,-0.0277,0.0307,0.0584,0.01657526772031149,-0.0107,-0.0212,-0.0105,-0.00225,0.010699602796365854,-0.0217,0.0146,0.0363,0.010933617882476047,-0.0046,0.0047,0.0093,0.0004400000000000001,0.006698835719735184,-0.0098,0.0106,0.0204,0.006713270439956966,0.0014,-0.0013,-0.0027,0.000975,0.0016133428030025113,-0.0025,0.0042,0.006699999999999999,0.0018850729428857653,-0.0012,0.0021,0.0033,-0.000605,0.0015081362670528152,-0.0028,0.0029,0.0057,0.0016249615380063615,0.0003,-0.0022,-0.0025,9.8066,0.0,9.8066,9.8066,0.0,9.8066,9.8066,9.8066,0.0,-11.264500000000002,0.2536429577181277,-11.75,-10.81,0.9399999999999995,11.267355279745109,-11.0,-11.44,-0.4399999999999995,-28.594000000000005,0.31708673892170264,-29.0,-27.75,1.25,28.595758077029537,-28.69,-27.94,0.75,7.2075000000000005,0.291682618611394,6.63,7.75,1.12,7.213399683921583,7.06,7.38,0.3200000000000003,319.87399999999997,106.5144794570203,0.08,358.82,358.74,337.14197337323634,357.76,353.35,-4.409999999999968,-84.628,0.0806597793203034,-84.76,-84.47,0.29000000000000625,84.62803843880585,-84.76,-84.47,0.29000000000000625,-125.8375,0.9524383182127864,-127.72,-124.25,3.469999999999999,125.84110435386366,-124.25,-127.72,-3.469999999999999,9.873280582493443,0.22282219561331298,9.577398048530718,10.189024230023206,0.6116261814924879,9.875794610637668,9.664996121054577,10.189024230023206,0.5240281089686292,0.019931728660028753,0.006486732044950559,0.009855962662266939,0.03339790412585796,0.023541941463591023,0.020960713251223107,0.011730728877610291,0.02175362038833996,0.010022891510729668,0.10004999999999953,0.0006689544080126184,0.09899999999998954,0.10099999999999909,0.0020000000000095497,0.10005223635681466,0.10099999999999909,0.09999999999999432,-0.0010000000000047748,0.10004999999999953,2.0009999999999906,35.416145535892866,-39.70353232634312,93.1
0.33724000000000004,0.0906787317952782,0.1576,0.5366,0.379,0.3492183414427141,0.3355,0.3968,0.061299999999999966,-0.23311,0.16388130735382847,-0.4623,0.0089,0.4712,0.2849514958725432,-0.1533,-0.3775,-0.2242,9.860025000000002,0.23162950993990367,9.56,10.1878,0.6277999999999988,9.862745319154298,10.1204,9.5929,-0.5274999999999999,7.999999999999952e-05,0.016402030362122854,-0.0277,0.0307,0.0584,0.01640222545876016,-0.0115,0.0006,0.0121,-0.002645,0.010922567234858295,-0.0217,0.0146,0.0363,0.011238260541560692,-0.0055,-0.0125,-0.007000000000000001,-9.99999999999994e-06,0.006917940444959034,-0.0098,0.0106,0.0204,0.006917947672539884,-0.0098,-0.0076,0.0021999999999999997,0.001045,0.0015464394588861217,-0.0025,0.0042,0.006699999999999999,0.0018664136733318258,0.0017,0.0002,-0.0014999999999999998,-0.0006200000000000001,0.0015005332385522154,-0.0028,0.0029,0.0057,0.0016235762994081923,-0.0016,0.0,0.0016,9.8066,0.0,9.8066,9.8066,0.0,9.8066,9.8066,9.8066,0.0,-11.280000000000001,0.2463736998950982,-11.75,-10.81,0.9399999999999995,11.282690282020507,-10.81,-11.31,-0.5,-28.6,0.319968748473972,-29.0,-27.75,1.25,28.601789804136384,-27.75,-28.81,-1.0599999999999987,7.198499999999998,0.2987854581468113,6.63,7.75,1.12,7.2046981199769915,7.31,6.88,-0.4299999999999997,319.6445,106.43751873634598,0.08,358.82,358.74,336.8999135871067,357.31,353.17,-4.139999999999986,-84.6125,0.08353891308845193,-84.73,-84.45,0.28000000000000114,84.61254123946402,-84.73,-84.45,0.28000000000000114,-126.01500000000001,0.970667296245217,-127.8,-124.62,3.1799999999999926,126.01873836854581,-124.62,-127.8,-3.1799999999999926,9.870456855301967,0.22578198139438913,9.577398048530718,10.189024230023206,0.6116261814924879,9.873038845031452,10.127119891657252,9.608521577225083,-0.5185983144321682,0.02007726120196856,0.00633190987206292,0.009855962662266939,0.03339790412585796,0.023541941463591023,0.021052066406887473,0.01607917908352289,0.014641379716406512,-0.0014377993671163772,0.09994999999999976,0.000668954408012353,0.09899999999998954,0.10099999999999909,0.0020000000000095497,0.09995223859424036,0.09999999999999432,0.09900000000000375,-0.000999999999990564,0.09994999999999976,1.9989999999999952,35.97521987243451,-40.31303079378557,93.199
0.337395,0.0906782745479864,0.1576,0.5366,0.379,0.34936790851479194,0.2277,0.3386,0.1109,-0.23512500000000003,0.16313366567021045,-0.4623,0.0089,0.4712,0.2861753981389735,-0.1527,-0.1936,-0.04089999999999999,9.847695,0.22387481206022247,9.56,10.1878,0.6277999999999988,9.85023942574494,9.9943,9.8738,-0.1205000000000016,0.00215,0.017392484008904537,-0.0277,0.0307,0.0584,0.017524868045152294,0.0307,0.0299,-0.0008000000000000021,-0.0028499999999999997,0.011012333994208496,-0.0217,0.0146,0.0363,0.01137514835068097,-0.0083,-0.0096,-0.001299999999999999,0.0010000000000000002,0.006889412166505935,-0.0087,0.0106,0.019299999999999998,0.006961609009417291,0.0102,0.0104,0.0001999999999999988,0.000885,0.0016334855371260561,-0.0025,0.0042,0.006699999999999999,0.0018578213046469244,0.0003,-0.0015,-0.0018,-0.000465,0.0015505724749265994,-0.0028,0.0029,0.0057,0.001618795848771549,-0.0012,0.0015,0.0027,9.8066,0.0,9.8066,9.8066,0.0,9.8066,9.8066,9.8066,0.0,-11.305000000000001,0.2215287791687571,-11.75,-10.94,0.8100000000000005,11.307170291456655,-11.56,-11.31,0.25,-28.631,0.2606511078050502,-29.0,-27.94,1.0599999999999987,28.63218643415134,-28.69,-28.37,0.3200000000000003,7.186,0.2990886156308861,6.63,7.75,1.12,7.192221492696119,7.31,7.06,-0.25,319.445,106.37045202968729,0.08,358.82,358.74,336.68944309259234,354.42,353.32,-1.1000000000000227,-84.59900000000002,0.08525843066817473,-84.71,-84.45,0.2599999999999909,84.59904296148981,-84.71,-84.46,0.25,-126.17099999999998,0.9845501510842398,-127.8,-124.74,3.0600000000000023,126.1748413115705,-124.74,-127.74,-3.0,9.858175898947104,0.218034364076894,9.577398048530718,10.189024230023206,0.6116261814924879,9.860586749200069,9.998059665255056,9.881500764560007,-0.1165589006950487,0.020927335197887427,0.006857524445108597,0.009855962662266939,0.03339790412585796,0.023541941463591023,0.022022238759944458,0.03339790412585796,0.03308065900190019,-0.0003172451239577753,0.09995000000000047,0.000668954408012406,0.09899999999998954,0.10099999999999909,0.0020000000000095497,0.09995223859424107,0.10000000000000853,0.10000000000000853,0.0,0.09995000000000047,1.9990000000000094,36.54725710943029,-40.93049249452889,93.299
0.33574500000000007,0.09293153649327014,0.1576,0.5366,0.379,0.34836902201544845,0.4821,0.1947,-0.2874,-0.23969000000000001,0.16203702632423245,-0.4623,0.0089,0.4712,0.2893221284312695,-0.3589,-0.244,0.1149,9.843354999999999,0.22182262390252247,9.56,10.1878,0.6277999999999988,9.845854098680316,9.7132,9.9075,0.19430000000000014,-0.00047000000000000026,0.016832115137438906,-0.0277,0.0299,0.0576,0.01683867571990149,0.0091,-0.0217,-0.0308,-0.0013849999999999995,0.012086408689101987,-0.0217,0.021,0.0427,0.01216550451070567,0.0061,0.021,0.0149,0.00020499999999999997,0.0066966017501416345,-0.0087,0.0106,0.019299999999999998,0.006699738800878733,0.0071,-0.0057,-0.0128,0.00109,0.0017963574254585308,-0.0025,0.0044,0.0069,0.0021011901389450696,0.0006,0.0044,0.0038000000000000004,-0.0005750000000000001,0.0016720870192666409,-0.0034,0.0029,0.0063,0.0017681911661356076,0.0006,-0.0034,-0.004,9.8066,0.0,9.8066,9.8066,0.0,9.8066,9.8066,9.8066,0.0,-11.305000000000001,0.2215287791687571,-11.75,-10.94,0.8100000000000005,11.307170291456655,-11.5,-11.56,-0.0600000000000005,-28.589999999999996,0.30828558188796285,-29.0,-27.87,1.129999999999999,28.591662071310232,-29.0,-27.87,1.129999999999999,7.1579999999999995,0.3120993431585526,6.63,7.75,1.12,7.164800764850339,7.19,6.75,-0.4400000000000004,319.24899999999997,106.30941994480075,0.08,358.82,358.74,336.48419988165864,357.09,350.5,-6.589999999999975,-84.586,0.08714355971613728,-84.71,-84.45,0.2599999999999909,84.58604488921324,-84.71,-84.45,0.2599999999999909,-126.32749999999999,0.9933724125422446,-127.87,-124.77,3.1000000000000085,126.33140561633914,-124.77,-127.87,-3.1000000000000085,9.853893739348976,0.21607724456553176,9.577398048530718,10.189024230023206,0.6116261814924879,9.856262537189236,9.731777014502542,9.912416473292474,0.1806394587899316,0.0207939783087217,0.006636073093058225,0.009855962662266939,0.03308065900190019,0.023224696339633248,0.0218272077921112,0.013054884143492044,0.03073076634254343,0.017675882199051387,0.09994999999999976,0.0006689544080123529,0.09899999999998954,0.10099999999999909,0.0020000000000095497,0.09995223859424036,0.09899999999998954,0.09999999999999432,0.0010000000000047748,0.09994999999999976,1.9989999999999952,37.12006195019845,-41.561397011397816,93.399
0.330135,0.08713287138043826,0.1576,0.5366,0.379,0.34143997349461,0.3095,0.3699,0.06040000000000001,-0.2366,0.1603143599307311,-0.4623,0.0089,0.4712,0.2857975752171456,-0.0504,-0.2971,-0.24669999999999997,9.848949999999999,0.21987182288779056,9.56,10.1878,0.6277999999999988,9.851403946697141,10.0883,9.8251,-0.26319999999999943,-0.0018250000000000002,0.017095902286805457,-0.0277,0.0299,0.0576,0.01719303638104683,-0.0254,-0.018,0.0074,-0.0020949999999999988,0.012042859917810221,-0.0217,0.021,0.0427,0.012223726927578185,0.0082,-0.0081,-0.016300000000000002,-0.0003149999999999999,0.006543032553793385,-0.0087,0.0106,0.019299999999999998,0.0065506106585569565,-0.0072,-0.0033,0.0039,0.00112,0.0017929305619571552,-0.0025,0.0044,0.0069,0.002114000946073582,0.0016,0.0012,-0.0004000000000000002,-0.0006500000000000001,0.001651211676315305,-0.0034,0.0029,0.0063,0.0017745421944828474,-0.001,-0.0009,0.00010000000000000005,9.8066,0.0,9.8066,9.8066,0.0,9.8066,9.8066,9.8066,0.0,-11.286000000000001,0.22028163790929095,-11.75,-10.94,0.8100000000000005,11.288149538343296,-11.06,-11.12,-0.05999999999999872,-28.580499999999994,0.298269592818309,-29.0,-27.87,1.129999999999999,28.5820563465962,-28.25,-28.81,-0.5599999999999987,7.1705,0.3180797855884589,6.63,7.75,1.12,7.177551462720418,7.31,7.44,0.13000000000000078,319.025,106.23414396981794,0.08,358.82,358.74,336.24789065509395,356.93,352.61,-4.319999999999993,-84.57100000000001,0.09027181176868074,-84.71,-84.41,0.29999999999999716,84.57104817843988,-84.71,-84.41,0.29999999999999716,-126.50049999999999,1.0082384390609183,-128.23,-124.92,3.309999999999988,126.50451788374993,-124.92,-128.23,-3.309999999999988,9.859132308635179,0.2143160080954497,9.577398048530718,10.189024230023206,0.6116261814924879,9.861461414541964,10.093172311022933,9.836548400226576,-0.2566239107963568,0.021141858906356576,0.006399398564217672,0.009855962662266939,0.03308065900190019,0.023224696339633248,0.022089148919775068,0.02764489102890442,0.0200124960961895,-0.00763239493271492,0.1,0.0006324555320322019,0.09900000000000375,0.10099999999999909,0.001999999999995339,0.1000019999800004,0.10000000000000853,0.09999999999999432,-1.4210854715202004e-14,0.1,2.0,37.69443963458596,-42.183591053295316,93.499
0.323925,0.09263445295892883,0.1576,0.5366,0.379,0.33691029592459776,0.3786,0.1853,-0.1933,-0.230535,0.1692873305212177,-0.4623,0.0709,0.5332,0.28601501096970416,-0.4564,0.0709,0.5273,9.856815,0.23083305715386587,9.56,10.2456,0.6855999999999991,9.85951752594923,9.5765,10.2456,0.6691000000000003,0.00035499999999999996,0.016726579895483713,-0.0277,0.0299,0.0576,0.016730346679014154,-0.0099,0.0182,0.0281,-0.00339,0.01225683074860708,-0.0217,0.021,0.0427,0.01271699650074655,-0.0165,-0.0177,-0.0011999999999999997,-0.00011000000000000004,0.006386462244466807,-0.0087,0.0106,0.019299999999999998,0.0063874094905524885,-0.0082,-0.0031,0.0051,0.001095,0.0017895460318192434,-0.0025,0.0044,0.0069,0.002097975214343582,0.003,0.0011,-0.0019,-0.000575,0.0016675955744724197,-0.0034,0.0029,0.0063,0.0017639444435695814,-0.0002,0.0005,0.0007,9.8066,0.0,9.8066,9.8066,0.0,9.8066,9.8066,9.8066,0.0,-11.276500000000002,0.23352248285764693,-11.75,-10.87,0.8800000000000008,11.278917722902317,-11.75,-10.87,0.8800000000000008,-28.57099999999999,0.3113824015579556,-29.0,-27.87,1.129999999999999,28.572696757569105,-28.87,-28.06,0.8100000000000023,7.1579999999999995,0.3172632975936548,6.63,7.75,1.12,7.1650275644968735,6.63,7.06,0.4299999999999997,318.80999999999995,106.16153950466241,0.08,358.82,358.74,336.0209644798967,354.0,352.63,-1.3700000000000045,-84.55550000000002,0.0916774236112694,-84.7,-84.4,0.29999999999999716,84.55554969959098,-84.7,-84.4,0.29999999999999716,-126.66749999999998,1.0092317622825768,-128.26,-125.08,3.1799999999999926,126.6715204969136,-125.08,-128.26,-3.1799999999999926,9.866849732385246,0.22511183227271622,9.577398048530718,10.247520786024294,0.6701227374935765,9.869417357600195,9.59484190437758,10.247520786024294,0.6526788816467146,0.02103842239367245,0.006309539062833483,0.009855962662266939,0.03308065900190019,0.023224696339633248,0.02196418675935897,0.020916500663351892,0.025576160775221915,0.004659660111870023,0.1,0.0006324555320322019,0.09900000000000375,0.10099999999999909,0.001999999999995339,0.1000019999800004,0.09999999999999432,0.10000000000000853,1.4210854715202004e-14,0.1,2.0,38.265024097027464,-42.80821935375192,93.599
0.327685,0.09623363380336418,0.1576,0.5366,0.379,0.3415236031374698,0.3307,0.4538,0.12309999999999999,-0.23043,0.16914779957185372,-0.4623,0.0709,0.5332,0.2858477969129725,-0.1012,-0.4543,-0.35309999999999997,9.853829999999999,0.23479070488415826,9.5168,10.2456,0.7287999999999997,9.856626823817567,10.106,9.5168,-0.5892,0.0019699999999999995,0.017210784409782142,-0.0277,0.0299,0.0576,0.017323163683346063,0.0167,0.0224,0.0057,-0.0026049999999999997,0.011889300862540236,-0.0217,0.021,0.0427,0.012171339285386796,-0.0118,-0.0008,0.011,0.000649999999999995,0.0062820776817864915,-0.0087,0.0106,0.019299999999999998,0.006315615567781175,0.0068,0.0069999999999999,0.00019999999999990078,0.00108,0.001774711244118321,-0.0025,0.0044,0.0069,0.0020774984957876623,-0.0008,0.0027,0.0035,-0.000575,0.00166759557447242,-0.0034,0.0029,0.0063,0.0017639444435695816,-0.0004,-0.0002,0.0002,9.8066,0.0,9.8066,9.8066,0.0,9.8066,9.8066,9.8066,0.0,-11.257500000000002,0.2083236664423896,-11.62,-10.87,0.75,11.25942738330862,-11.62,-11.37,0.25,-28.5525,0.3039716269654125,-29.0,-27.87,1.129999999999999,28.554118004238898,-28.94,-28.5,0.4400000000000013,7.161,0.3125043999690244,6.69,7.75,1.0599999999999996,7.167815566823689,6.94,6.69,-0.25,318.7305,106.13574960751914,0.08,358.82,358.74,335.9373884744001,353.67,352.41,-1.259999999999991,-84.54100000000003,0.0906035319399865,-84.68,-84.4,0.28000000000000114,84.54104855039355,-84.68,-84.41,0.27000000000001023,-126.83549999999998,1.010645709435307,-128.44,-125.34,3.0999999999999943,126.83952643005256,-125.34,-128.44,-3.0999999999999943,9.864029552080119,0.22882454892355816,9.538438298275038,10.247520786024294,0.7090824877492565,9.866683317027054,10.111915739858595,9.538438298275038,-0.5734774415835577,0.02116669275696972,0.0063317941953324255,0.009855962662266939,0.03308065900190019,0.023224696339633248,0.02209344925537884,0.021549245926481976,0.023481907929297368,0.001932662002815392,0.1,0.0006324555320322019,0.09900000000000375,0.10099999999999909,0.001999999999995339,0.1000019999800004,0.10099999999999909,0.09999999999999432,-0.0010000000000047748,0.1,2.0,38.840386170536675,-43.43404239432496,93.699
0.3179850000000001,0.10483382695962215,0.1367,0.5366,0.3999,0.33482023759026275,0.4215,0.1367,-0.2848,-0.22608999999999999,0.17346633938606074,-0.4623,0.0709,0.5332,0.28496887373887,-0.3523,-0.0144,0.3379,9.858529999999998,0.2406590598751684,9.5168,10.2456,0.7287999999999997,9.861466956999855,9.6234,10.2,0.5765999999999991,0.0006799999999999998,0.017024265035530905,-0.0277,0.0299,0.0576,0.017037840238715702,-0.0055,-0.0091,-0.0036000000000000008,-0.0015849999999999996,0.011931692042623291,-0.0217,0.021,0.0427,0.012036506968385803,0.0017,0.0086,0.0069,0.00046999999999999505,0.006153543694490187,-0.0087,0.0106,0.019299999999999998,0.0061714666004119255,0.008,0.0032,-0.0048000000000000004,0.001225,0.0017331690627287344,-0.0025,0.0044,0.0069,0.002122380738698879,-0.0008,0.0021,0.0029,-0.000645,0.0016880388028715453,-0.0034,0.0029,0.0063,0.0018070694507959567,0.0015,-0.0018,-0.0033,9.8066,0.0,9.8066,9.8066,0.0,9.8066,9.8066,9.8066,0.0,-11.248500000000002,0.195991709008315,-11.56,-10.87,0.6900000000000013,11.250207331422828,-11.25,-11.44,-0.1899999999999995,-28.552500000000002,0.3039716269654125,-29.0,-27.87,1.129999999999999,28.554118004238898,-28.56,-28.94,-0.38000000000000256,7.139,0.3414366705554633,6.5,7.75,1.25,7.147160275242189,7.63,6.5,-1.13,318.639,106.10637346078698,0.08,358.82,358.74,335.841294080999,0.65,351.84,351.19,-84.52600000000002,0.09118113840043963,-84.68,-84.38,0.30000000000001137,84.52604918011961,-84.66,-84.38,0.28000000000000114,-127.00950000000003,1.0374077067382883,-128.82,-125.48,3.339999999999989,127.0137366783609,-125.51,-128.82,-3.309999999999988,9.86848007242114,0.23440020206222958,9.538438298275038,10.247520786024294,0.7090824877492565,9.871263464952195,9.639066609376657,10.200926146679036,0.5618595373023787,0.020735392205102846,0.006579970372316281,0.009855962662266939,0.03308065900190019,0.023224696339633248,0.02175436737760949,0.009855962662266939,0.012923234889144436,0.003067272226877497,0.09995000000000047,0.0005894913061261156,0.09900000000000375,0.10099999999999909,0.001999999999995339,0.09995173835406813,0.09900000000000375,0.10000000000000853,0.0010000000000047748,0.09995000000000047,1.9990000000000094,39.40611486466179,-44.06262444728924,93.799
0.317245,0.1041505327638798,0.1367,0.5366,0.3999,0.33390376383023895,0.4222,0.4067,-0.015500000000000014,-0.22224,0.17146539417620105,-0.4623,0.0709,0.5332,0.28069734412708647,-0.4414,-0.2753,0.16610000000000003,9.865095,0.23589915530794062,9.5168,10.2456,0.7287999999999997,9.86791506704937,9.781,9.7547,-0.026300000000000878,-0.00026000000000000036,0.017839069482459,-0.0277,0.0299,0.0576,0.01784096409950987,-0.0204,-0.0243,-0.0038999999999999972,-0.00143,0.011993335649434647,-0.0217,0.021,0.0427,0.012078286302286429,0.0045,0.0048,0.0002999999999999999,-0.0006000000000000049,0.006595832017266656,-0.0134,0.0106,0.024,0.006623065755373408,-0.0087,-0.0134,-0.004700000000000001,0.001275,0.0016878610724819743,-0.0025,0.0044,0.0069,0.002115301396964508,-0.0025,0.0002,0.0027,-0.000815,0.0016337916023777327,-0.0034,0.0029,0.0063,0.0018257875013264824,0.0029,-0.0019,-0.0048,9.8066,0.0,9.8066,9.8066,0.0,9.8066,9.8066,9.8066,0.0,-11.211000000000002,0.25498823502271634,-11.56,-10.5,1.0600000000000005,11.213899410998835,-11.31,-10.5,0.8100000000000005,-28.518,0.3383725757209054,-29.0,-27.87,1.129999999999999,28.52000736325291,-28.69,-27.87,0.8200000000000003,7.148000000000001,0.35630885478752833,6.5,7.81,1.3099999999999996,7.156875016374116,7.44,7.81,0.3699999999999992,336.59000000000003,77.23115323494788,0.08,359.67,359.59000000000003,345.3367619150907,356.19,359.67,3.480000000000018,-84.511,0.09256889326334296,-84.68,-84.36,0.3200000000000074,84.51105069752712,-84.68,-84.36,0.3200000000000074,-127.18000000000002,1.0569862818409677,-128.92,-125.48,3.4399999999999835,127.1843922028171,-125.48,-128.92,-3.4399999999999835,9.874879501415178,0.22975057242649055,9.538438298275038,10.247520786024294,0.7090824877492565,9.877551847143097,9.800053459037864,9.767055189257404,-0.032998269780460276,0.021650686753598207,0.006268792794276032,0.010519505691808907,0.03308065900190019,0.02256115331009128,0.022539964507514203,0.02262962659877533,0.028161853632174143,0.005532227033398812,0.1,0.0005477225575038897,0.09900000000000375,0.10099999999999909,0.001999999999995339,0.10000149998875017,0.10099999999999909,0.09999999999999432,-0.0010000000000047748,0.1,2.0,39.98053375813788,-44.69253203750563,93.899
0.318195,0.10518505347719323,0.1367,0.5366,0.3999,0.33512975621391783,0.2867,0.4412,0.15449999999999997,-0.223725,0.17347387663564795,-0.4711,0.0709,0.542,0.2831007974202828,-0.2553,-0.4711,-0.2158,9.852564999999998,0.24645252945547116,9.5168,10.2456,0.7287999999999997,9.855646905632323,9.8466,9.5304,-0.31620000000000026,0.0015850000000000003,0.017566794670627876,-0.0277,0.0299,0.0576,0.01763815466538379,0.0162,0.0165,0.00030000000000000165,-0.002665,0.012576655954585066,-0.0217,0.021,0.0427,0.012855913036420245,-0.0192,-0.0202,-0.0010000000000000009,-0.000105000000000005,0.00633573002897061,-0.0134,0.0106,0.024,0.006336600034718929,-0.0026,0.0012,0.0037999999999999996,0.00129,0.0016552643293444103,-0.0022,0.0044,0.0066,0.0020985709423319483,0.0042,-0.0022,-0.0063999999999999994,-0.000835,0.0015900550304942277,-0.0034,0.0025,0.0059,0.0017959677057230179,-0.0028,0.0025,0.0053,9.8066,0.0,9.8066,9.8066,0.0,9.8066,9.8066,9.8066,0.0,-11.205000000000002,0.25399803148843497,-11.56,-10.5,1.0600000000000005,11.2078784789986,-11.0,-11.19,-0.1899999999999995,-28.521000000000004,0.34014555707814237,-29.0,-27.87,1.129999999999999,28.523028240353444,-28.5,-28.75,-0.25,7.138499999999999,0.3508885150585581,6.5,7.81,1.3099999999999996,7.147118650197434,6.94,7.25,0.3099999999999996,336.3685,77.18095887425862,0.08,359.67,359.59000000000003,345.10964664146957,356.01,351.76,-4.25,-84.49499999999998,0.08958236433584493,-84.65,-84.36,0.29000000000000625,84.49504748800369,-84.65,-84.36,0.29000000000000625,-127.34949999999999,1.042494484397877,-128.92,-125.64,3.279999999999987,127.3537669054198,-125.64,-128.87,-3.230000000000004,9.862488377763551,0.23991027901877643,9.538438298275038,10.247520786024294,0.7090824877492565,9.865405918840846,9.854080704966853,9.552230986005311,-0.30184971896154167,0.021824703412934028,0.006341436819638402,0.010519505691808907,0.03308065900190019,0.02256115331009128,0.022727329363565793,0.025255494451702977,0.02610995978549182,0.0008544653337888425,0.1,0.0005477225575038897,0.09900000000000375,0.10099999999999909,0.001999999999995339,0.10000149998875017,0.09900000000000375,0.10099999999999909,0.001999999999995339,0.1,2.0,40.56565137574262,-45.33029320698654,94.0
0.31801,0.10524352189089835,0.1367,0.5366,0.3999,0.33497247498861754,0.3574,0.283,-0.07440000000000002,-0.219735,0.17361940926924038,-0.4711,0.0709,0.542,0.2800485127616285,-0.3382,-0.1755,0.1627,9.859195,0.24798172205829988,9.5168,10.2456,0.7287999999999997,9.862313165910926,9.846,9.9792,0.13320000000000043,0.0019499999999999997,0.017938575751714515,-0.0277,0.0299,0.0576,0.018044251162073754,0.0148,0.0235,0.0087,-0.001535,0.01204426315720476,-0.0217,0.021,0.0427,0.012141684397150175,0.0124,0.0034,-0.009,0.000259999999999995,0.0063915099937338704,-0.0134,0.0106,0.024,0.006396796073035308,0.0022,0.0047,0.0025,0.0010149999999999998,0.001605077879730451,-0.0022,0.0044,0.0066,0.0018990787240133044,0.0018,-0.0013,-0.0031,-0.0006899999999999999,0.0015355455056754262,-0.0034,0.0025,0.0059,0.0016834488409215172,-0.0019,0.0001,0.002,9.8066,0.0,9.8066,9.8066,0.0,9.8066,9.8066,9.8066,0.0,-11.2235,0.25185859127693067,-11.56,-10.5,1.0600000000000005,11.22632553420753,-11.37,-11.37,0.0,-28.533499999999997,0.3437189986020555,-29.0,-27.87,1.129999999999999,28.535570171279215,-28.75,-28.75,0.0,7.163500000000001,0.3536562596646635,6.5,7.81,1.3099999999999996,7.172224550305156,7.75,7.44,-0.3099999999999996,336.1575,77.13272715747837,0.08,359.67,359.59000000000003,344.89320434737476,0.08,351.79,351.71000000000004,-84.481,0.08607554821202072,-84.61,-84.36,0.25,84.4810438500851,-84.61,-84.37,0.23999999999999488,-127.50999999999999,1.013651813987424,-128.92,-125.95,2.9699999999999847,127.51402899289161,-125.96,-128.85,-2.8900000000000006,9.869022066174988,0.24136728931470147,9.538438298275038,10.247520786024294,0.7090824877492565,9.871973192376487,9.85828737661872,9.984754473195624,0.12646709657690458,0.02177219725558554,0.006317113792221366,0.010519505691808907,0.03308065900190019,0.02256115331009128,0.02267012351091189,0.019432961688841975,0.02420537130473317,0.004772409615891194,0.1,0.0005477225575038897,0.09900000000000375,0.10099999999999909,0.001999999999995339,0.10000149998875017,0.09999999999999432,0.09900000000000375,-0.000999999999990564,0.1,2.0,41.13884464959469,-45.95779855084845,94.099
0.315195,0.10490468757400691,0.1367,0.5366,0.3999,0.33219404193934604,0.2814,0.3011,0.019699999999999995,-0.21303999999999998,0.1714907880907893,-0.4711,0.0709,0.542,0.2734869868933438,-0.0489,-0.2043,-0.1554,9.85364,0.24945507290893063,9.5168,10.2456,0.7287999999999997,9.85679710063061,10.0702,9.7349,-0.33530000000000015,6.999999999999975e-05,0.018456166991008723,-0.0277,0.0299,0.0576,0.018456299737488007,-0.0086,-0.0228,-0.0142,-0.0015099999999999998,0.012073644851493686,-0.0217,0.021,0.0427,0.012167703152197624,0.0146,0.0129,-0.0017000000000000001,0.00040499999999999494,0.0064663339691049,-0.0134,0.0106,0.024,0.006479004553170181,0.0032,0.0051,0.0019000000000000002,0.001055,0.0016338528085479424,-0.0022,0.0044,0.0066,0.0019448650338776724,0.0012,0.0026,0.0014,-0.0006950000000000001,0.0015396346969330096,-0.0034,0.0025,0.0059,0.0016892305940871424,-0.0011,-0.002,-0.0009,9.8066,0.0,9.8066,9.8066,0.0,9.8066,9.8066,9.8066,0.0,-11.217500000000001,0.24971734020688272,-11.56,-10.5,1.0600000000000005,11.220279185474842,-11.06,-11.25,-0.1899999999999995,-28.546000000000003,0.35570212256887057,-29.0,-27.87,1.129999999999999,28.5482160563493,-28.75,-29.0,-0.25,7.144999999999999,0.3314739808793444,6.5,7.81,1.3099999999999996,7.152684810614822,7.31,7.38,0.07000000000000028,353.72900000000004,2.254029502912506,350.5,359.67,9.170000000000016,353.73618148275415,355.58,351.51,-4.069999999999993,-84.46799999999999,0.08524083528450413,-84.61,-84.35,0.2600000000000051,84.46804301035984,-84.61,-84.35,0.2600000000000051,-127.6655,1.0024294239496332,-129.07,-125.95,3.1199999999999903,127.66943547693785,-125.95,-129.07,-3.1199999999999903,9.863192591664335,0.24295883650890313,9.538438298275038,10.247520786024294,0.7090824877492565,9.866184525767801,10.074249610268748,9.741697886405634,-0.33255172386311393,0.022134959153120495,0.006380367018415724,0.010519505691808907,0.03308065900190019,0.02256115331009128,0.023036178068420985,0.017244129435839896,0.02668819963954107,0.009444070203701173,0.10005000000000024,0.0005894913061262963,0.09900000000000375,0.10099999999999909,0.001999999999995339,0.10005173661661275,0.10000000000000853,0.10099999999999909,0.000999999999990564,0.10005000000000024,2.0010000000000048,41.72524353954162,-46.59896441237072,94.2
0.31612500000000004,0.10468317856752343,0.1367,0.5366,0.3999,0.33300688206101686,0.5366,0.3,-0.23659999999999998,-0.21319,0.17134840501154366,-0.4711,0.0709,0.542,0.2735146284936146,-0.3909,-0.0519,0.339,9.853539999999999,0.2493686255325635,9.5168,10.2456,0.7287999999999997,9.856694945213633,9.625,10.0682,0.44319999999999915,4.499999999999938e-05,0.018468228799752292,-0.0277,0.0299,0.0576,0.01846828362355311,-0.0075,-0.0091,-0.0016000000000000007,-0.0027199999999999998,0.01160192225452317,-0.0217,0.021,0.0427,0.011916501164351893,-0.0099,-0.0096,0.00030000000000000165,0.00019999999999999502,0.006439409910853629,-0.0134,0.0106,0.024,0.006442515036847018,-0.002,-0.0009,0.0011,0.00108,0.001639695093607345,-0.0022,0.0044,0.0066,0.001963415391607186,0.0022,0.0017,-0.0005000000000000002,-0.0006850000000000001,0.001537619914022968,-0.0034,0.0025,0.0059,0.001683300329709467,-0.002,-0.0009,0.0011,9.8066,0.0,9.8066,9.8066,0.0,9.8066,9.8066,9.8066,0.0,-11.236500000000001,0.2514612296160186,-11.56,-10.5,1.0600000000000005,11.239313368707183,-11.56,-11.44,0.120000000000001,-28.530500000000007,0.3532205401728498,-29.0,-27.87,1.129999999999999,28.532686431529715,-28.37,-28.44,-0.07000000000000028,7.1450000000000005,0.3314739808793444,6.5,7.81,1.3099999999999996,7.152684810614822,7.0,7.31,0.3099999999999996,353.51750000000004,2.268829819532527,350.5,359.67,9.170000000000016,353.5247804539308,352.82,351.35,-1.4699999999999704,-84.45349999999999,0.08451479160478387,-84.6,-84.32,0.28000000000000114,84.45354228805326,-84.6,-84.32,0.28000000000000114,-127.83000000000001,0.9770414525494793,-129.24,-126.05,3.190000000000012,127.83373384987235,-126.05,-129.24,-3.190000000000012,9.863120222862625,0.2428961668251012,9.538438298275038,10.247520786024294,0.7090824877492565,9.86611063583315,9.647868540252816,10.072802234234523,0.424933693981707,0.021935662931664095,0.006588868776081198,0.010519505691808907,0.03308065900190019,0.02256115331009128,0.022903853387585243,0.012580143083447026,0.01325820500671188,0.0006780619232648541,0.1,0.0006324555320322019,0.09900000000000375,0.10099999999999909,0.001999999999995339,0.10000199998000041,0.10099999999999909,0.09900000000000375,-0.001999999999995339,0.1,2.0,42.291459669089164,-47.24050202733767,94.299
0.299145,0.0946008693141876,0.1367,0.4538,0.3171,0.3137468015773229,0.2228,0.1969999999999999,-0.0258000000000001,-0.19771499999999997,0.16855322089773306,-0.4711,0.0709,0.542,0.25981033370518575,-0.0304,-0.0814,-0.051000000000000004,9.877695,0.24945893544830156,9.5168,10.2456,0.7287999999999997,9.880844512160891,10.0592,10.1081,0.04889999999999972,0.0008549999999999993,0.018474806494250484,-0.0277,0.0299,0.0576,0.018494580287208465,0.0203,0.0087,-0.0116,-0.0023449999999999994,0.011484401377520728,-0.0217,0.021,0.0427,0.011721369373925556,-0.0034,-0.0024,0.001,0.000459999999999995,0.006450302318496392,-0.0134,0.0106,0.024,0.006466683848774419,-0.0068,0.0032,0.01,0.00104,0.0016215424755460462,-0.0022,0.0044,0.0066,0.001926395598001615,-0.0001,0.0014,0.0015,-0.0005650000000000001,0.0015239012435194084,-0.0034,0.0025,0.0059,0.0016252692084697846,-0.0006,0.0004,0.001,9.8066,0.0,9.8066,9.8066,0.0,9.8066,9.8066,9.8066,0.0,-11.221,0.24035182545593448,-11.56,-10.5,1.0600000000000005,11.223573851496678,-11.44,-11.25,0.1899999999999995,-28.543,0.35173996076647274,-29.0,-27.87,1.129999999999999,28.54516719166311,-28.5,-28.62,-0.120000000000001,7.157500000000001,0.33048260166005705,6.5,7.81,1.3099999999999996,7.165125609506088,6.69,7.25,0.5599999999999996,353.434,2.3230462759058423,350.5,359.67,9.170000000000016,353.44163436131856,355.18,351.15,-4.03000000000003,-84.43949999999998,0.08224810028201372,-84.58,-84.32,0.2600000000000051,84.43954005677672,-84.58,-84.32,0.2600000000000051,-127.99450000000002,0.9397524940110544,-129.34,-126.29,3.049999999999997,127.99794984686278,-126.29,-129.34,-3.049999999999997,9.88624415601183,0.24331713096691268,9.538438298275038,10.247520786024294,0.7090824877492565,9.88923792506278,10.06171300723689,10.11034720323689,0.048634196000000074,0.0217854302546728,0.006830302234805331,0.009575489543621255,0.03308065900190019,0.02350516945827893,0.02283107531414147,0.021676946279400148,0.009575489543621255,-0.012101456735778893,0.10009999999999977,0.0008888194417296473,0.09900000000000375,0.10299999999999443,0.003999999999990678,0.10010394597616995,0.09999999999999432,0.10299999999999443,0.0030000000000001137,0.10009999999999977,2.0019999999999953,42.88547896455293,-47.89935442508846,94.402
0.294055,0.10108793436904327,0.121,0.4538,0.3328,0.31094551532382647,0.3976,0.121,-0.2766,-0.1977,0.16856812272787522,-0.4711,0.0709,0.542,0.2598085872329858,-0.3546,-0.0301,0.3245,9.880870000000002,0.25213855139585434,9.5168,10.2456,0.7287999999999997,9.884086493247619,9.5784,10.1227,0.5442999999999998,-0.0006,0.018026563732447733,-0.0277,0.0299,0.0576,0.018036546232580115,-0.0042,-0.0088,-0.004600000000000001,-0.0020099999999999996,0.0115462937776587,-0.0217,0.021,0.0427,0.011719940272885353,0.0081,0.0033,-0.0048,0.001204999999999995,0.0064291892957043925,-0.0134,0.0106,0.024,0.006541139044539562,0.0106,0.0081,-0.0025000000000000005,0.0011099999999999999,0.001600905993492435,-0.0022,0.0044,0.0066,0.0019480759738778157,0.0025,0.0013,-0.0012000000000000001,-0.0005949999999999999,0.001530187896959063,-0.0034,0.0025,0.0059,0.0016417977951014551,-0.0012,-0.0012,0.0,9.8066,0.0,9.8066,9.8066,0.0,9.8066,9.8066,9.8066,0.0,-11.2175,0.2376315425190856,-11.56,-10.5,1.0600000000000005,11.2200167112175,-11.25,-11.37,-0.11999999999999922,-28.5365,0.3536703974041364,-29.0,-27.87,1.129999999999999,28.538691543236528,-29.0,-28.37,0.629999999999999,7.167,0.3194542220725842,6.5,7.81,1.3099999999999996,7.174115973414425,7.25,6.88,-0.3700000000000001,353.228,2.3416823012526704,350.5,359.67,9.170000000000016,353.23576186450885,354.89,351.06,-3.829999999999984,-84.42599999999997,0.0802122185206229,-84.57,-84.31,0.2599999999999909,84.42603810436684,-84.56,-84.31,0.25,-128.1535,0.9063347891369934,-129.47,-126.48,2.989999999999995,128.15670487727124,-126.48,-129.47,-2.989999999999995,9.889331900594838,0.24590238180479765,9.538438298275038,10.247520786024294,0.7090824877492565,9.892388661061595,9.593204546969693,10.123467898897097,0.5302633519274043,0.021321945737782056,0.007129875872347118,0.009575489543621255,0.03308065900190019,0.02350516945827893,0.022482448710049355,0.013986064492915796,0.012407255941585149,-0.001578808551330647,0.1,0.00099999999999838,0.09799999999999898,0.10299999999999443,0.0049999999999954525,0.10000499987500625,0.09999999999999432,0.09799999999999898,-0.001999999999995339,0.1,2.0,43.44853645443109,-48.52832413727518,94.5
0.2929,0.10002463696509976,0.121,0.4538,0.3328,0.30950821960006164,0.2706,0.3745,0.10389999999999999,-0.20437499999999997,0.17707733868284786,-0.4881,0.0709,0.5589999999999999,0.27041731545890324,0.0089,-0.4881,-0.497,9.880680000000002,0.2523677348632346,9.5168,10.2456,0.7287999999999997,9.883902404212618,10.1664,9.5746,-0.5917999999999992,-0.001265,0.018388781226606615,-0.0277,0.0299,0.0576,0.01843224077533711,-0.0277,-0.0175,0.010199999999999997,-0.0026299999999999995,0.011317424618701907,-0.0217,0.021,0.0427,0.01161899307169085,0.0043,-0.0043,-0.0086,7.999999999999483e-05,0.0066515111065080495,-0.0134,0.0104,0.0238,0.006651992182797567,-0.0076,-0.0119,-0.004300000000000001,0.00101,0.0015731814898478815,-0.0022,0.0044,0.0066,0.001869491909583992,0.0008,0.0005,-0.00030000000000000003,-0.0006150000000000001,0.0015405437351792386,-0.0034,0.0025,0.0059,0.0016587646005386057,0.0006,-0.0016,-0.0022,9.8066,0.0,9.8066,9.8066,0.0,9.8066,9.8066,9.8066,0.0,-11.23,0.24545875417267152,-11.56,-10.5,1.0600000000000005,11.232682226431939,-11.25,-11.5,-0.25,-28.521000000000004,0.3395276130154952,-29.0,-27.87,1.129999999999999,28.52302087788038,-28.75,-28.69,0.05999999999999872,7.186,0.33475961524652276,6.5,7.81,1.3099999999999996,7.19379315799391,7.13,7.63,0.5,353.2595,2.367917808962127,350.5,359.67,9.170000000000016,353.26743605234833,354.83,355.52,0.6899999999999977,-84.4125,0.07923856384362366,-84.57,-84.29,0.2799999999999869,84.41253719086994,-84.57,-84.29,0.2799999999999869,-128.30649999999997,0.868402412479375,-129.54,-126.53,3.009999999999991,128.30943872139727,-126.53,-129.54,-3.009999999999991,9.889388925958825,0.24583382522136774,9.538438298275038,10.247520786024294,0.7090824877492565,9.892443964890576,10.17000454916319,9.594345054249404,-0.5756594949137863,0.021702399430224555,0.006928445638885318,0.009575489543621255,0.03308065900190019,0.02350516945827893,0.022781516630812796,0.02904376008715125,0.021595138341765723,-0.007448621745385527,0.09995000000000047,0.0010234744745211929,0.09799999999999898,0.10299999999999443,0.0049999999999954525,0.09995523998270471,0.09900000000000375,0.09900000000000375,0.0,0.09995000000000047,1.9990000000000094,44.02195939000441,-49.16535978576036,94.599
0.28375,0.1095616059575616,0.0876,0.4538,0.36619999999999997,0.3041674012776517,0.354,0.0876,-0.26639999999999997,-0.20224999999999999,0.1798571641608974,-0.4881,0.0709,0.5589999999999999,0.2706541372305253,-0.2984,0.0514,0.3498,9.882085,0.2540272687626269,9.5168,10.2456,0.7287999999999997,9.885349452624322,9.58,10.1945,0.6144999999999996,0.00138,0.01819974175640962,-0.0243,0.0299,0.0542,0.018251986193288664,0.0109,0.0252,0.0143,-0.003945,0.011946274523884005,-0.022,0.021,0.043,0.012580798861757548,-0.0217,-0.022,-0.0002999999999999982,0.0003749999999999948,0.006431553078378498,-0.0134,0.0104,0.0238,0.006442476232008927,-0.0002,-0.0017,-0.0014999999999999998,0.0009499999999999998,0.001602654048757872,-0.0022,0.0044,0.0066,0.0018630619957478603,0.0017,-0.0004,-0.0021,-0.000605,0.0015490238861941414,-0.0034,0.0025,0.0059,0.0016629792542301903,-0.0028,0.0008,0.0036,9.8066,0.0,9.8066,9.8066,0.0,9.8066,9.8066,9.8066,0.0,-11.220500000000001,0.24816274901765575,-11.56,-10.5,1.0600000000000005,11.223243960638118,-11.06,-11.06,0.0,-28.502000000000002,0.3368026128164683,-29.0,-27.87,1.129999999999999,28.503989896153136,-28.69,-28.37,0.3200000000000003,7.189,0.3345130789670263,6.5,7.81,1.3099999999999996,7.196778445943712,7.56,7.19,-0.3699999999999992,353.0690000000001,2.387087974918395,350.5,359.67,9.170000000000016,353.0770694196948,358.82,351.02,-7.800000000000011,-84.39799999999998,0.07553806987208572,-84.54,-84.28,0.2600000000000051,84.39803380411182,-84.54,-84.28,0.2600000000000051,-128.4545,0.8027793906173729,-129.54,-126.96,2.5799999999999983,128.45700846976004,-126.96,-129.49,-2.5300000000000153,9.890638995141089,0.24731667613502684,9.538438298275038,10.247520786024294,0.7090824877492565,9.893730604301899,9.591181291165338,10.195005932808474,0.6038246416431363,0.021924972602871046,0.007225827036634225,0.009575489543621255,0.033495223540081054,0.0239197339964598,0.023084995126705136,0.024284562997921127,0.033495223540081054,0.009210660542159927,0.10005000000000024,0.001023474474521297,0.09799999999999898,0.10299999999999443,0.0049999999999954525,0.10005523474561462,0.10000000000000853,0.10099999999999909,0.000999999999990564,0.10005000000000024,2.0010000000000048,44.596796301055775,-49.81749024913299,94.7
0.28307000000000004,0.10916497194613298,0.0876,0.4538,0.36619999999999997,0.30339020419255464,0.2302,0.3404,0.11019999999999999,-0.196865,0.17850498669505005,-0.4881,0.0709,0.5589999999999999,0.2657439717096137,-0.0376,-0.1907,-0.1531,9.884525,0.25133403445415003,9.5168,10.2456,0.7287999999999997,9.887719821703081,10.0849,9.6288,-0.4560999999999993,0.0016,0.018339547431711616,-0.0243,0.0299,0.0542,0.018409209651693362,0.0186,0.0153,-0.003299999999999999,-0.0026149999999999997,0.011361966159076519,-0.022,0.021,0.043,0.011659009391882313,-0.016,0.0049,0.020900000000000002,0.0009649999999999948,0.006877519538321934,-0.0134,0.0116,0.025,0.006944890207915452,0.0086,0.0116,0.002999999999999999,0.00089,0.001595900999435742,-0.0022,0.0044,0.0066,0.0018272930799409276,-0.001,0.0005,0.0015,-0.0005,0.0014656056768449007,-0.0034,0.0025,0.0059,0.0015485477067239484,0.002,-0.0007,-0.0027,9.8066,0.0,9.8066,9.8066,0.0,9.8066,9.8066,9.8066,0.0,-11.2205,0.2481627490176557,-11.56,-10.5,1.0600000000000005,11.22324396063812,-10.94,-11.06,-0.120000000000001,-28.482999999999997,0.3363792502518546,-29.0,-27.87,1.129999999999999,28.48498622081464,-28.75,-28.31,0.4400000000000013,7.1674999999999995,0.3236182164217583,6.5,7.81,1.3099999999999996,7.174802087862773,7.44,7.13,-0.3100000000000005,352.66350000000006,2.0391916903518448,350.5,359.67,9.170000000000016,352.6693955179553,354.0,350.71,-3.2900000000000205,-84.38499999999999,0.07228416147400472,-84.52,-84.28,0.23999999999999488,84.38503095928803,-84.52,-84.28,0.23999999999999488,-128.5935,0.7720639546047989,-129.74,-127.17,2.5700000000000074,128.59581768082506,-127.17,-129.74,-2.5700000000000074,9.892915037465873,0.2447464166880394,9.538438298275038,10.247520786024294,0.7090824877492565,9.895942034339127,10.087597028529638,9.636702137660995,-0.45089489086864276,0.021701526971997197,0.00721849894948237,0.009575489543621255,0.033495223540081054,0.0239197339964598,0.022870570609409814,0.02599846149294223,0.01981565038044424,-0.00618281111249799,0.1,0.0010488088481683845,0.09799999999999898,0.10299999999999443,0.0049999999999954525,0.10000549984875831,0.09999999999999432,0.09900000000000375,-0.000999999999990564,0.1,2.0,45.169104207941785,-50.456915072653686,94.799
0.28637500000000005,0.10851293874464923,0.0876,0.4538,0.36619999999999997,0.30624450770585254,0.3453,0.2963,-0.04899999999999999,-0.20060499999999998,0.1758934122558318,-0.4881,0.0709,0.5589999999999999,0.266797410969447,-0.4623,-0.1124,0.3499,9.87907,0.24808887339016214,9.5168,10.2456,0.7287999999999997,9.882184584088682,9.56,9.9758,0.41579999999999906,-8.499999999999965e-05,0.018248130726186723,-0.0243,0.0299,0.0542,0.0182483286905952,0.0056,-0.0151,-0.0207,-0.0008550000000000001,0.011867328048048558,-0.022,0.021,0.043,0.011898088081704556,0.0073,0.0192,0.011899999999999997,0.00034999999999999495,0.006715318309655912,-0.0134,0.0116,0.025,0.006724433061604519,0.0051,-0.0037,-0.0088,0.0010049999999999998,0.0015373597497007653,-0.0022,0.0044,0.0066,0.0018367090134259157,0.0022,0.0013,-0.0009000000000000002,-0.000655,0.0013525808663440424,-0.0034,0.0025,0.0059,0.0015028306624500314,-0.001,-0.0011,-0.00010000000000000005,9.8066,0.0,9.8066,9.8066,0.0,9.8066,9.8066,9.8066,0.0,-11.220500000000001,0.24816274901765575,-11.56,-10.5,1.0600000000000005,11.223243960638118,-11.06,-10.94,0.120000000000001,-28.460999999999995,0.3325642795009709,-29.0,-27.87,1.129999999999999,28.462942925846583,-28.44,-28.31,0.13000000000000256,7.1205,0.34797234085484435,6.5,7.81,1.3099999999999996,7.12899747510125,6.88,6.5,-0.3799999999999999,352.47950000000003,2.0759900650051324,350.32,359.67,9.350000000000023,352.485613401455,353.9,350.32,-3.579999999999984,-84.3715,0.07101232287427325,-84.51,-84.25,0.2600000000000051,84.37152988419732,-84.51,-84.25,0.2600000000000051,-128.7365,0.7599294375137745,-130.03,-127.29,2.739999999999995,128.73874290593332,-127.29,-130.03,-2.739999999999995,9.887576800261089,0.24158586452579545,9.538438298275038,10.247520786024294,0.7090824877492565,9.89052772661803,9.577398048530718,9.980832284433998,0.40343423590327987,0.021636856907870605,0.007185431312616669,0.009575489543621255,0.033495223540081054,0.0239197339964598,0.022798771896749177,0.010519505691808907,0.024705060210410336,0.014185554518601429,0.1,0.0010488088481683845,0.09799999999999898,0.10299999999999443,0.0049999999999954525,0.10000549984875831,0.10099999999999909,0.09999999999999432,-0.0010000000000047748,0.1,2.0,45.746331929834895,-51.11571298537385,94.899
0.29050999999999993,0.11219284246332294,0.0876,0.4538,0.36619999999999997,0.31142140902641874,0.1576,0.428,0.2704,-0.200895,0.17632887873232791,-0.4881,0.0709,0.5589999999999999,0.2673025897742108,-0.0104,-0.4681,-0.4577,9.875270000000002,0.253470671084447,9.484,10.2456,0.7615999999999996,9.87852240742511,10.1878,9.484,-0.7037999999999993,-0.0016349999999999997,0.01900048091496634,-0.0254,0.0299,0.0553,0.019070697417766347,-0.0212,-0.0254,-0.004199999999999999,-0.0013399999999999996,0.011721450422196052,-0.022,0.021,0.043,0.011797796404413835,0.0047,-0.0024,-0.0071,-0.0006200000000000052,0.007331957446685021,-0.0143,0.0116,0.0259,0.007358124761105912,-0.0013,-0.0143,-0.013000000000000001,0.00097,0.0015175967843930088,-0.0022,0.0044,0.0066,0.0018011107683871084,0.0021,0.0015,-0.0005999999999999998,-0.000695,0.0013738540679417157,-0.0034,0.0025,0.0059,0.0015396428157205813,-0.0022,-0.0018,0.0004000000000000002,9.8066,0.0,9.8066,9.8066,0.0,9.8066,9.8066,9.8066,0.0,-11.233,0.246050807761324,-11.56,-10.5,1.0600000000000005,11.235694460067878,-11.44,-11.31,0.129999999999999,-28.454499999999996,0.3341777221778854,-29.0,-27.87,1.129999999999999,28.45646227133654,-27.94,-28.31,-0.36999999999999744,7.1015,0.3702468770968906,6.5,7.81,1.3099999999999996,7.111145125786704,7.38,6.5,-0.8799999999999999,352.2865,2.1140370739417067,350.04,359.67,9.629999999999995,352.29284300848354,353.35,350.04,-3.3100000000000023,-84.3565,0.0718522790174399,-84.47,-84.21,0.2600000000000051,84.35653060077803,-84.47,-84.21,0.2600000000000051,-128.88400000000001,0.7510952003574543,-130.24,-127.72,2.5200000000000102,128.8861885540883,-127.72,-130.24,-2.5200000000000102,9.883966189195595,0.24668054916894527,9.505185827220844,10.247520786024294,0.7423349588034505,9.887043993150835,10.189024230023206,9.505185827220844,-0.6838384028023619,0.02257325127559109,0.006889835037867389,0.009575489543621255,0.033495223540081054,0.0239197339964598,0.023601302930135022,0.02175362038833996,0.029247393046218664,0.007493772657878706,0.1,0.0010488088481683847,0.09799999999999898,0.10299999999999443,0.0049999999999954525,0.1000054998487583,0.09999999999999432,0.10099999999999909,0.0010000000000047748,0.1,2.0,46.33444383081331,-51.771546379658844,95.0
0.28605500000000006,0.11894770058727491,0.0685,0.4538,0.3853,0.3097999653001917,0.3968,0.0685,-0.3283,-0.19517500000000002,0.1840999344785326,-0.4881,0.104,0.5921,0.26830219249942777,-0.3775,0.104,0.4815,9.879125,0.258726393850724,9.484,10.2649,0.7809000000000008,9.882512338089946,9.5929,10.2649,0.6720000000000006,2.000000000000066e-05,0.018662786501484716,-0.0254,0.0299,0.0553,0.01866279721799495,0.0006,0.0119,0.011300000000000001,-0.00219,0.011868104313663577,-0.022,0.021,0.043,0.01206847131993112,-0.0125,-0.0123,0.00020000000000000052,-0.0009250000000000051,0.00747929642412974,-0.0143,0.0116,0.0259,0.007536278922651412,-0.0076,-0.0074,0.00019999999999999966,0.00078,0.001599874995116806,-0.0022,0.0044,0.0066,0.0017798876369029592,0.0002,-0.0017,-0.0019,-0.00057,0.001344656089860898,-0.0034,0.0025,0.0059,0.0014604793733565703,0.0,0.0003,0.0003,9.8066,0.0,9.8066,9.8066,0.0,9.8066,9.8066,9.8066,0.0,-11.217000000000002,0.24244793255460032,-11.56,-10.5,1.0600000000000005,11.219619868783433,-11.31,-11.12,0.19000000000000128,-28.4885,0.31409035324250245,-29.0,-27.87,1.129999999999999,28.490231396041697,-28.81,-28.62,0.18999999999999773,7.097999999999999,0.3679211872126964,6.5,7.81,1.3099999999999996,7.107529106517961,6.88,7.31,0.4299999999999997,352.115,2.159445530686062,349.92,359.67,9.75,352.1216216451356,353.17,349.92,-3.25,-84.3435,0.07363932373399493,-84.46,-84.21,0.25,84.34353214681018,-84.45,-84.21,0.2400000000000091,-129.0105,0.7574263990646249,-130.25,-127.74,2.510000000000005,129.01272342292447,-127.8,-130.25,-2.450000000000003,9.88779774639995,0.2519284100454858,9.505185827220844,10.265655374110317,0.7604695468894729,9.891006632163382,9.608521577225083,10.265655374110317,0.6571337968852333,0.022417852402307977,0.006941425910310822,0.009575489543621255,0.033495223540081054,0.0239197339964598,0.023467924918918585,0.014641379716406512,0.018645642922677674,0.004004263206271163,0.09995000000000047,0.0010712142642795444,0.09799999999999898,0.10299999999999443,0.0049999999999954525,0.09995574020535335,0.09900000000000375,0.09900000000000375,0.0,0.09995000000000047,1.9990000000000094,46.9067537865173,-52.416360071252456,95.099
0.27641499999999997,0.11738421646456562,0.0685,0.4538,0.3853,0.30030702039745927,0.3386,0.204,-0.13460000000000003,-0.179845,0.18101897821775484,-0.4881,0.104,0.5921,0.25517071638414934,-0.1936,-0.0709,0.12269999999999999,9.893380000000002,0.2502797786478164,9.484,10.2649,0.7809000000000008,9.896545245286356,9.8738,9.878,0.00420000000000087,0.0011950000000000005,0.01938799822054871,-0.0254,0.0299,0.0553,0.01942479086116502,0.0299,0.0241,-0.0058,-0.001965,0.011712142203713204,-0.022,0.021,0.043,0.011875836812620827,-0.0096,-0.008,0.001599999999999999,0.0006249999999999948,0.008994157826055752,-0.0143,0.0234,0.0377,0.009015847159307878,0.0104,0.0234,0.013000000000000001,0.00091,0.0016522409025320733,-0.0022,0.0044,0.0066,0.0018862661530123473,-0.0015,0.0028,0.0043,-0.0005350000000000001,0.0013679455398516419,-0.0034,0.0025,0.0059,0.001468843082156838,0.0015,0.0007,-0.0008,9.8066,0.0,9.8066,9.8066,0.0,9.8066,9.8066,9.8066,0.0,-11.223499999999998,0.24656185836418412,-11.56,-10.5,1.0600000000000005,11.226207952821824,-11.31,-11.44,-0.129999999999999,-28.479000000000003,0.30701628621296306,-29.0,-27.87,1.129999999999999,28.480654837977305,-28.37,-28.62,-0.25,7.060499999999999,0.4224153761405945,6.13,7.81,1.6799999999999997,7.073124839842713,7.06,6.13,-0.9299999999999997,351.69649999999996,2.6660594048145287,344.8,359.67,14.870000000000005,351.70660497778545,353.32,344.8,-8.519999999999982,-84.33250000000001,0.07333996182164268,-84.46,-84.21,0.25,84.33253189013122,-84.46,-84.23,0.22999999999998977,-129.1325,0.7490852755194201,-130.25,-127.74,2.510000000000005,129.13467266772315,-127.74,-130.24,-2.500000000000014,9.901389700635667,0.2436928171816206,9.505185827220844,10.265655374110317,0.7604695468894729,9.904388128148048,9.881500764560007,9.88036066193942,-0.001140102620587058,0.023412318964919833,0.007176825251101998,0.009575489543621255,0.034530710968643546,0.02495522142502229,0.024487619320791472,0.03308065900190019,0.034530710968643546,0.0014500519667433598,0.1,0.0010488088481683845,0.09799999999999898,0.10299999999999443,0.0049999999999954525,0.1000054998487583,0.10000000000000853,0.09999999999999432,-1.4210854715202004e-14,0.1,2.0,47.48446719522542,-53.06862856361175,95.199
0.27913,0.11940172569942195,0.0685,0.4538,0.3853,0.30359566696512646,0.1947,0.3929,0.19820000000000002,-0.181515,0.18129203312611397,-0.4881,0.104,0.5921,0.2565433618318743,-0.244,-0.2269999999999999,0.0170000000000001,9.888545,0.25154219024847496,9.484,10.2649,0.7809000000000008,9.891743814439394,9.9075,9.7771,-0.13039999999999985,-0.0007399999999999998,0.018328840661645786,-0.0254,0.0252,0.0506,0.018343772785335083,-0.0217,-0.0088,0.0129,-0.0006600000000000002,0.012231287749047522,-0.022,0.021,0.043,0.012249081598226049,0.021,0.0165,-0.0045000000000000005,0.000369999999999995,0.008783228335868306,-0.0143,0.0234,0.0377,0.008791018143537183,-0.0057,0.0053,0.011,0.00109,0.0015741346829290055,-0.0022,0.0044,0.0066,0.0019146801299433803,0.0044,0.0021,-0.0023000000000000004,-0.00073,0.0013416780537819047,-0.0034,0.0025,0.0059,0.0015274161188098025,-0.0034,-0.0024,0.001,9.8066,0.0,9.8066,9.8066,0.0,9.8066,9.8066,9.8066,0.0,-11.23,0.2504396134799764,-11.56,-10.5,1.0600000000000005,11.232792172919428,-11.56,-11.44,0.120000000000001,-28.479000000000003,0.30701628621296306,-29.0,-27.87,1.129999999999999,28.480654837977305,-27.87,-28.37,-0.5,7.042,0.4300651113494327,6.13,7.81,1.6799999999999997,7.055120126546393,6.75,6.69,-0.05999999999999961,351.5135,2.673941426060039,344.8,359.67,14.870000000000005,351.523670106296,350.5,349.66,-0.839999999999975,-84.3195,0.07262747414030059,-84.45,-84.2,0.25,84.31953127834619,-84.45,-84.2,0.25,-129.272,0.7364550223876574,-130.53,-127.87,2.6599999999999966,129.27409775357165,-127.87,-130.53,-2.6599999999999966,9.896695863058039,0.2449316437904148,9.505185827220844,10.265655374110317,0.7604695468894729,9.899726284903032,9.912416473292474,9.787624013007447,-0.12479246028502722,0.022730114188937917,0.006867161637666836,0.009575489543621255,0.034530710968643546,0.02495522142502229,0.02374480995923109,0.03073076634254343,0.01943656348226198,-0.01129420286028145,0.1,0.0010488088481683845,0.09799999999999898,0.10299999999999443,0.0049999999999954525,0.1000054998487583,0.09999999999999432,0.10000000000000853,1.4210854715202004e-14,0.1,2.0,48.05670485156432,-53.72238051508802,95.299
0.27532999999999996,0.1231779205052594,0.0685,0.4538,0.3853,0.30162793139893396,0.3699,0.1187,-0.2512,-0.17017,0.1841045575209913,-0.4881,0.104,0.5921,0.25070364377088733,-0.2971,-0.0171,0.27999999999999997,9.89252,0.2524368784468703,9.484,10.2649,0.7809000000000008,9.895740312275782,9.8251,9.987,0.16189999999999927,-0.0005399999999999999,0.018119668871146626,-0.0254,0.0252,0.0506,0.01812771358997047,-0.018,-0.0177,0.0002999999999999982,-0.002145,0.011277121751581827,-0.022,0.0192,0.0412,0.011479307470400817,-0.0081,-0.0087,-0.0005999999999999998,0.000389999999999995,0.008769828960703848,-0.0143,0.0234,0.0377,0.00877849645440493,-0.0033,-0.0053,-0.002,0.0009349999999999999,0.00138140327203898,-0.0022,0.0028,0.005,0.0016680827317612278,0.0012,0.0013,0.00010000000000000005,-0.0005949999999999999,0.0011939325776608996,-0.0024,0.0025,0.0049,0.0013339790103296227,-0.0009,-0.0007,0.00019999999999999998,9.8066,0.0,9.8066,9.8066,0.0,9.8066,9.8066,9.8066,0.0,-11.205,0.24102904389305438,-11.5,-10.5,1.0,11.207592069664207,-11.12,-11.06,0.05999999999999872,-28.5165,0.27441346541305167,-29.0,-27.87,1.129999999999999,28.517820305906973,-28.81,-28.62,0.18999999999999773,7.0515,0.4255851853624606,6.13,7.81,1.6799999999999997,7.064331178533464,7.44,6.94,-0.5,351.45649999999995,2.706886172338983,344.8,359.67,14.870000000000005,351.466923941642,352.61,349.36,-3.25,-84.30600000000001,0.07220803279414201,-84.41,-84.18,0.22999999999998977,84.3060309230603,-84.41,-84.18,0.22999999999998977,-129.412,0.7226382220724309,-130.67,-128.23,2.4399999999999977,129.4140175946949,-128.23,-130.67,-2.4399999999999977,9.900461040148341,0.24572188853413277,9.505185827220844,10.265655374110317,0.7604695468894729,9.903509885591067,9.836548400226576,9.987720015098542,0.1511716148719664,0.02221469045891642,0.006630085053340377,0.009575489543621255,0.034530710968643546,0.02495522142502229,0.023182978669705062,0.0200124960961895,0.020422291742113567,0.0004097956459240687,0.1,0.0010488088481683845,0.09799999999999898,0.10299999999999443,0.0049999999999954525,0.1000054998487583,0.09999999999999432,0.09999999999999432,0.0,0.1,2.0,48.63418126031459,-54.38838781662594,95.399
0.27210999999999996,0.12149390478538419,0.0685,0.4538,0.3853,0.2980010419444872,0.1853,0.3055,0.1202,-0.17593999999999999,0.18971511642460123,-0.4881,0.104,0.5921,0.25874062108605983,0.0709,-0.4125,-0.4834,9.878779999999997,0.2629905770175045,9.484,10.2649,0.7809000000000008,9.882280016878696,10.2456,9.5503,-0.6952999999999996,0.0005500000000000002,0.01768709981879449,-0.0254,0.0252,0.0506,0.017695649182779365,0.0182,0.0038,-0.014400000000000001,-0.00249,0.011556119590935358,-0.022,0.0192,0.0412,0.011821336641852307,-0.0177,-0.015,0.002700000000000001,-0.00013500000000000507,0.009274765495687745,-0.0143,0.0234,0.0377,0.009275747948278883,-0.0031,-0.0138,-0.0107,0.0008049999999999999,0.0014698554350683606,-0.0022,0.0028,0.005,0.0016758579892103029,0.0011,-0.0014,-0.0025,-0.00055,0.0011985407794480754,-0.0024,0.0025,0.0049,0.0013187114923287806,0.0005,0.0,-0.0005,9.8066,0.0,9.8066,9.8066,0.0,9.8066,9.8066,9.8066,0.0,-11.211500000000001,0.24040122711833223,-11.5,-10.5,1.0,11.214077090871099,-10.87,-11.25,-0.3800000000000008,-28.5105,0.26919277479159837,-29.0,-27.87,1.129999999999999,28.51177081487574,-28.06,-28.69,-0.6300000000000026,7.0575,0.43182027511454335,6.13,7.81,1.6799999999999997,7.070698338919573,7.06,7.56,0.5,351.5265,2.753510985995877,344.8,359.67,14.870000000000005,351.537283975683,352.63,354.01,1.3799999999999955,-84.29400000000001,0.07385120175054631,-84.41,-84.17,0.23999999999999488,84.2940323510508,-84.4,-84.17,0.23000000000000398,-129.53549999999998,0.7211412829674929,-130.7,-128.26,2.4399999999999977,129.53750732895858,-128.26,-130.7,-2.4399999999999977,9.886837856290356,0.25621644253234505,9.505185827220844,10.265655374110317,0.7604695468894729,9.890157211187292,10.247520786024294,9.564084723066813,-0.6834360629574814,0.02225074303883182,0.0066199648201389375,0.009575489543621255,0.034530710968643546,0.02495522142502229,0.0232146397775197,0.025576160775221915,0.020733547694497437,-0.004842613080724478,0.1,0.0010488088481683845,0.09799999999999898,0.10299999999999443,0.0049999999999954525,0.1000054998487583,0.10000000000000853,0.09999999999999432,-1.4210854715202004e-14,0.1,2.0,49.21608536383968,-55.04469417705806,95.499
0.26725,0.12670175413150364,0.0685,0.4538,0.3853,0.29576324484289795,0.4538,0.0881,-0.36569999999999997,-0.174225,0.19207907193393037,-0.4881,0.1052,0.5932999999999999,0.2593235826144626,-0.4543,0.1052,0.5595,9.877569999999999,0.2613506401369623,9.484,10.2649,0.7809000000000008,9.88102693357325,9.5168,10.2214,0.7045999999999992,0.0014099999999999996,0.01890089680412017,-0.0254,0.0354,0.0608,0.018953416578548578,0.0224,0.0354,0.013000000000000001,-0.0017449999999999996,0.011019368176079788,-0.022,0.0192,0.0412,0.011156679613576791,-0.0008,-0.0028,-0.002,0.0004499999999999952,0.009436869184215702,-0.0143,0.0234,0.0377,0.009447592285868391,0.0069999999999999,0.0086,0.0016000000000000996,0.0006949999999999999,0.0015249508188790875,-0.0022,0.0028,0.005,0.0016758579892103029,0.0027,-0.0011,-0.0038000000000000004,-0.000455,0.0013444236683426843,-0.0024,0.0025,0.0049,0.0014193308282426616,-0.0002,0.0024,0.0026,9.8066,0.0,9.8066,9.8066,0.0,9.8066,9.8066,9.8066,0.0,-11.233500000000001,0.22795339435946096,-11.5,-10.5,1.0,11.235812609686938,-11.37,-11.31,0.05999999999999872,-28.567000000000007,0.28672460654781645,-29.19,-27.87,1.3200000000000003,28.568438879294753,-28.5,-29.19,-0.6900000000000013,7.042,0.4369851256049797,6.13,7.81,1.6799999999999997,7.055545336825496,6.69,6.75,0.05999999999999961,351.35949999999997,2.7826506697751308,344.8,359.67,14.870000000000005,351.37051866228046,352.41,349.29,-3.1200000000000045,-84.283,0.07362744053679818,-84.41,-84.17,0.23999999999999488,84.28303215950407,-84.41,-84.18,0.22999999999998977,-129.6585,0.7026540756303918,-130.72,-128.44,2.280000000000001,129.6604039211663,-128.44,-130.72,-2.280000000000001,9.885577866947463,0.2544958074672656,9.505185827220844,10.265655374110317,0.7604695468894729,9.888853213568295,9.538438298275038,10.222320999166481,0.6838827008914432,0.022798790221482648,0.007292164592000592,0.009575489543621255,0.03653710442823843,0.026961614884617176,0.02393659332486559,0.023481907929297368,0.03653710442823843,0.013055196498941064,0.10004999999999953,0.0010712142642796772,0.09799999999999898,0.10299999999999443,0.0049999999999954525,0.1000557344683447,0.09999999999999432,0.10099999999999909,0.0010000000000047748,0.10004999999999953,2.0009999999999906,49.79977375411667,-55.70925566936941,95.6
0.259685,0.11965863226278328,0.0685,0.4412,0.3727,0.28592741648887043,0.1367,0.3025,0.1658,-0.16503,0.18262037974990633,-0.4881,0.1052,0.5932999999999999,0.24614041521050536,-0.0144,-0.2704,-0.25599999999999995,9.880304999999998,0.25782332996647134,9.484,10.2649,0.7809000000000008,9.883668335314576,10.2,9.5715,-0.628499999999999,0.00023000000000000017,0.01828012855534665,-0.0254,0.0354,0.0608,0.018281575424453987,-0.0091,-0.0012,0.0079,-0.0008549999999999995,0.011754083333037927,-0.022,0.0192,0.0412,0.011785138946995915,0.0086,0.017,0.008400000000000001,0.00045499999999999984,0.009440364134926153,-0.0143,0.0234,0.0377,0.00945132265876052,0.0032,0.0071,0.0039000000000000003,0.0006249999999999999,0.0014621473933909672,-0.0022,0.0028,0.005,0.0015901257811883939,0.0021,0.0013,-0.0007999999999999999,-0.000505,0.0013525808663440422,-0.0024,0.0025,0.0049,0.0014437797615980076,-0.0018,-0.0012,0.0006000000000000001,9.8066,0.0,9.8066,9.8066,0.0,9.8066,9.8066,9.8066,0.0,-11.243,0.23721509226859902,-11.56,-10.5,1.0600000000000005,11.245502211995692,-11.44,-11.56,-0.120000000000001,-28.554500000000008,0.29471129941011787,-29.19,-27.87,1.3200000000000003,28.55602081873453,-28.94,-28.25,0.6900000000000013,7.085500000000001,0.44304034804970066,6.13,7.81,1.6799999999999997,7.099337645160991,6.5,7.56,1.0599999999999996,351.2855,2.7733940848714562,344.8,359.67,14.870000000000005,351.2964477830654,351.84,350.93,-0.9099999999999682,-84.271,0.07147726911403217,-84.38,-84.17,0.20999999999999375,84.27103031291358,-84.38,-84.17,0.20999999999999375,-129.783,0.6962908874888433,-130.93,-128.82,2.1100000000000136,129.78486780052594,-128.82,-130.93,-2.1100000000000136,9.88766073974465,0.2518024021177766,9.505185827220844,10.265655374110317,0.7604695468894729,9.89086646123584,10.200926146679036,9.580095754218744,-0.6208303924602916,0.02254780099442626,0.007350487760397275,0.009575489543621255,0.03653710442823843,0.026961614884617176,0.02371566992517816,0.012923234889144436,0.01846212338816963,0.005538888499025193,0.1,0.0010954451150084277,0.09799999999999898,0.10299999999999443,0.0049999999999954525,0.1000059998200108,0.10000000000000853,0.09900000000000375,-0.0010000000000047748,0.1,2.0,50.375051034598215,-56.361147434505455,95.699
0.263835,0.1167246343965146,0.0685,0.4412,0.3727,0.28850224869140967,0.4067,0.2197,-0.187,-0.17358,0.17934151108987567,-0.4881,0.1052,0.5932999999999999,0.24958644594608895,-0.2753,-0.1854,0.08989999999999998,9.867589999999998,0.24782005346621966,9.484,10.2649,0.7809000000000008,9.87070145364553,9.7547,9.9457,0.19100000000000072,-0.000665,0.019133302772914036,-0.027,0.0354,0.0624,0.019144855705907005,-0.0243,-0.027,-0.002700000000000001,-0.0011499999999999995,0.011585918176821378,-0.022,0.0192,0.0412,0.01164285188431082,0.0048,0.0027,-0.0020999999999999994,5.5000000000000144e-05,0.009484960463807954,-0.0143,0.0234,0.0377,0.009485119925441113,-0.0134,-0.0048,0.0086,0.0005999999999999998,0.00144083309234623,-0.0022,0.0028,0.005,0.0015607690412101337,0.0002,0.0016,0.0014,-0.00047500000000000005,0.0013299906014705518,-0.0024,0.0025,0.0049,0.001412267680009707,-0.0019,-0.0012,0.0007000000000000001,9.8066,0.0,9.8066,9.8066,0.0,9.8066,9.8066,9.8066,0.0,-11.236500000000001,0.23347965650137484,-11.56,-10.5,1.0600000000000005,11.238925437958915,-10.5,-11.31,-0.8100000000000005,-28.513500000000004,0.2952672518245125,-29.19,-27.87,1.3200000000000003,28.51502875678017,-27.87,-28.12,-0.25,7.1385000000000005,0.43311978712591725,6.13,7.81,1.6799999999999997,7.1516274371642155,7.81,7.56,-0.25,351.37350000000004,2.8171692796138443,344.8,359.67,14.870000000000005,351.3847932751217,359.67,353.6,-6.069999999999993,-84.25900000000001,0.07231182475916251,-84.37,-84.14,0.23000000000000398,84.25903102932052,-84.36,-84.14,0.21999999999999886,-129.8945,0.7115368929296652,-131.05,-128.85,2.200000000000017,129.8964488159703,-128.92,-131.05,-2.130000000000024,9.875107120145904,0.24193696316117488,9.505185827220844,10.265655374110317,0.7604695468894729,9.878070364625875,9.767055189257404,9.949853754704137,0.182798565446733,0.023279436404850695,0.007079324874061928,0.009575489543621255,0.03653710442823843,0.026961614884617176,0.024332057044154733,0.028161853632174143,0.02755594309763322,-0.0006059105345409231,0.10004999999999953,0.0011169153951825464,0.09799999999999898,0.10299999999999443,0.0049999999999954525,0.10005623418857969,0.09999999999999432,0.10099999999999909,0.0010000000000047748,0.10004999999999953,2.0009999999999906,50.96194715203799,-57.02852692835944,95.8
0.24887499999999996,0.11662911246768536,0.0685,0.4412,0.3727,0.27484744041013004,0.4412,0.1075,-0.3337,-0.16504999999999997,0.1783549592806435,-0.4881,0.1052,0.5932999999999999,0.24300616041573922,-0.4711,-0.1047,0.3664,9.868684999999997,0.24736679501299272,9.484,10.2649,0.7809000000000008,9.871784740385094,9.5304,9.7766,0.24619999999999997,0.001055,0.018465873253112077,-0.027,0.0354,0.0624,0.018495986051032802,0.0165,0.0101,-0.006400000000000001,-0.0023199999999999996,0.012096263886010424,-0.022,0.0192,0.0412,0.01231673658076684,-0.0202,-0.0186,0.0016000000000000007,0.0006749999999999999,0.008976852176570582,-0.0143,0.0234,0.0377,0.009002194176977079,0.0012,-0.001,-0.0021999999999999997,0.0005449999999999999,0.001475626985386212,-0.0022,0.0028,0.005,0.0015730543537970962,-0.0022,-0.0009,0.0013000000000000002,-0.00035000000000000005,0.0013074784893068031,-0.0024,0.0025,0.0049,0.0013535139452550905,0.0025,0.0006,-0.0019000000000000002,9.806595,2.1794494717652574e-05,9.8065,9.8066,9.999999999976694e-05,9.806595000024219,9.8066,9.8065,-9.999999999976694e-05,-11.277000000000001,0.1613102600580632,-11.56,-10.94,0.620000000000001,11.278153660950005,-11.19,-11.31,-0.120000000000001,-28.52,0.2821701614274623,-29.19,-28.0,1.1900000000000013,28.521395828395214,-28.75,-28.0,0.75,7.0920000000000005,0.40770822900697007,6.13,7.63,1.5,7.103709594289451,7.25,6.88,-0.3700000000000001,350.8375,2.1216075862420887,344.8,355.52,10.71999999999997,350.8439149037646,351.76,348.95,-2.8100000000000023,-84.24800000000002,0.07284229540589612,-84.37,-84.14,0.23000000000000398,84.2480314903559,-84.36,-84.14,0.21999999999999886,-130.001,0.7170906497786744,-131.05,-128.85,2.200000000000017,130.00297773512727,-128.87,-131.05,-2.180000000000007,9.875641939529132,0.24170923071588257,9.505185827220844,10.265655374110317,0.7604695468894729,9.878599448808519,9.552230986005311,9.777751576921967,0.22552059091665555,0.022930789332983238,0.007001564151412321,0.009575489543621255,0.03653710442823843,0.026961614884617176,0.023975883716768395,0.02610995978549182,0.021188912194824914,-0.004921047590666906,0.1,0.0011401754250971038,0.09799999999999898,0.10299999999999443,0.0049999999999954525,0.10000649978876372,0.10099999999999909,0.09900000000000375,-0.001999999999995339,0.1,2.0,51.531251413849446,-57.6943242073163,95.899
0.23508499999999993,0.10913818889371402,0.0685,0.428,0.3595,0.2591835286047321,0.283,0.1654,-0.11759999999999998,-0.14525,0.1647412258665086,-0.4881,0.1052,0.5932999999999999,0.21962976574226,-0.1755,-0.0751,0.10039999999999999,9.8921,0.23614704529169947,9.484,10.2649,0.7809000000000008,9.894918283492796,9.9792,9.9987,0.019499999999998963,3.4999999999999916e-05,0.018145199778453806,-0.027,0.0354,0.0624,0.018145233533906364,0.0235,-0.0039,-0.0274,-0.0011399999999999997,0.011427090618350762,-0.022,0.0192,0.0412,0.011483814697216252,0.0034,0.0034,0.0,0.0009700000000000004,0.009085543462006001,-0.0143,0.0234,0.0377,0.009137176806869833,0.0047,0.0071,0.0024000000000000002,0.0008699999999999999,0.0015492256130079957,-0.0017,0.0043,0.006,0.0017767948671695334,-0.0013,0.0043,0.0056,-0.0006000000000000001,0.001213260071048248,-0.0025,0.0024,0.0049,0.0013535139452550905,0.0001,-0.0025,-0.0026,9.806595,2.1794494717652574e-05,9.8065,9.8066,9.999999999976694e-05,9.806595000024219,9.8066,9.8066,0.0,-11.261000000000001,0.18349114420047635,-11.56,-10.87,0.6900000000000013,11.26249483906652,-11.37,-10.87,0.5,-28.497999999999998,0.28052807346146336,-29.19,-28.0,1.1900000000000013,28.49938069502564,-28.75,-28.31,0.4400000000000013,7.1265,0.4469258887108689,6.13,7.94,1.8100000000000005,7.140500332609753,7.44,7.94,0.5,350.93050000000005,2.1993487104140583,344.8,355.52,10.71999999999997,350.9373918022986,351.79,353.62,1.829999999999984,-84.23750000000003,0.07105455650413843,-84.37,-84.14,0.23000000000000398,84.23752996734889,-84.37,-84.15,0.21999999999999886,-130.10950000000003,0.7017583273463884,-131.05,-128.85,2.200000000000017,130.1113924873606,-128.85,-131.04,-2.1899999999999977,9.898047887072728,0.2312340755924749,9.505185827220844,10.265655374110317,0.7604695468894729,9.900748515768896,9.984754473195624,10.000349936877209,0.015595463681584931,0.022064552086320594,0.007600726362002875,0.00878521485223896,0.03653710442823843,0.027751889575999472,0.023336998521660834,0.02420537130473317,0.00878521485223896,-0.01542015645249421,0.1,0.0011401754250971038,0.09799999999999898,0.10299999999999443,0.0049999999999954525,0.1000064997887637,0.09900000000000375,0.10099999999999909,0.001999999999995339,0.1,2.0,52.11774408824698,-58.36429302999761,96.0
0.22796,0.11042147617198386,0.0685,0.428,0.3595,0.25329560596267753,0.3011,0.1405,-0.16059999999999997,-0.142045,0.1647450681355894,-0.4881,0.1052,0.5932999999999999,0.2175263650686969,-0.2043,-0.1114,0.09290000000000001,9.89368,0.23682925199392058,9.484,10.2649,0.7809000000000008,9.896514135643924,9.7349,10.0108,0.27590000000000003,-0.0019700000000000004,0.017650328608838986,-0.027,0.0354,0.0624,0.017759926801650956,-0.0228,-0.0166,0.006200000000000001,-0.0009399999999999999,0.011539254741966657,-0.022,0.0192,0.0412,0.011577478136450959,0.0129,0.0074,-0.0055,0.0007350000000000001,0.009046727308811736,-0.0143,0.0234,0.0377,0.009076535682737108,0.0051,0.0,-0.0051,0.0010400000000000001,0.0014870776711389355,-0.0017,0.0043,0.006,0.0018146625030566977,0.0026,0.0021,-0.0005,-0.00071,0.0012441462936487815,-0.0025,0.0024,0.0049,0.0014324803663575986,-0.002,-0.0021,-9.999999999999983e-05,9.806595,2.1794494717652574e-05,9.8065,9.8066,9.999999999976694e-05,9.806595000024219,9.8066,9.8066,0.0,-11.236,0.20023486209948566,-11.56,-10.87,0.6900000000000013,11.237784034230236,-11.25,-10.87,0.3800000000000008,-28.479000000000003,0.27564288490726585,-29.19,-28.0,1.1900000000000013,28.480333916581806,-29.0,-28.37,0.629999999999999,7.117,0.4421549502154194,6.13,7.94,1.8100000000000005,7.1307215623666025,7.38,7.25,-0.1299999999999999,350.768,2.249336791145331,344.8,355.52,10.71999999999997,350.7752119805503,351.51,348.54,-2.9699999999999704,-84.2245,0.06938839960684898,-84.35,-84.11,0.23999999999999488,84.22452858283032,-84.35,-84.11,0.23999999999999488,-130.23550000000003,0.6904453273069491,-131.37,-129.07,2.3000000000000114,130.23733018992672,-129.07,-131.37,-2.3000000000000114,9.89943044578772,0.2318302601281752,9.505185827220844,10.265655374110317,0.7604695468894729,9.902144637425772,9.741697886405634,10.01240564749551,0.27070776108987715,0.021763018906110845,0.007629384515952908,0.00878521485223896,0.03653710442823843,0.027751889575999472,0.02306158060498022,0.02668819963954107,0.01817470770053813,-0.00851349193900294,0.1,0.0011401754250971038,0.09799999999999898,0.10299999999999443,0.0049999999999954525,0.10000649978876372,0.10099999999999909,0.09900000000000375,-0.001999999999995339,0.1,2.0,52.69160833064856,-59.02292172520865,96.099
0.22903500000000002,0.11122998820012525,0.0685,0.428,0.3595,0.25461567410511077,0.3,0.3226,0.02260000000000001,-0.14316999999999996,0.16524242221657248,-0.4881,0.1052,0.5932999999999999,0.21863830176801136,-0.0519,-0.2268,-0.1749,9.894499999999999,0.23630588439562805,9.484,10.2649,0.7809000000000008,9.897321391214899,10.0682,9.7513,-0.3168999999999986,-0.0005850000000000006,0.017037642882746427,-0.027,0.0354,0.0624,0.017047683127041045,-0.0091,0.0049,0.014,-0.0020849999999999996,0.011241453420265548,-0.022,0.0192,0.0412,0.011433175411931716,-0.0096,-0.01,-0.00040000000000000105,0.00016500000000000022,0.009112643688853417,-0.0143,0.0234,0.0377,0.009114137370042213,-0.0009,-0.0063,-0.0054,0.0008700000000000001,0.0014933519344079613,-0.0017,0.0043,0.006,0.001728293956478469,0.0017,-0.0008,-0.0025,-0.0006100000000000001,0.0012165114056185418,-0.0025,0.0024,0.0049,0.00136088206689632,-0.0009,0.0,0.0009,9.806595,2.1794494717652574e-05,9.8065,9.8066,9.999999999976694e-05,9.806595000024219,9.8066,9.8066,0.0,-11.229500000000002,0.20177896322461383,-11.56,-10.87,0.6900000000000013,11.231312701550072,-11.44,-11.12,0.3200000000000003,-28.457,0.24950150300148535,-29.19,-28.0,1.1900000000000013,28.458093752041794,-28.44,-28.56,-0.11999999999999744,7.100999999999999,0.4381198466173382,6.13,7.94,1.8100000000000005,7.114502793590006,7.31,7.06,-0.25,350.60849999999994,2.3035153027492523,344.8,355.52,10.71999999999997,350.61606702346086,351.35,348.32,-3.0300000000000296,-84.21149999999999,0.0690126799943301,-84.32,-84.09,0.22999999999998977,84.2115282784964,-84.32,-84.09,0.22999999999998977,-130.3535,0.6827977372545985,-131.43,-129.24,2.1899999999999977,130.35528825099502,-129.24,-131.43,-2.1899999999999977,9.900309076461879,0.23126339966906545,9.505185827220844,10.265655374110317,0.7604695468894729,9.903009773270952,10.072802234234523,9.75927049988881,-0.31353173434571247,0.02106833542819627,0.007780343326936799,0.00878521485223896,0.03653710442823843,0.027751889575999472,0.022459040495978452,0.01325820500671188,0.012794530081249565,-0.00046367492546231515,0.09994999999999976,0.0011169153951823875,0.09799999999999898,0.10299999999999443,0.0049999999999954525,0.09995624042549794,0.09900000000000375,0.09999999999999432,0.000999999999990564,0.09994999999999976,1.9989999999999952,53.2727360484885,-59.68961556646218,96.199
0.22048499999999996,0.11201587510259428,0.0685,0.428,0.3595,0.24730788806667686,0.1969999999999999,0.129,-0.0679999999999999,-0.14593,0.16415231372112912,-0.4881,0.1052,0.5932999999999999,0.2196395843194027,-0.0814,-0.1071,-0.0257,9.888229999999997,0.23325783609559606,9.484,10.2649,0.7809000000000008,9.89098082856296,10.1081,9.9428,-0.16530000000000022,0.0009049999999999996,0.01752394005353819,-0.027,0.0354,0.0624,0.017547293238559615,0.0087,0.0207,0.012,-0.001945,0.011164160290859315,-0.022,0.0192,0.0412,0.011332321033221746,-0.0024,-0.0068,-0.004399999999999999,0.00041000000000000005,0.009146523929887245,-0.0143,0.0234,0.0377,0.00915570860174132,0.0032,0.004,0.0007999999999999999,0.0008900000000000002,0.0015069505632236248,-0.0017,0.0043,0.006,0.0017501428513124293,0.0014,0.0021,0.0006999999999999999,-0.000555,0.001226977994912704,-0.0025,0.0024,0.0049,0.0013466625412478065,0.0004,0.0002,-0.0002,9.806595,2.1794494717652574e-05,9.8065,9.8066,9.999999999976694e-05,9.806595000024219,9.8066,9.8066,0.0,-11.232500000000002,0.2053016073975069,-11.56,-10.87,0.6900000000000013,11.234376039638338,-11.25,-11.5,-0.25,-28.447499999999998,0.25355226285718735,-29.19,-28.0,1.1900000000000013,28.448629931861394,-28.62,-28.25,0.370000000000001,7.097999999999999,0.43688213513486673,6.13,7.94,1.8100000000000005,7.111432345174916,7.25,7.25,0.0,350.4615,2.3449419502409805,344.8,355.52,10.71999999999997,350.4693449290537,351.15,348.41,-2.7399999999999523,-84.20049999999999,0.06837214345038459,-84.32,-84.09,0.22999999999998977,84.20052775962868,-84.32,-84.1,0.21999999999999886,-130.4645,0.6731379873398923,-131.46,-129.34,2.1200000000000045,130.46623653267537,-129.34,-131.46,-2.1200000000000045,9.893879642556856,0.22814492783973986,9.505185827220844,10.265655374110317,0.7604695468894729,9.896509712494602,10.11034720323689,9.94421355613404,-0.16613364710284984,0.021513046503043608,0.007572636935564992,0.00878521485223896,0.03653710442823843,0.027751889575999472,0.022806928771757058,0.009575489543621255,0.02215242650365869,0.012576936960037435,0.10004999999999953,0.0011169153951825464,0.09799999999999898,0.10299999999999443,0.0049999999999954525,0.10005623418857969,0.10299999999999443,0.10099999999999909,-0.001999999999995339,0.10004999999999953,2.0009999999999906,53.85909283745568,-60.375791581203686,96.3
0.22536499999999998,0.11300803632928058,0.0685,0.428,0.3595,0.2521114822851192,0.121,0.2946,0.17359999999999998,-0.15621999999999997,0.1662219979425106,-0.4881,0.1052,0.5932999999999999,0.2281105894078572,-0.0301,-0.2872,-0.2571,9.863424999999998,0.23492964877809686,9.484,10.2649,0.7809000000000008,9.866222411363937,10.1227,9.612,-0.5106999999999999,0.00025999999999999987,0.01746245687181503,-0.027,0.0354,0.0624,0.017464392345569884,-0.0088,-0.0042,0.004600000000000001,-0.00131,0.011477016162748923,-0.022,0.0192,0.0412,0.011551536694310416,0.0033,0.0103,0.007,0.00039499999999999984,0.009142181085495955,-0.0143,0.0234,0.0377,0.009150710354939664,0.0081,0.0029,-0.0052,0.00093,0.0015303921066184313,-0.0017,0.0043,0.006,0.0017908098726553859,0.0013,0.0022,0.0009000000000000002,-0.00065,0.001222906374175881,-0.0025,0.0024,0.0049,0.0013849187701811252,-0.0012,-0.0015,-0.00030000000000000014,9.806595,2.1794494717652574e-05,9.8065,9.8066,9.999999999976694e-05,9.806595000024219,9.8066,9.8066,0.0,-11.220000000000002,0.21137644144984574,-11.56,-10.87,0.6900000000000013,11.221990910707422,-11.37,-11.0,0.3699999999999992,-28.426000000000005,0.2562303651014067,-29.19,-28.0,1.1900000000000013,28.42715479959259,-28.37,-28.19,0.17999999999999972,7.085499999999999,0.4359297535154029,6.13,7.94,1.8100000000000005,7.098897449604411,6.88,7.0,0.1200000000000001,350.319,2.3850259956654503,344.8,355.52,10.71999999999997,350.32711871906236,351.06,348.3,-2.759999999999991,-84.18899999999998,0.06662582082046004,-84.31,-84.09,0.21999999999999886,84.18902636329749,-84.31,-84.09,0.21999999999999886,-130.5745,0.6600187497336725,-131.54,-129.47,2.069999999999993,130.57616809739824,-129.47,-131.54,-2.069999999999993,9.869402345695358,0.22986224088130244,9.505185827220844,10.265655374110317,0.7604695468894729,9.87207877354106,10.123467898897097,9.620801266006902,-0.502666632890195,0.021609032845682406,0.007431567766912905,0.00878521485223896,0.03653710442823843,0.027751889575999472,0.02285122535007696,0.012407255941585149,0.011495216396397242,-0.0009120395451879069,0.09990000000000024,0.000888819441730127,0.09799999999999898,0.10099999999999909,0.0030000000000001137,0.09990395387571027,0.09799999999999898,0.10000000000000853,0.0020000000000095497,0.09990000000000024,1.9980000000000047,54.44260029916532,-61.04521156447623,96.4
0.224265,0.11412015279958224,0.0685,0.428,0.3595,0.25163107816801955,0.3745,0.099,-0.27549999999999997,-0.15150999999999998,0.17099503179917244,-0.4881,0.1052,0.5932999999999999,0.22846133370879196,-0.4881,0.0641,0.5522,9.865765,0.23771702352797522,9.484,10.2649,0.7809000000000008,9.868628497339435,9.5746,10.1695,0.5948999999999991,-0.00015500000000000027,0.01776877809529963,-0.027,0.0354,0.0624,0.017769454127800326,-0.0175,-0.0171,0.00040000000000000105,-0.0014449999999999997,0.01143780901221908,-0.022,0.0192,0.0412,0.011528724994551652,-0.0043,0.0006,0.0049,-0.0004000000000000001,0.009128910121148089,-0.0143,0.0234,0.0377,0.009137669287077531,-0.0119,-0.0078,0.004100000000000001,0.000885,0.0015320819168699825,-0.0017,0.0043,0.006,0.0017693219040072952,0.0005,0.0004,-9.999999999999999e-05,-0.0006700000000000001,0.0012349493916756266,-0.0025,0.0024,0.0049,0.0014049911031746784,-0.0016,-0.0016,0.0,9.806595,2.1794494717652574e-05,9.8065,9.8066,9.999999999976694e-05,9.806595000024219,9.8066,9.8066,0.0,-11.214,0.20871990801071197,-11.56,-10.87,0.6900000000000013,11.215942225243495,-11.5,-11.25,0.25,-28.454500000000007,0.2790963095420651,-29.19,-28.0,1.1900000000000013,28.455868726854924,-28.69,-28.94,-0.25,7.073,0.445130317996876,6.13,7.94,1.8100000000000005,7.086993015376833,7.63,6.63,-1.0,350.162,2.4339281008279543,344.8,355.52,10.71999999999997,350.17045884825865,355.52,347.92,-7.599999999999966,-84.17599999999999,0.06711184694225074,-84.29,-84.05,0.2400000000000091,84.17602675346467,-84.29,-84.05,0.2400000000000091,-130.68699999999998,0.653896780845417,-131.72,-129.49,2.2299999999999898,130.68863588698142,-129.54,-131.72,-2.180000000000007,9.871738144521863,0.23265254134013424,9.505185827220844,10.265655374110317,0.7604695468894729,9.874479287486505,9.594345054249404,10.170183875427227,0.5758388211778236,0.021928896085256035,0.0071613906807297106,0.00878521485223896,0.03653710442823843,0.027751889575999472,0.023068636717413535,0.021595138341765723,0.018804520733057783,-0.0027906176087079404,0.09994999999999976,0.0008046738469704513,0.09899999999998954,0.10099999999999909,0.0020000000000095497,0.09995323906707552,0.09900000000000375,0.09899999999998954,-1.4210854715202004e-14,0.09994999999999976,1.9989999999999952,55.010215319773124,-61.70950062767176,96.499
0.22873499999999997,0.12143371556120648,0.0685,0.4639,0.3954,0.25897074641742834,0.0876,0.4639,0.37629999999999997,-0.14583,0.16133389011611912,-0.4681,0.1052,0.5733,0.21747416628188276,0.0514,-0.3745,-0.4259,9.862895,0.24153089134725583,9.484,10.2649,0.7809000000000008,9.865851962831188,10.1945,9.5172,-0.6772999999999989,0.0015249999999999997,0.017637343195617643,-0.027,0.0354,0.0624,0.017703149437317645,0.0252,0.0161,-0.0091,-0.0017599999999999998,0.011597732537009122,-0.022,0.0192,0.0412,0.011730515760187188,-0.022,-0.0106,0.011399999999999999,0.00028999999999999995,0.008747165255098362,-0.0143,0.0234,0.0377,0.008751971206533989,-0.0017,0.0019,0.0036,0.00083,0.0015643209389380429,-0.0017,0.0043,0.006,0.0017708754896942924,-0.0004,-0.0006,-0.00019999999999999993,-0.000505,0.0013173742824269799,-0.0025,0.0024,0.0049,0.0014108508071373103,0.0008,0.0017,0.0008999999999999999,9.806595,2.1794494717652574e-05,9.8065,9.8066,9.999999999976694e-05,9.806595000024219,9.8066,9.8066,0.0,-11.1795,0.21551044058235333,-11.56,-10.81,0.75,11.18157703546329,-11.06,-10.81,0.25,-28.4355,0.27532662421204424,-29.19,-28.0,1.1900000000000013,28.436832893274175,-28.37,-28.31,0.060000000000002274,7.041500000000001,0.42650058616606845,6.13,7.94,1.8100000000000005,7.05440465241398,7.19,7.0,-0.1900000000000004,349.795,2.133149080584849,344.8,354.01,9.20999999999998,349.80150421346104,351.02,348.18,-2.839999999999975,-84.16399999999999,0.06711184694225061,-84.28,-84.05,0.23000000000000398,84.16402675727915,-84.28,-84.05,0.23000000000000398,-130.791,0.6280995144083447,-131.72,-129.49,2.2299999999999898,130.79250815700416,-129.49,-131.62,-2.1299999999999955,9.868813690884632,0.23645749640908809,9.505185827220844,10.265655374110317,0.7604695468894729,9.871646053875716,10.195005932808474,9.535855981504755,-0.6591499513037196,0.02181761735584159,0.007182971036700608,0.00878521485223896,0.03653710442823843,0.027751889575999472,0.02296962124197959,0.033495223540081054,0.019369563753476742,-0.014125659786604312,0.1,0.0007745966692405955,0.09899999999998954,0.10099999999999909,0.0020000000000095497,0.10000299995500134,0.10099999999999909,0.10000000000000853,-0.000999999999990564,0.1,2.0,55.59435693548309,-62.38169373893962,96.599
0.230705,0.11943120394185099,0.0685,0.4639,0.3954,0.25978569918299965,0.3404,0.127,-0.21339999999999998,-0.15098,0.15652821662562952,-0.4681,0.1052,0.5733,0.2174765343663541,-0.1907,-0.0516,0.1391,9.85917,0.23691844820528413,9.484,10.2649,0.7809000000000008,9.862016195484573,9.6288,10.12,0.4911999999999992,0.0014199999999999998,0.017501817048523848,-0.027,0.0354,0.0624,0.017559328005365124,0.0153,0.0231,0.0078,-0.0006550000000000001,0.010629039232216616,-0.0186,0.0192,0.0378,0.010649201848025982,0.0049,0.0001,-0.0048,0.0009549999999999999,0.009070197076138974,-0.0143,0.0234,0.0377,0.009120334423693026,0.0116,0.0116,0.0,0.0007900000000000001,0.0016049610587176252,-0.0017,0.0043,0.006,0.0017888543819998318,0.0005,-0.0012,-0.0017,-0.0005100000000000001,0.001312592853858347,-0.0025,0.0024,0.0049,0.001408190328045183,-0.0007,0.0007,0.0014,9.806595,2.1794494717652574e-05,9.8065,9.8066,9.999999999976694e-05,9.806595000024219,9.8066,9.8066,0.0,-11.2015,0.2244610211150258,-11.56,-10.81,0.75,11.203748703001152,-11.06,-11.5,-0.4399999999999995,-28.432499999999997,0.27634896417392313,-29.19,-28.0,1.1900000000000013,28.43384295166589,-28.31,-28.31,0.0,7.028999999999999,0.4256277716503,6.13,7.94,1.8100000000000005,7.041874750377203,7.13,6.94,-0.1899999999999995,349.64900000000006,2.14420824548363,344.8,354.01,9.20999999999998,349.6555745730361,350.71,348.1,-2.609999999999957,-84.15349999999998,0.06451937693437633,-84.28,-84.05,0.23000000000000398,84.15352473307343,-84.28,-84.07,0.21000000000000796,-130.901,0.5815401963751078,-131.72,-129.74,1.9799999999999898,130.90229176756228,-129.74,-131.69,-1.9499999999999886,9.865109813952914,0.2318543748776392,9.505185827220844,10.265655374110317,0.7604695468894729,9.867834012208556,9.636702137660995,10.120928394174122,0.4842262565131268,0.021435315075669464,0.006741162185170848,0.00878521485223896,0.03653710442823843,0.027751889575999472,0.022470336001048138,0.01981565038044424,0.025849177936638528,0.006033527556194289,0.09994999999999976,0.0007399324293465529,0.09899999999998954,0.10099999999999909,0.0020000000000095497,0.09995273883190971,0.09900000000000375,0.09999999999999432,0.000999999999990564,0.09994999999999976,1.9989999999999952,56.17623395667863,-63.067163158026716,96.699
0.22946999999999998,0.11841387207586787,0.0685,0.4639,0.3954,0.2582214669619859,0.2963,0.3157,0.019399999999999973,-0.15186,0.15679828889372485,-0.4681,0.1052,0.5733,0.21828230116067585,-0.1124,-0.2083,-0.09590000000000001,9.86185,0.23458907370122745,9.484,10.2649,0.7809000000000008,9.864639752976284,9.9758,9.6824,-0.2934000000000001,-0.0009850000000000006,0.01869350890015034,-0.0328,0.0354,0.06820000000000001,0.018719441765180925,-0.0151,-0.0328,-0.0177,-0.0002449999999999999,0.01098751450510988,-0.0186,0.0192,0.0378,0.010990245675143026,0.0192,0.0131,-0.006099999999999998,0.00049,0.008745107203459543,-0.0143,0.0234,0.0377,0.008758824121992631,-0.0037,0.0023,0.006,0.00098,0.001775274626642312,-0.0017,0.0043,0.006,0.0020278066969018523,0.0013,0.0043,0.003,-0.0006200000000000001,0.0014123030836190934,-0.0029,0.0024,0.005299999999999999,0.001542400726140908,-0.0011,-0.0029,-0.0017999999999999997,9.806595,2.1794494717652574e-05,9.8065,9.8066,9.999999999976694e-05,9.806595000024219,9.8066,9.8066,0.0,-11.233,0.2456033387395213,-11.69,-10.81,0.879999999999999,11.235684669836548,-10.94,-11.69,-0.75,-28.419999999999995,0.287054001888147,-29.19,-28.0,1.1900000000000013,28.42144964634985,-28.31,-28.06,0.25,7.028999999999999,0.4256277716503,6.13,7.94,1.8100000000000005,7.041874750377203,6.5,7.13,0.6299999999999999,349.36250000000007,2.355682226022854,344.8,354.01,9.20999999999998,349.37044185935366,350.32,344.98,-5.339999999999975,-84.14049999999999,0.06391204894227827,-84.25,-84.02,0.23000000000000398,84.14052427338447,-84.25,-84.02,0.23000000000000398,-131.01799999999997,0.5714945319073499,-132.08,-130.03,2.0500000000000114,131.0192464105942,-130.03,-132.08,-2.0500000000000114,9.867763935897504,0.22951655800970264,9.505185827220844,10.265655374110317,0.7604695468894729,9.870432763815375,9.980832284433998,9.689784576552773,-0.2910477078812246,0.022214235921621167,0.007378869996046533,0.00878521485223896,0.03653710442823843,0.027751889575999472,0.023407691043757395,0.024705060210410336,0.03539406729947832,0.010689007089067983,0.1,0.0007071067811859044,0.09899999999998954,0.10099999999999909,0.0020000000000095497,0.10000249996875078,0.09999999999999432,0.10000000000000853,1.4210854715202004e-14,0.1,2.0,56.75994374214463,-63.74268582408746,96.799
0.22894999999999993,0.1181417771154641,0.0685,0.4639,0.3954,0.25763459006895795,0.428,0.2859,-0.1421,-0.15026499999999998,0.15735284323773752,-0.4681,0.1052,0.5733,0.21757639462956455,-0.4681,-0.0805,0.3876,9.86152,0.23443313673625563,9.484,10.2649,0.7809000000000008,9.86430613910578,9.484,9.9692,0.48520000000000074,-0.0016950000000000003,0.019469680916748482,-0.0328,0.0354,0.06820000000000001,0.019543323668199327,-0.0254,-0.0293,-0.0039000000000000007,-0.0015599999999999995,0.01012128450346101,-0.0186,0.017,0.0356,0.010240800749941383,-0.0024,-0.0071,-0.004700000000000001,0.0004,0.008796874444937815,-0.0143,0.0234,0.0377,0.008805963888183962,-0.0143,-0.0055,0.0088,0.0009650000000000003,0.0017737742246407798,-0.0017,0.0043,0.006,0.0020192820506308674,0.0015,0.001,-0.0005,-0.000635,0.0014188992212274974,-0.0029,0.0024,0.005299999999999999,0.0015545095689637938,-0.0018,-0.0014,0.00039999999999999996,9.806595,2.1794494717652574e-05,9.8065,9.8066,9.999999999976694e-05,9.806595000024219,9.8066,9.8066,0.0,-11.239,0.23976863848301766,-11.69,-10.81,0.879999999999999,11.24155727646308,-11.31,-11.06,0.25,-28.444999999999993,0.297951338308792,-29.19,-28.0,1.1900000000000013,28.446560424768407,-28.31,-28.81,-0.5,7.073,0.4139939613086161,6.13,7.94,1.8100000000000005,7.085105503801619,6.5,7.38,0.8799999999999999,349.2135,2.3844753615837586,344.8,354.01,9.20999999999998,349.22164065962465,350.04,347.34,-2.7000000000000455,-84.1285,0.06475144786026113,-84.23,-84.01,0.21999999999999886,84.12852491872182,-84.21,-84.01,0.19999999999998863,-131.124,0.5750078260336996,-132.15,-130.24,1.9099999999999966,131.1252607623718,-130.24,-132.15,-1.9099999999999966,9.867403501639515,0.22934430739009012,9.505185827220844,10.265655374110317,0.7604695468894729,9.87006842304044,9.505185827220844,9.973623599274239,0.4684377720533952,0.02251126062744322,0.007589706513648909,0.00878521485223896,0.03653710442823843,0.027751889575999472,0.02375627285581642,0.029247393046218664,0.030645554326851388,0.0013981612806327239,0.1,0.0007071067811859045,0.09899999999998954,0.10099999999999909,0.0020000000000095497,0.10000249996875078,0.10099999999999909,0.09999999999999432,-0.0010000000000047748,0.1,2.0,57.34249314145373,-64.41961610350435,96.899
0.22572,0.11344532427561745,0.0685,0.4639,0.3954,0.2526249393864351,0.0685,0.3634,0.2949,-0.14393499999999998,0.14662003708565893,-0.4125,0.1052,0.5176999999999999,0.2054622094206134,0.104,-0.3415,-0.4455,9.863980000000002,0.2306869688560667,9.5172,10.2649,0.7477,9.866677146739928,10.2649,9.5332,-0.7317,0.0011550000000000002,0.019956890414090066,-0.0328,0.0354,0.06820000000000001,0.019990285140537644,0.0119,0.0316,0.019700000000000002,-0.00189,0.01025006829245542,-0.0186,0.017,0.0356,0.010422859492480938,-0.0123,-0.009,0.003300000000000001,0.0011849999999999999,0.008124916922652195,-0.0138,0.0234,0.0372,0.008210876932459771,-0.0074,0.0014,0.0088,0.0009400000000000002,0.0017695762204550556,-0.0017,0.0043,0.006,0.002003746490951388,-0.0017,0.001,0.0027,-0.0005349999999999999,0.0014036648460369733,-0.0029,0.0024,0.005299999999999999,0.0015021651041080672,0.0003,0.0002,-9.999999999999996e-05,9.806595,2.1794494717652574e-05,9.8065,9.8066,9.999999999976694e-05,9.806595000024219,9.8066,9.8066,0.0,-11.2515,0.249464927394614,-11.69,-10.81,0.879999999999999,11.254265191472966,-11.12,-11.56,-0.4400000000000013,-28.4355,0.30504876659314684,-29.19,-28.0,1.1900000000000013,28.4371361954751,-28.62,-28.12,0.5,7.1295,0.40901680894554926,6.13,7.94,1.8100000000000005,7.141222934483981,7.31,7.63,0.3200000000000003,349.18500000000006,2.3778235847093443,344.8,354.01,9.20999999999998,349.1930959655417,349.92,349.47,-0.44999999999998863,-84.1185,0.06680381725620269,-84.23,-84.01,0.21999999999999886,84.1185265265625,-84.21,-84.01,0.19999999999998863,-131.2145,0.5711783871961567,-132.15,-130.24,1.9099999999999966,131.21574316750258,-130.25,-132.05,-1.8000000000000114,9.869455911502106,0.22625651021818852,9.535855981504755,10.265655374110317,0.7297993926055621,9.872049027304312,10.265655374110317,9.546234024472687,-0.7194213496376296,0.022693214544263377,0.007789994457509789,0.00878521485223896,0.03653710442823843,0.027751889575999472,0.02399304065765738,0.018645642922677674,0.03288647138262176,0.014240828459944087,0.09994999999999976,0.0006689544080123529,0.09899999999998954,0.10099999999999909,0.0020000000000095497,0.09995223859424036,0.09900000000000375,0.09999999999999432,0.000999999999990564,0.09994999999999976,1.9989999999999952,57.92889497812479,-65.09752537769725,96.999
0.23143000000000002,0.10813818520763144,0.0881,0.4639,0.37579999999999997,0.25544806125707825,0.204,0.1827,-0.021299999999999986,-0.154325,0.13563346148720085,-0.4125,0.1052,0.5176999999999999,0.2054571524673697,-0.0709,-0.1038,-0.0329,9.854065,0.21710382602570563,9.5172,10.2214,0.7041999999999984,9.856456315304198,9.878,10.0666,0.1885999999999992,0.001745,0.020434541223134914,-0.0328,0.0354,0.06820000000000001,0.020508912696678976,0.0241,0.0237,-0.00040000000000000105,-0.00133,0.009968104132682402,-0.0186,0.017,0.0356,0.010056440722243631,-0.008,-0.0011,0.0069,0.00247,0.008678945788516022,-0.0138,0.0234,0.0372,0.009023580220732788,0.0234,0.0183,-0.0051,0.0011700000000000002,0.0017094151046483706,-0.0014,0.0043,0.0057,0.002071472905929498,0.0028,0.0029,9.999999999999983e-05,-0.000565,0.0013918602659750007,-0.0029,0.0024,0.005299999999999999,0.001502165104108067,0.0007,-0.0003,-0.001,9.806595,2.1794494717652574e-05,9.8065,9.8066,9.999999999976694e-05,9.806595000024219,9.8066,9.8066,0.0,-11.273500000000002,0.25620841125927163,-11.69,-10.81,0.879999999999999,11.27641099818555,-11.44,-11.56,-0.120000000000001,-28.4355,0.30504876659314684,-29.19,-28.0,1.1900000000000013,28.4371361954751,-28.62,-28.62,0.0,7.120499999999998,0.40692106114085563,6.13,7.94,1.8100000000000005,7.1321178481570255,6.13,7.13,1.0,348.919,2.5704841956331865,344.6,354.01,9.409999999999968,348.92846824241786,344.8,344.6,-0.19999999999998863,-84.10849999999999,0.06732570088755227,-84.23,-84.01,0.21999999999999886,84.10852694584538,-84.23,-84.01,0.21999999999999886,-131.315,0.5694602707827837,-132.26,-130.24,2.019999999999982,131.31623475412323,-130.24,-132.26,-2.019999999999982,9.859612784883902,0.21268093744832164,9.535855981504755,10.222320999166481,0.6864650176617264,9.861906380056546,9.88036066193942,10.068792841746223,0.18843217980680294,0.02325908959949389,0.007885889360288749,0.00878521485223896,0.03653710442823843,0.027751889575999472,0.02455957043598279,0.034530710968643546,0.029963144027287923,-0.004567566941355624,0.1,0.0006324555320333254,0.09899999999998954,0.10099999999999909,0.0020000000000095497,0.10000199998000041,0.09999999999999432,0.10000000000000853,1.4210854715202004e-14,0.1,2.0,58.51347804814125,-65.77765155980228,97.099
0.22501500000000002,0.11325937610193693,0.0757,0.4639,0.3882,0.25191156483972704,0.3929,0.0757,-0.31720000000000004,-0.15467999999999998,0.1354237741314279,-0.4125,0.1052,0.5176999999999999,0.20558575096538184,-0.2269999999999999,-0.078,0.1489999999999999,9.85014,0.2173450905817747,9.5172,10.2214,0.7041999999999984,9.852537587241168,9.7771,9.7995,0.02239999999999931,-0.00020000000000000017,0.020062078656011693,-0.0328,0.0354,0.06820000000000001,0.02006307553691607,-0.0088,-0.0148,-0.006,0.00020500000000000016,0.011120003372301648,-0.0186,0.0227,0.0413,0.011121892824515079,0.0165,0.0227,0.006200000000000001,0.001145,0.007294962302849823,-0.0138,0.0183,0.032100000000000004,0.007384273830242213,0.0053,-0.0031,-0.0084,0.00109,0.0016682026255823961,-0.0014,0.0043,0.0057,0.001992736811523288,0.0021,0.0012,-0.0009,-0.000665,0.0013690416355976907,-0.0029,0.0024,0.005299999999999999,0.001522005256232711,-0.0024,-0.0013,0.0010999999999999998,9.806595,2.1794494717652574e-05,9.8065,9.8066,9.999999999976694e-05,9.806595000024219,9.8066,9.8066,0.0,-11.229500000000002,0.29626803742557184,-11.69,-10.56,1.129999999999999,11.233407541792474,-11.44,-10.56,0.879999999999999,-28.417,0.3045176513767308,-29.19,-28.0,1.1900000000000013,28.41863156452119,-28.37,-28.25,0.120000000000001,7.167,0.33845383732497397,6.63,7.94,1.3100000000000005,7.174987108002355,6.69,7.06,0.3699999999999992,349.03400000000005,2.4313152818999,344.6,354.01,9.409999999999968,349.0424679748871,349.66,347.1,-2.5600000000000023,-84.09649999999999,0.06597537419371105,-84.2,-83.99,0.21000000000000796,84.09652587949161,-84.2,-83.99,0.21000000000000796,-131.42400000000004,0.5618487340913039,-132.42,-130.53,1.8899999999999864,131.4252009699814,-130.53,-132.42,-1.8899999999999864,9.855599891402834,0.2130085117558694,9.535855981504755,10.222320999166481,0.6864650176617264,9.857901492990282,9.787624013007447,9.800102792318048,0.012478779310601595,0.022896317226983397,0.0075172905651799465,0.00878521485223896,0.03653710442823843,0.027751889575999472,0.02409877590252252,0.01943656348226198,0.027275263518433696,0.007838700036171715,0.1,0.0006324555320333254,0.09899999999998954,0.10099999999999909,0.0020000000000095497,0.10000199998000041,0.10000000000000853,0.09999999999999432,-1.4210854715202004e-14,0.1,2.0,59.09175267543134,-66.46937054227996,97.199
0.21954,0.10751224302375986,0.0757,0.4639,0.3882,0.2444518234744834,0.1187,0.2834,0.16469999999999999,-0.14954499999999998,0.1345283184872241,-0.4125,0.1052,0.5176999999999999,0.2011506288829344,-0.0171,-0.1243,-0.10719999999999999,9.857859999999999,0.21735574618583206,9.5172,10.2214,0.7041999999999984,9.860255944953964,9.987,9.9315,-0.05550000000000033,-0.00039500000000000006,0.020163419228890717,-0.0328,0.0354,0.06820000000000001,0.020167287869220292,-0.0177,-0.0127,0.005000000000000001,-0.0013699999999999995,0.010929643178073106,-0.0186,0.0227,0.0413,0.01101517135590727,-0.0087,-0.015,-0.0063,0.0007400000000000002,0.007277870567686677,-0.0138,0.0183,0.032100000000000004,0.007315394726192156,-0.0053,-0.0028,0.0025,0.000985,0.0016674156650337672,-0.0014,0.0043,0.0057,0.001936620768245554,0.0013,0.0,-0.0013,-0.000535,0.0013207100363062288,-0.0029,0.0024,0.005299999999999999,0.0014249561396758848,-0.0007,0.0002,0.0009,9.806595,2.1794494717652574e-05,9.8065,9.8066,9.999999999976694e-05,9.806595000024219,9.8066,9.8066,0.0,-11.201000000000002,0.3020082780322421,-11.69,-10.56,1.129999999999999,11.205070727130643,-11.06,-10.87,0.19000000000000128,-28.417,0.3045176513767308,-29.19,-28.0,1.1900000000000013,28.41863156452119,-28.62,-28.37,0.25,7.1855,0.3215660896301101,6.63,7.94,1.3100000000000005,7.192691777074839,6.94,7.06,0.11999999999999922,348.89650000000006,2.4694863332280224,344.6,354.01,9.409999999999968,348.9052393917294,349.36,346.91,-2.4499999999999886,-84.08500000000001,0.06697014260101436,-84.18,-83.97,0.21000000000000796,84.08502666943741,-84.18,-83.97,0.21000000000000796,-131.52550000000002,0.5743994690108973,-132.56,-130.67,1.8900000000000148,131.52675425555063,-130.67,-132.56,-1.8900000000000148,9.863034698697053,0.2131011539103945,9.535855981504755,10.222320999166481,0.6864650176617264,9.865336566458339,9.987720015098542,9.93632015889182,-0.051399856206721495,0.022917124434065225,0.007508255967504751,0.00878521485223896,0.03653710442823843,0.027751889575999472,0.0241157313801593,0.020422291742113567,0.01985270762389856,-0.0005695841182150087,0.1,0.0006324555320333254,0.09899999999998954,0.10099999999999909,0.0020000000000095497,0.10000199998000041,0.09999999999999432,0.10000000000000853,1.4210854715202004e-14,0.1,2.0,59.67606424824314,-67.15184532229253,97.299
0.216345,0.11134272528998021,0.0548,0.4639,0.40909999999999996,0.24331535401614096,0.3055,0.0548,-0.2507,-0.14992999999999998,0.13415924157507747,-0.4125,0.1052,0.5176999999999999,0.20119072294715779,-0.4125,-0.0248,0.3877,9.860109999999999,0.21890828650373165,9.5172,10.2214,0.7041999999999984,9.862539736295108,9.5503,10.032,0.4817,0.0011899999999999949,0.01998596757727781,-0.0328,0.0354,0.06820000000000001,0.020021363589925633,0.0038,0.0139999999999999,0.0101999999999999,-0.00121,0.010844256544364857,-0.0186,0.0227,0.0413,0.01091155350992699,-0.015,-0.0055,0.0095,0.0009350000000000001,0.0071647941352142135,-0.0138,0.0183,0.032100000000000004,0.007225544962146454,-0.0138,-0.0014,0.0124,0.0008449999999999999,0.0017505641947669329,-0.0015,0.0043,0.0058,0.0019438364128701777,-0.0014,-0.0015,-0.00010000000000000005,-0.00048000000000000007,0.0013355148819837236,-0.0029,0.0024,0.005299999999999999,0.0014191546779685432,0.0,0.0004,0.0004,9.806595,2.1794494717652574e-05,9.8065,9.8066,9.999999999976694e-05,9.806595000024219,9.8066,9.8066,0.0,-11.223000000000003,0.30692181414816394,-11.69,-10.56,1.129999999999999,11.22719599900171,-11.25,-11.5,-0.25,-28.426499999999997,0.3135326936700543,-29.19,-28.0,1.1900000000000013,28.428229016243698,-28.69,-28.81,-0.11999999999999744,7.198,0.3166006948823707,6.63,7.94,1.3100000000000005,7.204959403077855,7.56,7.19,-0.3699999999999992,348.77400000000006,2.503981629325579,344.6,354.01,9.409999999999968,348.78298840396445,354.01,346.91,-7.099999999999966,-84.0745,0.06771078200700503,-84.18,-83.97,0.21000000000000796,84.0745272659918,-84.17,-83.97,0.20000000000000284,-131.61499999999998,0.5735808574211663,-132.56,-130.7,1.8600000000000136,131.61624983260995,-130.7,-132.46,-1.7600000000000193,9.865257714208777,0.2146167531768522,9.535855981504755,10.222320999166481,0.6864650176617264,9.867591910820998,9.564084723066813,10.032180325333073,0.4680956022662599,0.022651340900207057,0.007683895849281593,0.00878521485223896,0.03653710442823843,0.027751889575999472,0.023919145051610854,0.020733547694497437,0.015106621064950202,-0.005626926629547235,0.1,0.0006324555320333252,0.09899999999998954,0.10099999999999909,0.0020000000000095497,0.10000199998000041,0.09999999999999432,0.09999999999999432,0.0,0.1,2.0,60.25867719120242,-67.83567992430093,97.399
0.21811499999999998,0.11301476131461766,0.0548,0.4639,0.40909999999999996,0.24565522485792968,0.0881,0.3409,0.25279999999999997,-0.14177499999999998,0.12239183745250334,-0.3745,0.1052,0.4797,0.1872963227081621,0.1052,-0.2494,-0.3546,9.868885,0.2096346447393652,9.5172,10.2214,0.7041999999999984,9.871111276219107,10.2214,9.7258,-0.4955999999999996,0.0018549999999999949,0.0202808400960118,-0.0328,0.0354,0.06820000000000001,0.020365497784242834,0.0354,0.0171,-0.0183,-3.999999999999976e-05,0.010551701284627043,-0.0186,0.0227,0.0413,0.010551777101512333,-0.0028,0.0084,0.0112,0.0021350000000000006,0.00658257358485266,-0.0078,0.0183,0.026099999999999998,0.006920151732440554,0.0086,0.0102,0.0016000000000000007,0.0008899999999999998,0.0017032028651925173,-0.0015,0.0043,0.0058,0.0019217179813906097,-0.0011,-0.0005,0.0006000000000000001,-0.000355,0.0014833998112444265,-0.0029,0.0025,0.0054,0.0015252868582663393,0.0024,0.0025,0.00010000000000000026,9.80659,2.9999999999930083e-05,9.8065,9.8066,9.999999999976694e-05,9.806590000045889,9.8066,9.8065,-9.999999999976694e-05,-11.248000000000001,0.32775905784585124,-11.75,-10.56,1.1899999999999995,11.25277432458325,-11.31,-11.75,-0.4399999999999995,-28.4295,0.3163143215221215,-29.19,-28.0,1.1900000000000013,28.43125964497528,-29.19,-28.75,0.4400000000000013,7.163999999999999,0.312384378610711,6.63,7.94,1.3100000000000005,7.170807485911194,6.75,6.88,0.1299999999999999,348.2785,2.397067531380789,344.1,353.62,9.519999999999982,348.2867489512054,349.29,344.1,-5.189999999999998,-84.065,0.06697014260101372,-84.18,-83.97,0.21000000000000796,84.06502667578236,-84.18,-83.98,0.20000000000000284,-131.71150000000003,0.5738752042038393,-132.63,-130.72,1.9099999999999966,131.71275019906008,-130.72,-132.63,-1.9099999999999966,9.873801869963414,0.20567173409827422,9.535855981504755,10.222320999166481,0.6864650176617264,9.875943713362282,10.222320999166481,9.734967838159507,-0.4873531610069737,0.022695184223289304,0.007675324948883932,0.00878521485223896,0.03653710442823843,0.027751889575999472,0.02395792144573481,0.03653710442823843,0.021610414156142402,-0.01492669027209603,0.1,0.0006324555320333254,0.09899999999998954,0.10099999999999909,0.0020000000000095497,0.10000199998000041,0.10099999999999909,0.09999999999999432,-0.0010000000000047748,0.1,2.0,60.842936409390205,-68.53216063390477,97.499
0.21791,0.1132538780792958,0.0548,0.4639,0.40909999999999996,0.24558340538399576,0.3025,0.084,-0.21849999999999997,-0.150005,0.11046030271097396,-0.3745,0.0641,0.4386,0.1862873546433037,-0.2704,-0.0594,0.21099999999999997,9.85825,0.19646285017783863,9.5172,10.1695,0.6522999999999985,9.860207437675944,9.5715,10.0087,0.4371999999999989,-0.001195000000000005,0.019581508496538256,-0.0328,0.0316,0.06440000000000001,0.01961793821990476,-0.0012,-0.0256,-0.0244,0.0005000000000000002,0.010672300595466753,-0.0186,0.0227,0.0413,0.010684006739046919,0.017,0.008,-0.009000000000000001,0.0011400000000000004,0.007019643865610278,-0.0113,0.0183,0.0296,0.0071116102255396425,0.0071,-0.0113,-0.0184,0.0010249999999999999,0.0016461697968314204,-0.0015,0.0043,0.0058,0.0019392008663364402,0.0013,0.0016,0.00030000000000000014,-0.00056,0.0013672600337902077,-0.0029,0.0025,0.0054,0.0014774978849392646,-0.0012,-0.0017,-0.0005,9.80659,2.999999999993008e-05,9.8065,9.8066,9.999999999976694e-05,9.806590000045889,9.8066,9.8066,0.0,-11.251000000000001,0.3285863661200812,-11.75,-10.56,1.1899999999999995,11.255797173012668,-11.56,-11.37,0.19000000000000128,-28.407500000000006,0.2752975662805611,-28.94,-28.0,0.9400000000000013,28.408833925383142,-28.25,-28.75,-0.5,7.139,0.36077555349552165,6.25,7.94,1.6900000000000004,7.148110239776664,7.56,6.25,-1.3099999999999996,347.87350000000004,2.836034687728625,341.19,353.62,12.430000000000007,347.8850601779272,350.93,341.19,-9.740000000000009,-84.05350000000001,0.06597537419370966,-84.17,-83.95,0.21999999999999886,84.053525892731,-84.17,-83.95,0.21999999999999886,-131.81599999999997,0.5741027782549025,-132.81,-130.93,1.8799999999999955,131.81725019890226,-130.93,-132.81,-1.8799999999999955,9.8631472572058,0.1924346231157782,9.535855981504755,10.170183875427227,0.6343278939224728,9.865024323411474,9.580095754218744,10.009228744014194,0.4291329897954501,0.02232353517283736,0.007158650528353308,0.00878521485223896,0.03539406729947832,0.02660885244723936,0.023443261291893665,0.01846212338816963,0.029104123419199556,0.010642000031029927,0.1,0.0006324555320333254,0.09899999999998954,0.10099999999999909,0.0020000000000095497,0.10000199998000041,0.09900000000000375,0.10099999999999909,0.001999999999995339,0.1,2.0,61.431425394414305,-69.2260575908887,97.6
0.218015,0.11333320023276497,0.0548,0.4639,0.40909999999999996,0.24571315491849433,0.2197,0.3046,0.08489999999999998,-0.14992,0.11036824090289743,-0.3745,0.0641,0.4386,0.18616432257551394,-0.1854,-0.2687,-0.08329999999999999,9.858225000000001,0.19649936609312485,9.5172,10.1695,0.6522999999999985,9.860183170281372,9.9457,9.571,-0.3747000000000007,-0.001285000000000005,0.019585460806424745,-0.0328,0.0316,0.06440000000000001,0.019627569895430252,-0.027,-0.003,0.024,-0.00092,0.010263995323459575,-0.0186,0.0227,0.0413,0.010305144346393211,0.0027,-0.0114,-0.014100000000000001,0.000525,0.007009341980528557,-0.0113,0.0183,0.0296,0.007028975743307128,-0.0048,-0.0052,-0.0004000000000000002,0.0008799999999999999,0.0017405746177627662,-0.0016,0.0043,0.0059,0.0019503845774615839,0.0016,-0.0016,-0.0032,-0.00043499999999999995,0.0014164303724504073,-0.0029,0.0025,0.0054,0.001481721971221322,-0.0012,0.0013,0.0024999999999999996,9.80659,2.999999999993008e-05,9.8065,9.8066,9.999999999976694e-05,9.806590000045889,9.8066,9.8066,0.0,-11.226,0.32310060352775577,-11.75,-10.56,1.1899999999999995,11.230648690080194,-11.31,-11.06,0.25,-28.41700000000001,0.27296703097627,-28.94,-28.0,0.9400000000000013,28.41831099836864,-28.12,-28.44,-0.3200000000000003,7.1049999999999995,0.35141855386419196,6.25,7.94,1.6900000000000004,7.11368540209644,7.56,6.88,-0.6799999999999997,347.65299999999996,2.760246546959167,341.19,353.62,12.430000000000007,347.66395753658446,353.6,346.52,-7.080000000000041,-84.0425,0.06394333428904041,-84.15,-83.95,0.20000000000000284,84.04252432548657,-84.14,-83.95,0.18999999999999773,-131.912,0.5784340930477712,-132.85,-131.04,1.8100000000000023,131.91326821059357,-131.05,-132.85,-1.799999999999983,9.863123215062991,0.19247001191222954,9.535855981504755,10.170183875427227,0.6343278939224728,9.865000976229044,9.949853754704137,9.579614911362565,-0.3702388433415713,0.022044633939765135,0.007407976408018249,0.00878521485223896,0.03539406729947832,0.02660885244723936,0.023256052975515855,0.02755594309763322,0.012884098726725126,-0.014671844370908094,0.10005000000000024,0.0005894913061275016,0.09899999999998954,0.10099999999999909,0.0020000000000095497,0.10005173661661276,0.10099999999999909,0.10000000000000853,-0.000999999999990564,0.10005000000000024,2.0010000000000048,62.01042035470621,-69.91383505783097,97.7
0.211015,0.1172681724723294,0.0548,0.4639,0.40909999999999996,0.24141075887375027,0.1075,0.0797,-0.027800000000000005,-0.13726500000000003,0.11969119130078036,-0.3745,0.0677,0.4422,0.1821199096749172,-0.1047,0.0677,0.1724,9.871585,0.21057216168097784,9.5172,10.2129,0.6956999999999987,9.873830616711023,9.7766,10.2129,0.43629999999999924,0.0011849999999999949,0.01929961851954592,-0.0328,0.0316,0.06440000000000001,0.019335963901497125,0.0101,0.0224,0.0123,-0.0011849999999999996,0.010235490950609062,-0.0186,0.0227,0.0413,0.010303858500581227,-0.0186,-0.0026,0.016,0.0010750000000000002,0.007001490912655675,-0.0113,0.0183,0.0296,0.007083537251966704,-0.001,0.0062,0.0072,0.0009050000000000001,0.001754273353841983,-0.0016,0.0043,0.0059,0.00197395541996267,-0.0009,0.0021,0.003,-0.00038,0.0014069825869569245,-0.0029,0.0025,0.0054,0.0014573949361789344,0.0006,-0.0001,-0.0007,9.806585,3.570714214263103e-05,9.8065,9.8066,9.999999999976694e-05,9.806585000065008,9.8065,9.8065,0.0,-11.238500000000002,0.33085155281485384,-11.75,-10.56,1.1899999999999995,11.243368934620975,-11.31,-11.56,-0.25,-28.420500000000004,0.2695639998219346,-28.94,-28.0,0.9400000000000013,28.421778357449767,-28.0,-28.19,-0.19000000000000128,7.045999999999999,0.3687058448139926,6.25,7.94,1.6900000000000004,7.05564029695392,6.88,6.38,-0.5,346.93449999999996,2.9802222652010357,339.23,353.62,14.389999999999986,346.9473000543455,348.95,339.23,-9.71999999999997,-84.0335,0.06223142293086362,-84.15,-83.95,0.20000000000000284,84.03352304289045,-84.14,-83.96,0.18000000000000682,-131.9975,0.571033055085253,-132.85,-131.04,1.8100000000000023,131.99873516439465,-131.05,-132.76,-1.7099999999999795,9.876302295173824,0.2064723658126052,9.535855981504755,10.213435356920805,0.67757937541605,9.878460298219556,9.777751576921967,10.213435356920805,0.435683779998838,0.021836195583541954,0.007307945158339845,0.00878521485223896,0.03539406729947832,0.02660885244723936,0.023026625892648707,0.021188912194824914,0.02338717597316957,0.002198263778344655,0.09995000000000047,0.0005894913061273209,0.09899999999998954,0.10099999999999909,0.0020000000000095497,0.09995173835406813,0.09900000000000375,0.09900000000000375,0.0,0.09995000000000047,1.9990000000000094,62.58642927190991,-70.60691383412623,97.799
0.221495,0.11691418851020606,0.0548,0.4639,0.40909999999999996,0.25045750637583214,0.1654,0.3171,0.1517,-0.149075,0.12730609519971933,-0.3745,0.0677,0.4422,0.19603621476655786,-0.0751,-0.3409,-0.2658,9.860009999999999,0.22155173188219468,9.5172,10.2129,0.6956999999999987,9.862498789353538,9.9987,9.5451,-0.4535999999999998,-0.00020000000000000573,0.01960170910915678,-0.0328,0.0316,0.06440000000000001,0.019602729401795044,-0.0039,-0.0176,-0.0137,0.00018000000000000012,0.009624115543778554,-0.015,0.0227,0.0377,0.009625798668162554,0.0034,0.0087,0.005299999999999999,0.001435,0.007070309399170592,-0.0113,0.0183,0.0296,0.007214464637102326,0.0071,0.0062,-0.0009000000000000006,0.00107,0.001731790980459247,-0.0016,0.0043,0.0059,0.0020356817039999153,0.0043,0.0024,-0.0019000000000000002,-0.00049,0.0014120552397126679,-0.0029,0.0025,0.0054,0.0014946571513226705,-0.0025,-0.0016,0.0009,9.80659,2.999999999993008e-05,9.8065,9.8066,9.999999999976694e-05,9.806590000045889,9.8066,9.8066,0.0,-11.2165,0.339871666956809,-11.75,-10.56,1.1899999999999995,11.221648051868318,-10.87,-10.87,0.0,-28.461000000000002,0.2641382213917553,-28.94,-28.06,0.8800000000000026,28.462225668418835,-28.31,-28.81,-0.5,7.0584999999999996,0.3671004630887845,6.25,7.94,1.6900000000000004,7.0680396857969034,7.94,7.13,-0.8100000000000005,346.7919999999999,2.9484107583577965,339.23,353.62,14.389999999999986,346.8045334046255,353.62,346.1,-7.519999999999982,-84.02350000000001,0.060355198616192395,-84.15,-83.94,0.21000000000000796,84.02352167696853,-84.15,-83.94,0.21000000000000796,-132.09850000000003,0.5731515942575732,-133.07,-131.04,2.030000000000001,132.09974339490594,-131.04,-133.07,-2.030000000000001,9.865237118559977,0.21711316078586146,9.535855981504755,10.213435356920805,0.67757937541605,9.867625931803456,10.000349936877209,9.55644804464504,-0.44390189223216936,0.021806179427430242,0.0073117739830165715,0.00878521485223896,0.03539406729947832,0.02660885244723936,0.022999380426437576,0.00878521485223896,0.02058858907259067,0.011803374220351711,0.10005000000000024,0.0005894913061275016,0.09899999999998954,0.10099999999999909,0.0020000000000095497,0.10005173661661276,0.10099999999999909,0.10099999999999909,0.0,0.10005000000000024,2.0010000000000048,63.17784522213179,-71.30422278741,97.9
0.2209,0.11722801286382022,0.0548,0.4639,0.40909999999999996,0.2500784217000739,0.1405,0.1535,0.012999999999999984,-0.148735,0.12751212207080548,-0.3745,0.0677,0.4422,0.1959118207255499,-0.1114,-0.0683,0.0431,9.853114999999999,0.21926220439236646,9.5172,10.2129,0.6956999999999987,9.855554328270937,10.0108,9.8608,-0.15000000000000036,-0.0006800000000000054,0.019802944225543833,-0.0328,0.0316,0.06440000000000001,0.01981461581762311,-0.0166,-0.0135,0.0031000000000000003,-6.99999999999998e-05,0.009602140386393026,-0.015,0.0227,0.0377,0.009602395534448683,0.0074,-0.0016,-0.009000000000000001,0.0007650000000000003,0.007136334843601441,-0.0113,0.0183,0.0296,0.007177220910631078,0.0,-0.0063,-0.0063,0.0009599999999999999,0.0015869467539901896,-0.0016,0.0043,0.0059,0.0018547236990991407,0.0021,0.0021,0.0,-0.0003999999999999999,0.0013364131097830492,-0.0029,0.0025,0.0054,0.0013949910393977446,-0.0021,-0.0007,0.0013999999999999998,9.80659,2.999999999993008e-05,9.8065,9.8066,9.999999999976694e-05,9.806590000045889,9.8066,9.8066,0.0,-11.232500000000002,0.3305884904227611,-11.75,-10.56,1.1899999999999995,11.237363792277975,-10.87,-11.19,-0.3200000000000003,-28.458,0.2661691191705001,-28.94,-28.06,0.8800000000000026,28.459244719422898,-28.37,-28.25,0.120000000000001,6.999,0.3116552582582235,6.25,7.63,1.38,7.005935340837795,7.25,6.75,-0.5,346.41249999999997,2.499411680776099,339.23,349.47,10.240000000000009,346.42151667441215,348.54,346.03,-2.5100000000000477,-84.01200000000001,0.056973678132975894,-84.11,-83.92,0.18999999999999773,84.01201931866653,-84.11,-83.92,0.18999999999999773,-132.207,0.5678741057664083,-133.21,-131.37,1.8400000000000034,132.20821960074946,-131.37,-133.21,-1.8400000000000034,9.858331180544338,0.21489092746608515,9.535855981504755,10.213435356920805,0.67757937541605,9.860672987986165,10.01240564749551,9.862231176564459,-0.15017447093105218,0.022116084888006877,0.0068714110069529166,0.011495216396397242,0.03539406729947832,0.023898850903081074,0.023158961548394176,0.01817470770053813,0.014983324063771696,-0.0031913836367664337,0.09994999999999976,0.0005894913061284659,0.09899999999998954,0.10099999999999909,0.0020000000000095497,0.09995173835406744,0.09900000000000375,0.09899999999998954,-1.4210854715202004e-14,0.09994999999999976,1.9989999999999952,63.757309477701426,-71.98842113229398,97.999
0.227585,0.11626071681784866,0.0548,0.4639,0.40909999999999996,0.2555611208693529,0.3226,0.2742,-0.0484,-0.159905,0.13340122366380303,-0.3745,0.0677,0.4422,0.2082438366434887,-0.2268,-0.3348,-0.10799999999999998,9.83401,0.22132733654024728,9.5172,10.2129,0.6956999999999987,9.836500316169364,9.7513,9.6287,-0.12260000000000026,0.0003899999999999946,0.019489507433488405,-0.0328,0.0316,0.06440000000000001,0.019493409142579448,0.0049,0.0048,-0.00010000000000000026,-0.0013800000000000002,0.010258440427277433,-0.0188,0.0227,0.0415,0.010350845376103346,-0.01,-0.0188,-0.0088,0.0006450000000000001,0.007168296520094576,-0.0113,0.0183,0.0296,0.00719725642172071,-0.0063,-0.0024,0.0039000000000000003,0.0008749999999999999,0.0015690363284513204,-0.0016,0.0043,0.0059,0.0017965244223221682,-0.0008,0.0004,0.0012000000000000001,-0.000265,0.0012935513132458258,-0.0029,0.0025,0.0054,0.001320416600925632,0.0,0.0006,0.0006,9.80659,2.999999999993008e-05,9.8065,9.8066,9.999999999976694e-05,9.806590000045889,9.8066,9.8066,0.0,-11.254500000000002,0.3202104776549325,-11.75,-10.56,1.1899999999999995,11.259054356383576,-11.12,-11.31,-0.19000000000000128,-28.451999999999998,0.26941789101691055,-28.94,-28.06,0.8800000000000026,28.453275558360588,-28.56,-28.25,0.3099999999999987,6.976999999999999,0.30867620575612886,6.25,7.63,1.38,6.983824883257025,7.06,6.81,-0.25,346.289,2.451807292590509,339.23,349.47,10.240000000000009,346.2976795764015,348.32,346.07,-2.25,-84.00300000000001,0.05496362433464416,-84.1,-83.92,0.1799999999999926,84.00301798149873,-84.09,-83.93,0.1599999999999966,-132.298,0.5722639251254599,-133.21,-131.43,1.7800000000000011,132.29923767731998,-131.43,-133.19,-1.759999999999991,9.839631898879222,0.21693212431178685,9.535855981504755,10.213435356920805,0.67757937541605,9.842022934945843,9.75927049988881,9.638420014193198,-0.12085048569561252,0.022184897455767964,0.006838408065994592,0.011495216396397242,0.03539406729947832,0.023898850903081074,0.023214941309423982,0.012794530081249565,0.0195509590557599,0.006756428974510335,0.10004999999999953,0.0005894913061287673,0.09899999999998954,0.10099999999999909,0.0020000000000095497,0.10005173661661206,0.09999999999999432,0.10099999999999909,0.0010000000000047748,0.10004999999999953,2.0009999999999906,64.35155456300726,-72.688253661152,98.1
0.21284500000000003,0.12183429925517689,0.0278,0.4639,0.4361,0.24524801834061777,0.129,0.0278,-0.10120000000000001,-0.14523499999999998,0.1411458687847434,-0.3745,0.0677,0.4422,0.20252249628127736,-0.1071,0.0666,0.17370000000000002,9.85428,0.23116944348248086,9.5172,10.2129,0.6956999999999987,9.856991104287353,9.9428,10.1567,0.21390000000000065,0.0010649999999999943,0.01986419580551903,-0.0328,0.0316,0.06440000000000001,0.019892724800790865,0.0207,0.0184,-0.0023,-0.0001899999999999999,0.010565315896839051,-0.0188,0.0227,0.0415,0.010567024179020317,-0.0068,0.0138,0.0206,0.0015850000000000003,0.0074240336071437615,-0.0113,0.0183,0.0296,0.0075913437545667775,0.004,0.0125,0.0085,0.0009050000000000001,0.001542230527515261,-0.0016,0.0043,0.0059,0.0017881554742247665,0.0021,-0.0002,-0.0023,-0.000225,0.0013133449661075342,-0.0029,0.0025,0.0054,0.0013324788928909905,0.0002,0.0008,0.0006000000000000001,9.80659,2.9999999999930076e-05,9.8065,9.8066,9.999999999976694e-05,9.806590000045889,9.8066,9.8066,0.0,-11.248500000000002,0.3237788597175548,-11.75,-10.56,1.1899999999999995,11.253158889840666,-11.5,-11.0,0.5,-28.449,0.26853118999475634,-28.94,-28.06,0.8800000000000026,28.450267309816265,-28.25,-28.5,-0.25,6.952,0.3209454782357901,6.25,7.63,1.38,6.959404428541281,7.25,6.56,-0.6900000000000004,346.1765,2.407250038944855,339.23,349.47,10.240000000000009,346.18486969392524,348.41,346.07,-2.340000000000032,-83.99500000000002,0.053338541412376594,-84.1,-83.92,0.1799999999999926,83.99501693553016,-84.1,-83.93,0.1699999999999875,-132.38600000000002,0.5673217781823631,-133.21,-131.46,1.75,132.3872155836809,-131.46,-133.19,-1.7299999999999898,9.859516193831862,0.22666275734506308,9.535855981504755,10.213435356920805,0.67757937541605,9.862121251637499,9.94421355613404,10.156956398941565,0.21274284280752553,0.022854034962976326,0.0065348363339149795,0.011495216396397242,0.03539406729947832,0.023898850903081074,0.02376996003362227,0.02215242650365869,0.02617728022541685,0.0040248537217581586,0.10005000000000024,0.0005894913061287071,0.09899999999998954,0.10099999999999909,0.0020000000000095497,0.10005173661661276,0.10099999999999909,0.10000000000000853,-0.000999999999990564,0.10005000000000024,2.0010000000000048,64.92981371693867,-73.39363389028165,98.2
0.22190999999999997,0.12200326593989196,0.0278,0.4639,0.4361,0.25323673706632693,0.2946,0.3103,0.015700000000000047,-0.15135499999999996,0.14201062451450597,-0.3745,0.0677,0.4422,0.2075460274252437,-0.2872,-0.2295,0.0577,9.83769,0.23607530980600216,9.5172,10.2129,0.6956999999999987,9.84052214508966,9.612,9.611,-0.0009999999999994458,-0.0008600000000000054,0.01973318017958585,-0.0328,0.0316,0.06440000000000001,0.01975191129992234,-0.0042,-0.0178,-0.013600000000000001,0.0007349999999999999,0.01075426775749981,-0.0188,0.0227,0.0415,0.010779355268289473,0.0103,0.0117,0.0014000000000000002,0.0015500000000000004,0.007414209330737837,-0.0113,0.0183,0.0296,0.007574496682948643,0.0029,0.0033,0.0004000000000000002,0.0008600000000000002,0.0015196710170296728,-0.0016,0.0043,0.0059,0.0017461385970191483,0.0022,0.0012,-0.0010000000000000002,-0.000275,0.0013152471250681371,-0.0029,0.0025,0.0054,0.0013436889521016386,-0.0015,-0.0008,0.0007,9.80659,2.9999999999930076e-05,9.8065,9.8066,9.999999999976694e-05,9.806590000045889,9.8066,9.8066,0.0,-11.2205,0.3250303831951715,-11.75,-10.56,1.1899999999999995,11.225206679611738,-11.0,-10.94,0.0600000000000005,-28.476999999999997,0.2754287566685801,-28.94,-28.06,0.8800000000000026,28.478331938510724,-28.19,-28.81,-0.6199999999999974,6.9425,0.3147360004829445,6.25,7.63,1.38,6.949630565720742,7.0,7.06,0.05999999999999961,346.04499999999996,2.352869524644323,339.23,349.47,10.240000000000009,346.0529988600012,348.3,345.78,-2.5200000000000387,-83.98600000000002,0.0499399639567338,-84.09,-83.92,0.1700000000000017,83.9860148477114,-84.09,-83.92,0.1700000000000017,-132.478,0.5588255541758985,-133.3,-131.54,1.7600000000000193,132.47917862819048,-131.54,-133.3,-1.7600000000000193,9.843242823114139,0.23162688037437623,9.535855981504755,10.213435356920805,0.67757937541605,9.845967717116483,9.620801266006902,9.618746141779603,-0.002055124227299032,0.02282416592844278,0.006539338626414104,0.011495216396397242,0.03539406729947832,0.023898850903081074,0.023742483020947915,0.011495216396397242,0.02155504581298773,0.010059829416590489,0.09995000000000047,0.0005894913061285262,0.09899999999998954,0.10099999999999909,0.0020000000000095497,0.09995173835406815,0.10000000000000853,0.09900000000000375,-0.0010000000000047748,0.09995000000000047,1.9990000000000094,65.51150799029884,-74.08171818916531,98.299
0.21216,0.1235861213890945,0.0278,0.4639,0.4361,0.24553084327635907,0.099,0.0996,0.0005999999999999894,-0.13796999999999998,0.14118942276247182,-0.3745,0.0677,0.4422,0.19740864722701487,0.0641,-0.0195,-0.08360000000000001,9.862829999999999,0.2374704846923085,9.5172,10.2129,0.6956999999999987,9.865688411864628,10.1695,10.1148,-0.05469999999999864,-0.0013850000000000054,0.019953502825318662,-0.0328,0.0316,0.06440000000000001,0.020001512442812914,-0.0171,-0.0147,0.002400000000000001,1.9999999999999964e-05,0.010568330047836319,-0.0188,0.0227,0.0415,0.010568348972285122,0.0006,-0.004,-0.0046,0.0006700000000000002,0.008204151388169285,-0.0147,0.0183,0.033,0.008231464025311658,-0.0078,-0.0147,-0.0069,0.0007499999999999998,0.001498165544924859,-0.0016,0.0043,0.0059,0.0016754103974847474,0.0004,0.0,-0.0004,-0.00022,0.001285534908121907,-0.0029,0.0025,0.0054,0.0013042239071570495,-0.0016,-0.0004,0.0012000000000000001,9.80659,2.9999999999930076e-05,9.8065,9.8066,9.999999999976694e-05,9.806590000045889,9.8066,9.8066,0.0,-11.233,0.32109344434292025,-11.75,-10.56,1.1899999999999995,11.237588264391963,-11.25,-11.25,0.0,-28.507999999999992,0.2762716054899596,-28.94,-28.06,0.8800000000000026,28.50933864543336,-28.94,-28.81,0.13000000000000256,6.949,0.3171892179756431,6.25,7.63,1.38,6.956235332419397,6.63,7.13,0.5,345.917,2.29565045248618,339.23,349.47,10.240000000000009,345.92461736626956,347.92,345.74,-2.180000000000007,-83.97600000000001,0.04810405388322112,-84.07,-83.89,0.1799999999999926,83.9760137777449,-84.05,-83.89,0.1599999999999966,-132.56650000000002,0.5432059922349893,-133.31,-131.62,1.6899999999999977,132.5676129188423,-131.72,-133.31,-1.5900000000000034,9.867968217931487,0.2329520527791984,9.535855981504755,10.213435356920805,0.67757937541605,9.870717471845701,10.170183875427227,10.115309162353864,-0.05487471307336378,0.0233079182167137,0.006020668434898704,0.012884098726725126,0.03539406729947832,0.02250996857275319,0.02407296201135207,0.018804520733057783,0.02117026216181557,0.0023657414287577873,0.09994999999999976,0.0005894913061284659,0.09899999999998954,0.10099999999999909,0.0020000000000095497,0.09995173835406744,0.09899999999998954,0.09999999999999432,0.0010000000000047748,0.09994999999999976,1.9989999999999952,66.09648716577743,-74.77854347858752,98.399
0.2149,0.12163904389627533,0.0278,0.4639,0.4361,0.24693737465195503,0.4639,0.1538,-0.3101,-0.15110499999999996,0.133806242287122,-0.3745,0.0677,0.4422,0.20183367285960982,-0.3745,-0.1986,0.1759,9.836524999999998,0.23109614855077085,9.5172,10.2129,0.6956999999999987,9.839239274735624,9.5172,9.6434,0.12619999999999898,0.0010249999999999947,0.020802641058288725,-0.0328,0.0316,0.06440000000000001,0.020827877952398315,0.0161,0.0311,0.015,-0.0008049999999999998,0.011120453003362767,-0.0188,0.0227,0.0415,0.01114955156048888,-0.0106,-0.0159,-0.005300000000000001,0.0012000000000000001,0.007979160356829534,-0.0147,0.0183,0.033,0.008068890877933596,0.0019,0.0028,0.0009,0.0005650000000000001,0.0017390442777571824,-0.0033,0.0043,0.0076,0.001828523994920493,-0.0006,-0.0033,-0.0027,-2.0000000000000032e-05,0.0013640381226344078,-0.0029,0.0025,0.0054,0.0013641847382227965,0.0017,0.0024,0.0006999999999999999,9.80659,2.9999999999930076e-05,9.8065,9.8066,9.999999999976694e-05,9.806590000045889,9.8066,9.8066,0.0,-11.2205,0.3250303831951715,-11.75,-10.56,1.1899999999999995,11.225206679611738,-10.81,-11.0,-0.1899999999999995,-28.485999999999997,0.2579030825717285,-28.81,-28.06,0.75,28.487167461859034,-28.31,-28.5,-0.19000000000000128,6.964500000000001,0.3086822800226796,6.25,7.63,1.38,6.971337389626183,7.0,6.94,-0.05999999999999961,345.82449999999994,2.2498943864101713,339.23,349.47,10.240000000000009,345.8318186994944,348.18,346.07,-2.1100000000000136,-83.96950000000001,0.04641928478552704,-84.07,-83.89,0.1799999999999926,83.9695128305506,-84.05,-83.92,0.12999999999999545,-132.6395,0.5222401267616263,-133.31,-131.62,1.6899999999999977,132.64052810133109,-131.62,-133.18,-1.5600000000000023,9.841792570474293,0.22685546887170382,9.535855981504755,10.213435356920805,0.67757937541605,9.844406757341957,9.535855981504755,9.646670926283326,0.11081494477857134,0.024119733846232023,0.006438822810648643,0.012884098726725126,0.03539406729947832,0.02250996857275319,0.02496437461664121,0.019369563753476742,0.03504083332342426,0.015671269569947518,0.1,0.0005477225575051869,0.09899999999998954,0.10099999999999909,0.0020000000000095497,0.10000149998875017,0.10000000000000853,0.09999999999999432,-1.4210854715202004e-14,0.1,2.0,66.68375264042785,-75.4871474481499,98.499
0.20075000000000004,0.10748760161060437,0.0278,0.3634,0.3356,0.22771505659485936,0.127,0.1809,0.0539,-0.13813,0.12371609474922816,-0.3415,0.0677,0.4092,0.18543346246025824,-0.0516,-0.115,-0.06340000000000001,9.861715,0.22220266036886233,9.5332,10.2129,0.6796999999999986,9.864218000607043,10.12,10.021,-0.09899999999999842,0.0005549999999999947,0.020561529004429605,-0.0328,0.0316,0.06440000000000001,0.02056901796391845,0.0231,0.0067,-0.016399999999999998,0.0006400000000000002,0.011620215144307786,-0.0188,0.0227,0.0415,0.011637826257510463,0.0001,0.0183,0.0182,0.0011750000000000003,0.007977711137914182,-0.0147,0.0183,0.033,0.00806377703064761,0.0116,0.0014,-0.010199999999999999,0.0006249999999999999,0.0017183931447721735,-0.0033,0.0043,0.0076,0.0018285239949204933,-0.0012,0.0006,0.0018,-0.00017999999999999998,0.0013403730823916152,-0.0029,0.0025,0.0054,0.0013524052647043339,0.0007,-0.0015,-0.0022,9.806585,3.570714214263103e-05,9.8065,9.8066,9.999999999976694e-05,9.806585000065008,9.8066,9.8065,-9.999999999976694e-05,-11.261000000000001,0.32180584208494417,-11.75,-10.56,1.1899999999999995,11.265597187899093,-11.5,-11.62,-0.11999999999999922,-28.4925,0.25500735283516784,-28.81,-28.06,0.75,28.49364113271591,-28.31,-28.44,-0.13000000000000256,6.970999999999999,0.31072334962149206,6.25,7.63,1.38,6.977921610336419,6.94,7.13,0.1899999999999995,345.58299999999997,2.2433102772465507,339.23,349.47,10.240000000000009,345.59028101206786,348.1,343.35,-4.75,-83.96250000000002,0.04425776767980864,-84.07,-83.89,0.1799999999999926,83.96251166443272,-84.07,-83.91,0.1599999999999966,-132.724,0.4859053405757134,-133.31,-131.69,1.6200000000000045,132.72488945182815,-131.69,-133.31,-1.6200000000000045,9.86616439208272,0.21871595254812667,9.546234024472687,10.213435356920805,0.6672013324481174,9.868588373191983,10.120928394174122,10.023292413673264,-0.09763598050085776,0.024128164047303006,0.006432705473316382,0.012884098726725126,0.03539406729947832,0.02250996857275319,0.024970943113947458,0.025849177936638528,0.019538167774896396,-0.006311010161742132,0.1,0.0005477225575051869,0.09899999999998954,0.10099999999999909,0.0020000000000095497,0.10000149998875017,0.09999999999999432,0.10000000000000853,1.4210854715202004e-14,0.1,2.0,67.2695496544971,-76.18684468345612,98.599
0.197845,0.11019261987538004,0.0278,0.3634,0.3356,0.2264620442811554,0.3157,0.0689,-0.24679999999999996,-0.13784,0.12392520889633393,-0.3415,0.0677,0.4092,0.18535728472331486,-0.2083,-0.0458,0.1625,9.8588,0.21915672017987495,9.5332,10.2129,0.6796999999999986,9.861235577147522,9.6824,10.0617,0.37930000000000064,-0.0012650000000000046,0.020090999850679404,-0.0328,0.0316,0.06440000000000001,0.02013078488286038,-0.0328,-0.0133,0.019500000000000003,0.0007950000000000002,0.011632646947277305,-0.0188,0.0227,0.0415,0.011659781301551072,0.0131,0.0032,-0.0099,0.0008400000000000005,0.007667555020995938,-0.0147,0.0183,0.033,0.007713429846702439,0.0023,0.0049,0.0026,0.000745,0.001669872749642918,-0.0033,0.0043,0.0076,0.0018285239949204933,0.0043,0.0012,-0.0031000000000000003,-0.00022000000000000006,0.0013253678734600441,-0.0029,0.0025,0.0054,0.0013435028842544402,-0.0029,-0.0001,0.0028,9.806585,3.570714214263103e-05,9.8065,9.8066,9.999999999976694e-05,9.806585000065008,9.8066,9.8066,0.0,-11.2455,0.31735587279897626,-11.75,-10.56,1.1899999999999995,11.249977111087826,-11.69,-11.19,0.5,-28.4925,0.25500735283516784,-28.81,-28.06,0.75,28.49364113271591,-28.06,-28.31,-0.25,6.9864999999999995,0.3164691928134554,6.25,7.63,1.38,6.993663918147626,7.13,7.25,0.1200000000000001,345.4585,2.16799740544125,339.23,349.47,10.240000000000009,345.46530279465117,344.98,345.61,0.6299999999999955,-83.95350000000002,0.03953163290328397,-84.02,-83.89,0.12999999999999545,83.95350930723505,-84.02,-83.89,0.12999999999999545,-132.8155,0.45382237714771223,-133.52,-132.05,1.4699999999999989,132.81627533928213,-132.08,-133.52,-1.4399999999999977,9.863219979277185,0.21564120405747841,9.546234024472687,10.213435356920805,0.6672013324481174,9.865576997241469,9.689784576552773,10.062040138063454,0.3722555615106806,0.02356223801276982,0.006746624328476046,0.012884098726725126,0.03539406729947832,0.02250996857275319,0.024509100350686066,0.03539406729947832,0.014530657245974802,-0.020863410053503516,0.1,0.0005477225575051869,0.09899999999998954,0.10099999999999909,0.0020000000000095497,0.10000149998875017,0.10000000000000853,0.09999999999999432,-1.4210854715202004e-14,0.1,2.0,67.85336625031479,-76.88815710107826,98.699
0.20047500000000001,0.11355065774798488,0.0278,0.3683,0.3405,0.2303996039493124,0.2859,0.3683,0.08240000000000003,-0.141845,0.12738368213786253,-0.3415,0.0677,0.4092,0.19064785994078193,-0.0805,-0.2884,-0.20789999999999997,9.856130000000002,0.2216012028396958,9.5332,10.2129,0.6796999999999986,9.858620880731747,9.9692,9.629,-0.34020000000000117,5.4999999999995116e-05,0.018801634902316337,-0.0293,0.0316,0.0609,0.018801715347276156,-0.0293,-0.0064,0.0229,-0.0004199999999999999,0.011552731278792907,-0.0188,0.0227,0.0415,0.011560363316090026,-0.0071,-0.0112,-0.0040999999999999995,0.0003000000000000002,0.007921805349792433,-0.0147,0.0183,0.033,0.00792748383788955,-0.0055,-0.0085,-0.003000000000000001,0.0005299999999999999,0.0014622243329940861,-0.0033,0.0029,0.0062,0.001555313473226539,0.001,0.0,-0.001,-4.4999999999999996e-05,0.0011834166637326009,-0.0017,0.0025,0.0042,0.0011842719282327012,-0.0014,0.0006,0.002,9.806585,3.570714214263103e-05,9.8065,9.8066,9.999999999976694e-05,9.806585000065008,9.8066,9.8066,0.0,-11.2235,0.3005873417161808,-11.75,-10.56,1.1899999999999995,11.227524437737822,-11.06,-11.25,-0.1899999999999995,-28.499000000000002,0.24537522287305147,-28.81,-28.12,0.6899999999999977,28.500056315733833,-28.81,-28.19,0.6199999999999974,6.9864999999999995,0.31646919281345537,6.25,7.63,1.38,6.993663918147626,7.38,7.13,-0.25,345.4865,2.165251197898293,339.23,349.47,10.240000000000009,345.4932850215761,347.34,345.54,-1.7999999999999545,-83.94650000000001,0.039531632903284916,-84.01,-83.88,0.13000000000000966,83.94650930801114,-84.01,-83.88,0.13000000000000966,-132.89,0.44924380908366524,-133.57,-132.05,1.5199999999999818,132.8907593476687,-132.15,-133.57,-1.4199999999999875,9.860748541744638,0.21788632467632701,9.546234024472687,10.213435356920805,0.6672013324481174,9.863155491727786,9.973623599274239,9.640355825901862,-0.333267773372377,0.022564949691668043,0.006388626253936769,0.012884098726725126,0.03504083332342426,0.022156734596699132,0.023451897577808068,0.030645554326851388,0.015448300877442799,-0.01519725344940859,0.1,0.0005477225575051869,0.09899999999998954,0.10099999999999909,0.0020000000000095497,0.10000149998875017,0.09999999999999432,0.10000000000000853,1.4210854715202004e-14,0.1,2.0,68.43309721193933,-77.59087806346187,98.799
0.18894000000000002,0.11597872822203216,0.0278,0.3683,0.3405,0.22169661476892244,0.3634,0.0552,-0.30820000000000003,-0.13859000000000002,0.12971994411037957,-0.3415,0.0677,0.4092,0.18982742689084736,-0.3415,-0.0154,0.3261,9.859694999999999,0.2239525786299412,9.5332,10.2129,0.6796999999999986,9.862238095407147,9.5332,10.0405,0.507299999999999,0.0021699999999999953,0.01772910319220913,-0.0256,0.0316,0.0572,0.017861410918513683,0.0316,0.013,-0.018600000000000005,-0.0003349999999999998,0.011509442862276174,-0.0188,0.0227,0.0415,0.011514317174717742,-0.009,-0.0054,0.003599999999999999,0.0006600000000000003,0.007812899589780993,-0.0147,0.0183,0.033,0.007840727007108462,0.0014,0.0017,0.0002999999999999999,0.0005499999999999999,0.0014712239802287072,-0.0033,0.0029,0.0062,0.001570668647423765,0.001,0.0014,0.00039999999999999996,4.000000000000002e-05,0.0011434159348198713,-0.0017,0.0025,0.0042,0.0011441153787970862,0.0002,0.0003,9.999999999999996e-05,9.806585,3.570714214263103e-05,9.8065,9.8066,9.999999999976694e-05,9.806585000065008,9.8066,9.8066,0.0,-11.239,0.299748227684502,-11.75,-10.56,1.1899999999999995,11.242996486702287,-11.56,-11.37,0.19000000000000128,-28.471000000000004,0.2401853450983214,-28.81,-28.12,0.6899999999999977,28.472013100587038,-28.12,-28.25,-0.129999999999999,6.967499999999999,0.3034118488127977,6.25,7.63,1.38,6.97410316815001,7.63,7.0,-0.6299999999999999,345.4035,2.1240345453876213,339.23,349.47,10.240000000000009,345.41003073883076,349.47,345.68,-3.7900000000000205,-83.94050000000001,0.03853245385386262,-84.01,-83.88,0.13000000000000966,83.94050884406171,-84.01,-83.89,0.12000000000000455,-132.956,0.4323239526096154,-133.57,-132.05,1.5199999999999818,132.9567028772901,-132.05,-133.47,-1.4199999999999875,9.864100539095933,0.22010144503684892,9.546234024472687,10.213435356920805,0.6672013324481174,9.8665558373477,9.546234024472687,10.040663546300115,0.4944295218274277,0.02174163248198293,0.0063551488588690485,0.012884098726725126,0.03504083332342426,0.022156734596699132,0.022651412759472637,0.03288647138262176,0.014179210133149166,-0.018707261249472595,0.1,0.0005477225575051869,0.09899999999998954,0.10099999999999909,0.0020000000000095497,0.10000149998875017,0.09999999999999432,0.09999999999999432,0.0,0.1,2.0,69.01754157923071,-78.30598717300023,98.899
0.183595,0.11013128290817283,0.0278,0.3683,0.3405,0.21409349242795775,0.1827,0.2565,0.0738,-0.13608000000000003,0.12620759723566563,-0.3409,0.0677,0.40859999999999996,0.18559667022875168,-0.1038,-0.2913,-0.1875,9.861720000000002,0.22115687780396975,9.5451,10.2129,0.6677999999999997,9.864199497323643,10.0666,9.5737,-0.4928999999999988,0.0005249999999999949,0.016398502218190534,-0.0256,0.0311,0.0567,0.01640690403458251,0.0237,-0.0013,-0.024999999999999998,0.0008600000000000002,0.011785177130616241,-0.0188,0.0227,0.0415,0.011816513868311583,-0.0011,0.0149,0.016,0.0010850000000000002,0.008068598081451325,-0.0147,0.0183,0.033,0.008141222266957217,0.0183,0.0099,-0.0084,0.00053,0.0014676852523616906,-0.0033,0.0029,0.0062,0.0015604486534327236,0.0029,0.0006,-0.0023,-4.500000000000001e-05,0.0011905775909196341,-0.0017,0.0025,0.0042,0.0011914277149705727,-0.0003,-0.0015,-0.0012000000000000001,9.806585,3.570714214263103e-05,9.8065,9.8066,9.999999999976694e-05,9.806585000065008,9.8066,9.8066,0.0,-11.217,0.2914120793652864,-11.75,-10.56,1.1899999999999995,11.220784731916034,-11.56,-11.12,0.4400000000000013,-28.4805,0.22964047988105188,-28.81,-28.19,0.6199999999999974,28.48142578945092,-28.62,-28.31,0.3100000000000023,6.9704999999999995,0.3101689055982241,6.25,7.69,1.4400000000000004,6.977397437440411,7.13,7.69,0.5600000000000005,345.44,2.198565441373075,339.23,350.2,10.96999999999997,345.4469963539993,344.6,350.2,5.599999999999966,-83.93500000000003,0.03598610843089321,-84.01,-83.88,0.13000000000000966,83.93500771430239,-84.01,-83.9,0.10999999999999943,-133.0355,0.4036517682359403,-133.64,-132.26,1.3799999999999955,133.03611237179175,-132.26,-133.64,-1.3799999999999955,9.865867066426885,0.21767153716865573,9.55644804464504,10.213435356920805,0.6569873122757652,9.86826802790135,10.068792841746223,9.581564571091718,-0.487228270654505,0.020994122717384312,0.005860273997639344,0.012884098726725126,0.03504083332342426,0.022156734596699132,0.02179669699748106,0.029963144027287923,0.017936276090649364,-0.012026867936638558,0.10005000000000024,0.0005894913061275016,0.09899999999998954,0.10099999999999909,0.0020000000000095497,0.10005173661661275,0.10000000000000853,0.10099999999999909,0.000999999999990564,0.10005000000000024,2.0010000000000048,69.61127382014914,-79.01813637267935,99.0
0.18245,0.11025360991822446,0.0278,0.3683,0.3405,0.21317565761596702,0.0757,0.1598,0.0841,-0.125135,0.13751739626316373,-0.3409,0.1151,0.45599999999999996,0.18592956327598903,-0.078,0.1151,0.1931,9.865665,0.2254386064430847,9.5451,10.2129,0.6677999999999997,9.868240393175473,9.7995,10.1455,0.3460000000000001,-0.001485000000000005,0.01589054042504533,-0.0256,0.0311,0.0567,0.015959777567372293,-0.0148,-0.0165,-0.0017000000000000001,0.0014500000000000003,0.011966265081469656,-0.0188,0.0227,0.0415,0.012053796082562539,0.0227,0.0107,-0.012000000000000002,-0.0003099999999999998,0.007351659676562837,-0.0147,0.0125,0.027200000000000002,0.007358192712888132,-0.0031,-0.0096,-0.006499999999999999,0.000355,0.0013807516069155958,-0.0033,0.0024,0.0057,0.0014256577429383253,0.0012,-0.0006,-0.0018,-5.5e-05,0.0011935137200719563,-0.0017,0.0025,0.0042,0.001194780314534852,-0.0013,-0.0005,0.0007999999999999999,9.806585,3.570714214263103e-05,9.8065,9.8066,9.999999999976694e-05,9.806585000065008,9.8066,9.8066,0.0,-11.186,0.2862062193593983,-11.75,-10.56,1.1899999999999995,11.189660852769398,-10.56,-10.94,-0.379999999999999,-28.4775,0.22818577957445063,-28.81,-28.19,0.6199999999999974,28.478414193911853,-28.25,-28.56,-0.3099999999999987,6.936,0.3283504225671105,6.25,7.69,1.4400000000000004,6.943767709248345,7.06,6.44,-0.6199999999999992,345.20500000000004,2.5055468464987833,339.23,350.2,10.96999999999997,345.214092687422,347.1,339.9,-7.2000000000000455,-83.92800000000003,0.03429285639896372,-83.99,-83.87,0.11999999999999034,83.92800700600485,-83.99,-83.87,0.11999999999999034,-133.10899999999998,0.389331478306083,-133.73,-132.42,1.3100000000000023,133.1095693780128,-132.42,-133.73,-1.3100000000000023,9.869797984926214,0.2219681457922973,9.55644804464504,10.213435356920805,0.6569873122757652,9.872293660593773,9.800102792318048,10.147411211732773,0.3473084194147251,0.020590154713553868,0.0054951823329089985,0.012884098726725126,0.03504083332342426,0.022156734596699132,0.021310830579777968,0.027275263518433696,0.021883783950679095,-0.005391479567754601,0.1,0.0006324555320333254,0.09899999999998954,0.10099999999999909,0.0020000000000095497,0.10000199998000041,0.09999999999999432,0.09900000000000375,-0.000999999999990564,0.1,2.0,70.18962730659698,-79.72749162774537,99.099
0.19453,0.11112776475750784,0.0278,0.3683,0.3405,0.22403415141446628,0.2834,0.3173,0.03390000000000004,-0.13741,0.14358519039232423,-0.3409,0.1151,0.45599999999999996,0.19874157843793028,-0.1243,-0.3235,-0.19920000000000002,9.85128,0.23802892387270932,9.5118,10.2129,0.7011000000000003,9.854155235584631,9.9315,9.5118,-0.41970000000000063,-0.000350000000000005,0.015708612287531953,-0.0256,0.0311,0.0567,0.015712510938739224,-0.0127,0.0079,0.0206,-0.0006599999999999999,0.01175186793663033,-0.0195,0.0183,0.0378,0.011770386569692603,-0.015,-0.0195,-0.0045000000000000005,-1.4999999999999845e-05,0.007352161246871562,-0.0147,0.0125,0.027200000000000002,0.007352176548478689,-0.0028,0.0028,0.0056,0.00026,0.001384702134034609,-0.0033,0.0024,0.0057,0.001408900280360537,0.0,-0.0007,-0.0007,2.999999999999998e-05,0.0011619380362136356,-0.0017,0.0025,0.0042,0.0011623252556836232,0.0002,0.0004,0.0002,9.806585,3.570714214263103e-05,9.8065,9.8066,9.999999999976694e-05,9.806585000065008,9.8066,9.8066,0.0,-11.226500000000001,0.2497453703274598,-11.75,-10.87,0.8800000000000008,11.229277581394093,-10.87,-11.37,-0.5,-28.492999999999995,0.2226679141681616,-28.81,-28.19,0.6199999999999974,28.49387004251967,-28.37,-28.56,-0.18999999999999773,6.9425,0.33200715353739,6.25,7.69,1.4400000000000004,6.9504341591011425,7.06,7.19,0.13000000000000078,345.11449999999996,2.467870488903337,339.23,350.2,10.96999999999997,345.1233236033172,346.91,345.29,-1.6200000000000045,-83.922,0.033406586176979655,-83.98,-83.87,0.10999999999999943,83.92200664903098,-83.97,-83.87,0.09999999999999432,-133.16999999999996,0.37177950454536696,-133.73,-132.46,1.2699999999999818,133.17051895971568,-132.56,-133.64,-1.079999999999984,9.85592221528238,0.23422683301292144,9.522587399441392,10.213435356920805,0.6908479574794129,9.858705032761655,9.93632015889182,9.522587399441392,-0.4137327594504292,0.02028764080147174,0.005281205422103827,0.012884098726725126,0.03504083332342426,0.022156734596699132,0.020963766360079475,0.01985270762389856,0.021224985276791123,0.0013722776528925645,0.1,0.0006324555320333254,0.09899999999998954,0.10099999999999909,0.0020000000000095497,0.10000199998000041,0.10000000000000853,0.09999999999999432,-1.4210854715202004e-14,0.1,2.0,70.77767922637165,-80.43410923280953,99.199
0.193505,0.11039546401460525,0.0278,0.3683,0.3405,0.22278093163464419,0.0548,0.2629,0.2081,-0.14480500000000002,0.14649861594909352,-0.3409,0.1151,0.45599999999999996,0.2059862434727135,-0.0248,-0.2722,-0.2474,9.842789999999997,0.23804443891845078,9.5118,10.2129,0.7011000000000003,9.845668090028223,10.032,9.7617,-0.27030000000000065,0.0019149999999999948,0.016979083455828818,-0.0256,0.0326,0.0582,0.01708673462075185,0.0139999999999999,0.0326,0.018600000000000096,-0.00021500000000000005,0.011362494224420974,-0.0195,0.0183,0.0378,0.011364528146825982,-0.0055,-0.0061,-0.0006000000000000007,0.0005300000000000003,0.007527423197881198,-0.0147,0.0125,0.027200000000000002,0.007546058573851651,-0.0014,0.0081,0.0095,0.00022,0.0014030680667736683,-0.0033,0.0024,0.0057,0.001420211251891774,-0.0015,-0.0008,0.0007,3.0000000000000024e-05,0.0011619380362136356,-0.0017,0.0025,0.0042,0.0011623252556836232,0.0004,0.0002,-0.0002,9.806585,3.570714214263103e-05,9.8065,9.8066,9.999999999976694e-05,9.806585000065008,9.8066,9.8066,0.0,-11.258,0.24241699610382114,-11.75,-10.87,0.8800000000000008,11.26060966377931,-11.5,-11.5,0.0,-28.505499999999994,0.2224292022194923,-28.81,-28.19,0.6199999999999974,28.50636779738871,-28.81,-28.62,0.18999999999999773,6.976999999999999,0.3754344150447586,6.25,7.75,1.5,6.987093816459029,7.19,7.75,0.5599999999999996,345.27149999999995,2.6688017442290453,339.23,350.2,10.96999999999997,345.2818141967515,346.91,350.05,3.1399999999999864,-83.91649999999998,0.034099120223254904,-83.98,-83.86,0.12000000000000455,83.91650692801745,-83.97,-83.86,0.10999999999999943,-133.22499999999997,0.3586014500807249,-133.73,-132.46,1.2699999999999818,133.22548262250731,-132.46,-133.66,-1.1999999999999886,9.847557832731749,0.23419339444913698,9.522587399441392,10.213435356920805,0.6908479574794129,9.850342218166839,10.032180325333073,9.76903250787917,-0.2631478174539019,0.021002035004086067,0.006080010336104973,0.012884098726725126,0.03504083332342426,0.022156734596699132,0.021864400289054346,0.015106621064950202,0.034140591676185106,0.019033970611234904,0.1,0.0006324555320333254,0.09899999999998954,0.10099999999999909,0.0020000000000095497,0.10000199998000041,0.09999999999999432,0.10000000000000853,1.4210854715202004e-14,0.1,2.0,71.36741798763381,-81.14249095373376,99.299
0.19528,0.10841871425173792,0.0278,0.3683,0.3405,0.2233582234886372,0.3409,0.0903,-0.2506,-0.13835,0.15428150407615296,-0.3409,0.1151,0.45599999999999996,0.20722814721943542,-0.2494,0.1043,0.3537,9.842115,0.2375255318381585,9.5118,10.2129,0.7011000000000003,9.844980754247313,9.7258,10.0185,0.29269999999999996,0.0010799999999999998,0.01677362811081729,-0.0256,0.0326,0.0582,0.016808361014685518,0.0171,-0.0027,-0.0198,0.00036999999999999983,0.011376515283688587,-0.0195,0.0183,0.0378,0.011382530474371681,0.0084,0.0062,-0.0021999999999999997,0.0015000000000000002,0.008413976467758868,-0.0147,0.018,0.0327,0.008546636765418314,0.0102,0.018,0.007799999999999998,0.00040999999999999994,0.0014145317246354002,-0.0033,0.0024,0.0057,0.0014727525250360293,-0.0005,0.0023,0.0028,-5.000000000000002e-05,0.0011884864324004712,-0.0017,0.0025,0.0042,0.0011895377253370318,0.0025,-0.0012,-0.0037,9.806585,3.570714214263103e-05,9.8065,9.8066,9.999999999976694e-05,9.806585000065008,9.8065,9.8066,9.999999999976694e-05,-11.2455,0.23597616405052443,-11.75,-10.87,0.8800000000000008,11.247975595634976,-11.75,-11.25,0.5,-28.49,0.21118712081942834,-28.81,-28.19,0.6199999999999974,28.4907827200307,-28.75,-28.5,0.25,6.9799999999999995,0.37735924528226417,6.25,7.75,1.5,6.9901931303791605,6.88,7.25,0.3700000000000001,345.19350000000003,2.6424406805073204,339.23,350.2,10.96999999999997,345.2036137339816,344.1,345.35,1.25,-83.91049999999998,0.034709508783617914,-83.98,-83.85,0.13000000000000966,83.91050717877947,-83.98,-83.85,0.13000000000000966,-133.2875,0.32739693034602485,-133.73,-132.63,1.0999999999999943,133.2879020954265,-132.63,-133.71,-1.0800000000000125,9.846921307800697,0.23370753192961283,9.522587399441392,10.213435356920805,0.6908479574794129,9.849694332947596,9.734967838159507,10.019449826712043,0.28448198855253537,0.02120812217409002,0.005945044478292075,0.012884098726725126,0.03504083332342426,0.022156734596699132,0.022025621444127293,0.021610414156142402,0.01922836446502926,-0.002382049691113143,0.10005000000000024,0.0006689544080125654,0.09899999999998954,0.10099999999999909,0.0020000000000095497,0.10005223635681539,0.09999999999999432,0.10099999999999909,0.0010000000000047748,0.10005000000000024,2.0010000000000048,71.95377704928725,-81.85815316482845,99.4
0.19483499999999998,0.10783681317156957,0.0278,0.3683,0.3405,0.2226869001535564,0.084,0.332,0.248,-0.135855,0.1528624168165609,-0.3409,0.1151,0.45599999999999996,0.2045079448334465,-0.0594,-0.1995,-0.1401,9.840475,0.23843446452851577,9.5118,10.2129,0.7011000000000003,9.84336320672462,10.0087,9.693,-0.31569999999999965,-0.001265,0.01762674884940499,-0.0298,0.0326,0.0624,0.017672082503202614,-0.0256,-0.0298,-0.004199999999999999,0.00015999999999999993,0.011264563906339207,-0.0195,0.0183,0.0378,0.011265700155782597,0.008,0.0042,-0.0038000000000000004,0.0008050000000000002,0.008238900108631006,-0.0147,0.018,0.0327,0.008278133847673641,-0.0113,-0.0037,0.007599999999999999,0.00046999999999999993,0.0014000357138301864,-0.0033,0.0024,0.0057,0.001476820909927808,0.0016,0.0007,-0.0009000000000000001,-0.000315,0.0011812175921480344,-0.0028,0.0024,0.0052,0.0012224974437601084,-0.0017,-0.0028,-0.0011,9.80659,2.9999999999930076e-05,9.8065,9.8066,9.999999999976694e-05,9.806590000045889,9.8066,9.8066,0.0,-11.211,0.2085401639972502,-11.62,-10.87,0.75,11.21293940053187,-11.37,-11.06,0.3099999999999987,-28.470999999999997,0.20390929355966053,-28.81,-28.19,0.6199999999999974,28.471730189786502,-28.75,-28.37,0.379999999999999,6.986,0.3766749261631308,6.25,7.75,1.5,6.996147511309349,6.25,7.0,0.75,345.246,2.63059765072502,339.23,350.2,10.96999999999997,345.2560217577675,341.19,345.15,3.9599999999999795,-83.90199999999999,0.03736308338453902,-83.96,-83.81,0.14999999999999147,83.90200831922917,-83.95,-83.81,0.14000000000000057,-133.34799999999998,0.31173065296823127,-133.84,-132.76,1.0800000000000125,133.3483643694215,-132.81,-133.84,-1.0300000000000011,9.845209701224514,0.23464465349698577,9.522587399441392,10.213435356920805,0.6908479574794129,9.848005492205006,10.009228744014194,9.700735706635863,-0.3084930373783319,0.021643657204044545,0.006268819891639146,0.012884098726725126,0.03504083332342426,0.022156734596699132,0.022533219920819126,0.029104123419199556,0.030321114755232862,0.001216991336033306,0.10005000000000024,0.0006689544080125653,0.09899999999998954,0.10099999999999909,0.0020000000000095497,0.10005223635681539,0.10099999999999909,0.09999999999999432,-0.0010000000000047748,0.10005000000000024,2.0010000000000048,72.54269019435762,-82.57885691055611,99.5
0.198365,0.10527601946787313,0.0278,0.3683,0.3405,0.2245700636772408,0.3046,0.1546,-0.15,-0.12953,0.15841142982752224,-0.3409,0.1151,0.45599999999999996,0.20462698258049936,-0.2687,0.0671,0.3358,9.853914999999999,0.25456810537653785,9.5118,10.2775,0.7657000000000007,9.857202734422174,9.571,10.2775,0.7065000000000001,0.001275,0.0175971837235394,-0.0298,0.0326,0.0624,0.01764331318091928,-0.003,0.0252,0.0282,-0.0013900000000000002,0.012175134496177034,-0.023,0.0183,0.0413,0.012254223761626031,-0.0114,-0.023,-0.0116,0.0009400000000000001,0.00805961537543821,-0.0147,0.018,0.0327,0.008114246730288648,-0.0052,-0.0086,-0.0034000000000000002,0.00036999999999999994,0.0013871193171461494,-0.0033,0.0024,0.0057,0.0014356183336806476,-0.0016,-0.0004,0.0012000000000000001,-0.00020499999999999997,0.001149119227930679,-0.0028,0.0024,0.0052,0.0011672617529928753,0.0013,0.0005,-0.0007999999999999999,9.80659,2.9999999999930076e-05,9.8065,9.8066,9.999999999976694e-05,9.806590000045889,9.8066,9.8066,0.0,-11.183000000000002,0.22244325119005068,-11.62,-10.81,0.8099999999999987,11.18521211242773,-11.06,-10.81,0.25,-28.418,0.25568730903194964,-28.81,-27.69,1.1199999999999974,28.419150233601286,-28.44,-27.69,0.75,7.0175,0.3381844910695936,6.38,7.75,1.37,7.025644098586264,6.88,6.88,0.0,345.4525,2.460715089155994,339.23,350.2,10.96999999999997,345.4612639283889,346.52,345.32,-1.1999999999999886,-83.8945,0.041770204691861906,-83.96,-83.8,0.1599999999999966,83.89451039847602,-83.95,-83.8,0.15000000000000568,-133.39249999999998,0.2948198602536805,-133.84,-132.76,1.0800000000000125,133.39282580034055,-132.85,-133.7,-0.8499999999999943,9.858692351011873,0.25086807509124387,9.522587399441392,10.278881739761383,0.7562943403199913,9.861883677219073,9.579614911362565,10.278881739761383,0.6992668283988177,0.021947712241660484,0.006752142427205342,0.012884098726725126,0.03518522417151836,0.022301125444793235,0.022962872207108586,0.012884098726725126,0.03518522417151836,0.022301125444793235,0.1,0.0006324555320333254,0.09899999999998954,0.10099999999999909,0.0020000000000095497,0.10000199998000041,0.10000000000000853,0.09999999999999432,-1.4210854715202004e-14,0.1,2.0,73.12710344399383,-83.29029354204258,99.6
0.214085,0.13826900692129093,0.0278,0.619,0.5912,0.2548542828755287,0.0797,0.619,0.5393,-0.13645000000000002,0.16712311479864178,-0.4071,0.1151,0.5222,0.2157515654636137,0.0677,-0.4071,-0.4748,9.845365000000001,0.26651775602199573,9.4,10.2775,0.8774999999999995,9.84897170762004,10.2129,9.4,-0.8128999999999991,0.00385,0.02033780961657376,-0.0298,0.0485,0.07830000000000001,0.020699009638144528,0.0224,0.0485,0.0261,-0.0011949999999999999,0.012043773287470999,-0.023,0.0183,0.0413,0.012102912872527837,-0.0026,-0.0075,-0.0049,0.001285,0.007936137284598849,-0.0147,0.018,0.0327,0.00803949625287555,0.0062,0.0017,-0.0045,0.0006349999999999999,0.0014880440181661292,-0.0033,0.0037,0.007,0.0016178689687363435,0.0021,0.0037,0.0016000000000000003,-0.00030500000000000004,0.0010997613377456037,-0.0028,0.0024,0.0052,0.0011412712210513327,-0.0001,-0.0007,-0.0006,9.80659,2.9999999999930076e-05,9.8065,9.8066,9.999999999976694e-05,9.806590000045889,9.8065,9.8066,9.999999999976694e-05,-11.183,0.22244325119005068,-11.62,-10.81,0.8099999999999987,11.18521211242773,-11.56,-11.06,0.5,-28.396000000000004,0.2713005713226563,-28.81,-27.69,1.1199999999999974,28.397295998034743,-28.19,-28.0,0.19000000000000128,7.029999999999999,0.3374907406137242,6.38,7.75,1.37,7.03809633352656,6.38,7.13,0.75,345.38199999999995,2.4492929592027157,339.23,350.2,10.96999999999997,345.39068452985236,339.23,345.11,5.8799999999999955,-83.88749999999999,0.043574648592960764,-83.96,-83.8,0.1599999999999966,83.88751131723959,-83.96,-83.81,0.14999999999999147,-133.443,0.28386792703650077,-133.86,-132.76,1.1000000000000227,133.44330193007065,-132.76,-133.86,-1.1000000000000227,9.851169162944949,0.26116903346786297,9.429151150024058,10.278881739761383,0.8497305897373248,9.85463054310003,10.213435356920805,9.429151150024058,-0.7842842068967464,0.023758802603246656,0.008665004261970083,0.014179210133149166,0.049105905958448624,0.03492669582529946,0.025289582835626212,0.02338717597316957,0.049105905958448624,0.025718729985279055,0.1,0.0006324555320333254,0.09899999999998954,0.10099999999999909,0.0020000000000095497,0.10000199998000041,0.09900000000000375,0.10000000000000853,0.0010000000000047748,0.1,2.0,73.71642750100537,-84.0029161090369,99.7
0.23532000000000003,0.1482517001588852,0.0278,0.619,0.5912,0.2781259948296815,0.3171,0.5044,0.18729999999999997,-0.14083500000000002,0.1628037968691148,-0.4071,0.1151,0.5222,0.21526628509824755,-0.3409,-0.02,0.32089999999999996,9.844,0.26469557042005837,9.4,10.2775,0.8774999999999995,9.847558059996397,9.5451,10.1856,0.6405000000000012,0.004129999999999995,0.020627750725660803,-0.0298,0.0485,0.07830000000000001,0.02103713383519722,-0.0176,0.0279999999999999,0.045599999999999904,-0.0008700000000000001,0.012089090122916611,-0.023,0.0183,0.0413,0.012120354780285931,0.0087,0.0039,-0.0048,0.00217,0.009303929277461216,-0.0147,0.0239,0.0386,0.009553638050502019,0.0062,0.0239,0.0177,0.0005250000000000001,0.0014566657131957214,-0.0033,0.0037,0.007,0.0015483862567202023,0.0024,-0.0001,-0.0024999999999999996,-0.00020500000000000005,0.0012001979003481052,-0.0028,0.0024,0.0052,0.001217579566188592,-0.0016,0.0019,0.0035,9.806595,2.1794494717652574e-05,9.8065,9.8066,9.999999999976694e-05,9.806595000024219,9.8066,9.8066,0.0,-11.1705,0.2074240824976694,-11.62,-10.81,0.8099999999999987,11.172425654261477,-10.87,-11.31,-0.4400000000000013,-28.383500000000005,0.28587191187662997,-28.81,-27.69,1.1199999999999974,28.384939580700184,-28.81,-27.94,0.8699999999999974,7.0329999999999995,0.3319201711255283,6.44,7.75,1.3099999999999996,7.040828076298981,7.13,6.44,-0.6899999999999995,345.3904999999999,2.428131946579514,339.4,350.2,10.800000000000011,345.39903490745303,346.1,339.4,-6.7000000000000455,-83.87849999999999,0.0461817063348689,-83.94,-83.78,0.1599999999999966,83.87851271332845,-83.94,-83.78,0.1599999999999966,-133.51550000000003,0.2853327005444698,-134.21,-133.07,1.1400000000000148,133.51580488841012,-133.07,-134.21,-1.1400000000000148,9.850402451751616,0.2601248277765661,9.429151150024058,10.278881739761383,0.8497305897373248,9.853836480655644,9.55644804464504,10.198101133054134,0.641653088409095,0.024440403015375922,0.009132507894658679,0.014179210133149166,0.049105905958448624,0.03492669582529946,0.026090917960087178,0.02058858907259067,0.03701918421575487,0.0164305951431642,0.10004999999999953,0.000589491306127562,0.09899999999998954,0.10099999999999909,0.0020000000000095497,0.10005173661661204,0.10099999999999909,0.09999999999999432,-0.0010000000000047748,0.10004999999999953,2.0009999999999906,74.30191723332734,-84.72829473287501,99.8
0.23040500000000003,0.147083841651624,0.0278,0.619,0.5912,0.27334981342594694,0.1535,0.2188,0.0653,-0.115895,0.1683564744077281,-0.4071,0.1579,0.5650000000000001,0.20439068838868368,-0.0683,0.1579,0.2262,9.889350000000002,0.28640765091037645,9.4,10.4521,1.0520999999999994,9.893496488350314,9.8608,10.4521,0.5913000000000004,0.004694999999999995,0.020174599748198224,-0.0298,0.0485,0.07830000000000001,0.02071370319377971,-0.0135,-0.0063,0.0072,-0.0006399999999999999,0.012310702660693255,-0.023,0.0183,0.0413,0.012327327366465125,-0.0016,0.0133,0.0149,0.0017200000000000004,0.009315771572983099,-0.0147,0.0239,0.0386,0.009473225427487726,-0.0063,-0.0028,0.0035,0.000525,0.0014566657131957214,-0.0033,0.0037,0.007,0.0015483862567202023,0.0021,0.0024,0.0002999999999999999,-0.00018000000000000004,0.0011758401251870936,-0.0028,0.0024,0.0052,0.0011895377253370318,-0.0007,-0.0011,-0.0004000000000000001,9.80659,2.9999999999930083e-05,9.8065,9.8066,9.999999999976694e-05,9.806590000045889,9.8066,9.8065,-9.999999999976694e-05,-11.208000000000002,0.21726941800446728,-11.62,-10.81,0.8099999999999987,11.210105708689815,-11.19,-11.62,-0.4299999999999997,-28.352500000000003,0.2711802905817451,-28.81,-27.69,1.1199999999999974,28.35379683569733,-28.25,-28.19,0.05999999999999872,7.0329999999999995,0.3319201711255283,6.44,7.75,1.3099999999999996,7.04082807629898,6.75,7.13,0.3799999999999999,345.1679999999999,2.553569266732357,339.4,350.2,10.800000000000011,345.1774455841517,346.03,341.65,-4.3799999999999955,-83.8685,0.052941004901684414,-83.93,-83.74,0.19000000000001194,83.8685167091919,-83.92,-83.74,0.18000000000000682,-133.5885,0.3429617325591877,-134.53,-133.18,1.3499999999999943,133.58894024207243,-133.21,-134.53,-1.3199999999999932,9.895359162195069,0.28219760835643093,9.429151150024058,10.455582253514148,1.02643110349009,9.899382225118899,9.862231176564459,10.455582253514148,0.5933510769496895,0.024160006271312533,0.009330412475884366,0.014179210133149166,0.049105905958448624,0.03492669582529946,0.02589908299534946,0.014983324063771696,0.014980654191322888,-2.669872448807925e-06,0.1,0.0005477225575051869,0.09899999999998954,0.10099999999999909,0.0020000000000095497,0.10000149998875017,0.09899999999998954,0.10000000000000853,0.0010000000000189857,0.1,2.0,74.88074404154472,-85.4440055663994,99.9
0.261105,0.18659849805129727,0.0278,0.7675,0.7396999999999999,0.3209280612536087,0.2742,0.7675,0.49329999999999996,-0.13735999999999998,0.187229344388106,-0.4976,0.1579,0.6555,0.23221239630993,-0.3348,-0.4976,-0.1628,9.877025,0.29260776967640495,9.4,10.4521,1.0520999999999994,9.881358315408868,9.6287,9.6143,-0.01440000000000019,0.004479999999999995,0.020389129456649193,-0.0298,0.0485,0.07830000000000001,0.020875511969769743,0.0048,-0.0178,-0.0226,-0.000595,0.01230875602975378,-0.023,0.0183,0.0413,0.012323128661180164,-0.0188,-0.0007,0.0181,0.0008250000000000004,0.010786977102043,-0.0242,0.0239,0.048100000000000004,0.010818479560455804,-0.0024,-0.0242,-0.0218,0.00037999999999999986,0.0014368716017793656,-0.0033,0.0037,0.007,0.0014862705002791383,0.0004,-0.0008,-0.0012000000000000001,-8.500000000000002e-05,0.0012063477939632502,-0.0028,0.0024,0.0052,0.0012093386622447824,0.0006,0.0012,0.0006,9.80659,2.999999999993008e-05,9.8065,9.8066,9.999999999976694e-05,9.806590000045889,9.8066,9.8066,0.0,-11.195500000000001,0.22499944444375838,-11.62,-10.81,0.8099999999999987,11.197760713642706,-11.31,-10.94,0.370000000000001,-28.3555,0.27036040760436747,-28.81,-27.69,1.1199999999999974,28.35678886968692,-28.25,-28.31,-0.05999999999999872,7.0205,0.3467199878864788,6.44,7.75,1.3099999999999996,7.029056480069,6.81,6.5,-0.3099999999999996,345.05449999999996,2.563163036172305,339.4,350.2,10.800000000000011,345.0640198209602,346.07,343.76,-2.3100000000000023,-83.85749999999999,0.06299801584177186,-83.93,-83.7,0.23000000000000398,83.85752366365226,-83.93,-83.7,0.23000000000000398,-133.67000000000002,0.4267669153062366,-134.84,-133.18,1.6599999999999966,133.67068126556399,-133.19,-134.84,-1.6500000000000057,9.885133269182266,0.28687946163143746,9.429151150024058,10.455582253514148,1.02643110349009,9.889295201125305,9.638420014193198,9.657713316308369,0.01929330211517133,0.02491331302961111,0.009165851509194816,0.014179210133149166,0.049105905958448624,0.03492669582529946,0.026545922474082526,0.0195509590557599,0.03004945922974322,0.010498500173983322,0.1,0.0005477225575051869,0.09899999999998954,0.10099999999999909,0.0020000000000095497,0.10000149998875017,0.10099999999999909,0.09899999999998954,-0.0020000000000095497,0.1,2.0,75.45025134830769,-86.15568776375449,99.999
0.26207,0.18671359377399388,0.0278,0.7675,0.7396999999999999,0.321780439119596,0.0278,0.2935,0.2657,-0.12394500000000001,0.1821449820198185,-0.4976,0.1579,0.6555,0.2203160400424808,0.0666,-0.0665,-0.1331,9.895775000000002,0.288074307905096,9.4,10.4521,1.0520999999999994,9.899967154364704,10.1567,10.0037,-0.15300000000000047,0.005549999999999995,0.02093214035878796,-0.0298,0.0485,0.07830000000000001,0.02165541502719354,0.0184,0.0262,0.007800000000000001,0.0009249999999999998,0.011834689476281158,-0.023,0.0183,0.0413,0.011870783461928703,0.0138,0.0116,-0.0022000000000000006,0.0008150000000000001,0.010790054448426106,-0.0242,0.0239,0.048100000000000004,0.01082079017447432,0.0125,-0.0026,-0.0151,0.0002799999999999999,0.001500199986668444,-0.0033,0.0037,0.007,0.0015261061562027722,-0.0002,-0.0016,-0.0014,3.499999999999996e-05,0.0013759632989291538,-0.0028,0.003,0.0058,0.0013764083696345354,0.0008,0.003,0.0022,9.80659,2.999999999993008e-05,9.8065,9.8066,9.999999999976694e-05,9.806590000045889,9.8066,9.8066,0.0,-11.1735,0.2340571511404852,-11.62,-10.81,0.8099999999999987,11.17595118994352,-11.0,-10.87,0.13000000000000078,-28.374000000000002,0.2751254259424231,-28.81,-27.69,1.1199999999999974,28.37533383063537,-28.5,-28.62,-0.120000000000001,7.023999999999999,0.3449260790372337,6.44,7.75,1.3099999999999996,7.032464006306752,6.56,6.88,0.3200000000000003,344.9285,2.5720697405008344,339.4,350.2,10.800000000000011,344.9380895972493,346.07,343.55,-2.519999999999982,-83.84700000000001,0.06738694235532665,-83.93,-83.7,0.23000000000000398,83.84702707908015,-83.93,-83.72,0.21000000000000796,-133.75450000000004,0.48649229181971615,-134.88,-133.18,1.6999999999999886,133.7553847327277,-133.19,-134.88,-1.6899999999999977,9.903623544799387,0.28226255312244114,9.429151150024058,10.455582253514148,1.02643110349009,9.907645101940217,10.156956398941565,10.00822552653566,-0.14873087240590444,0.02537430600429095,0.009116281851753168,0.014179210133149166,0.049105905958448624,0.03492669582529946,0.026962232845222586,0.02617728022541685,0.02877081854935657,0.0025935383239397217,0.09995000000000047,0.0004974937185534717,0.09899999999998954,0.10099999999999909,0.0020000000000095497,0.09995123811139157,0.10000000000000853,0.10000000000000853,0.0,0.09995000000000047,1.9990000000000094,76.02381092088561,-86.87602419248933,100.099
0.31914499999999996,0.2646008361192383,0.0552,1.1693,1.1141,0.414568611329898,0.3103,1.1693,0.859,-0.15728000000000003,0.20392739296131845,-0.6001,0.1579,0.758,0.25753325998790916,-0.2295,-0.6001,-0.37059999999999993,9.880609999999999,0.2818554929392011,9.4,10.4521,1.0520999999999994,9.884629304683104,9.611,9.8534,0.24239999999999995,0.003994999999999995,0.02107447448929628,-0.0298,0.0485,0.07830000000000001,0.021449790208764277,-0.0178,-0.0127,0.0051,0.0007399999999999997,0.011659605482176486,-0.023,0.0183,0.0413,0.011683064666430636,0.0117,0.0101,-0.0016000000000000007,-0.000705,0.011171413294655246,-0.0242,0.0239,0.048100000000000004,0.011193636585131752,0.0033,-0.0179,-0.0212,0.00047999999999999996,0.0016788686666919482,-0.0033,0.0038,0.0071,0.0017461385970191485,0.0012,0.0038,0.0026,-0.00028,0.0018156541520895435,-0.0055,0.003,0.0085,0.0018371173070873834,-0.0008,-0.0055,-0.004699999999999999,9.80659,2.999999999993008e-05,9.8065,9.8066,9.999999999976694e-05,9.806590000045889,9.8066,9.8066,0.0,-11.192000000000002,0.23423492480840669,-11.62,-10.81,0.8099999999999987,11.194450857456117,-10.94,-11.37,-0.4299999999999997,-28.349,0.28507718253132736,-28.81,-27.69,1.1199999999999974,28.350433330021605,-28.81,-28.0,0.8099999999999987,7.042999999999999,0.3289392041092092,6.44,7.75,1.3099999999999996,7.050677272432769,7.06,6.94,-0.11999999999999922,344.799,2.5765343001792207,339.4,350.2,10.800000000000011,344.80862653071773,345.78,343.48,-2.2999999999999545,-83.8355,0.07172691266184561,-83.92,-83.7,0.21999999999999886,83.83553068359501,-83.92,-83.7,0.21999999999999886,-133.848,0.5451752011968262,-135.06,-133.18,1.8799999999999955,133.8491102697362,-133.3,-135.06,-1.759999999999991,9.892809109193843,0.27643251174795486,9.429151150024058,10.455582253514148,1.02643110349009,9.896670500956368,9.618746141779603,9.9406676868307,0.32192154505109727,0.025273446545991656,0.009117998666752598,0.014179210133149166,0.049105905958448624,0.03492669582529946,0.026867917671453433,0.02155504581298773,0.024160091059431045,0.002605045246443314,0.09994999999999976,0.0004974937185534003,0.09899999999998954,0.10099999999999909,0.0020000000000095497,0.09995123811139087,0.09900000000000375,0.09999999999999432,0.000999999999990564,0.09994999999999976,1.9989999999999952,76.60526414644411,-87.60144244605888,100.199
0.357765,0.3125203965743676,0.0552,1.1693,1.1141,0.47504188604795683,0.0996,1.0827,0.9831,-0.15894,0.204642391502836,-0.6001,0.1579,0.758,0.25911470818924964,-0.0195,-0.2627,-0.2432,9.902220000000003,0.27688052405324587,9.4,10.4521,1.0520999999999994,9.906090235456166,10.1148,10.0432,-0.07160000000000011,0.004619999999999995,0.02059882520922006,-0.0298,0.0485,0.07830000000000001,0.021110566074835597,-0.0147,-0.0053,0.009399999999999999,0.002355,0.014862821905681303,-0.023,0.044,0.067,0.01504823909964219,-0.004,0.044,0.048,-0.0017500000000000003,0.011712322570694508,-0.0242,0.0239,0.048100000000000004,0.011842339295933048,-0.0147,-0.0176,-0.0029000000000000015,0.000565,0.0017545013536614897,-0.0033,0.0038,0.0071,0.0018432308591166762,0.0,0.0029,0.0029,-0.00026500000000000004,0.00181253275832466,-0.0055,0.003,0.0085,0.0018318023910891697,-0.0004,-0.0005,-9.999999999999999e-05,9.80659,2.9999999999930076e-05,9.8065,9.8066,9.999999999976694e-05,9.806590000045889,9.8066,9.8066,0.0,-11.1885,0.23845911599265804,-11.62,-10.81,0.8099999999999987,11.191040836311874,-11.25,-10.87,0.3800000000000008,-28.327000000000005,0.26491696812397614,-28.81,-27.69,1.1199999999999974,28.328238738050764,-28.81,-28.37,0.4399999999999977,7.062,0.3401558466350387,6.44,7.75,1.3099999999999996,7.070187409114415,7.13,7.44,0.3100000000000005,344.6575,2.596406892226261,339.4,350.2,10.800000000000011,344.66727961180186,345.74,342.95,-2.7900000000000205,-83.82150000000001,0.08063963045550254,-83.92,-83.64,0.28000000000000114,83.82153878926347,-83.89,-83.64,0.25,-133.954,0.6281114550778379,-135.42,-133.18,2.2399999999999807,133.95547260190605,-133.31,-135.42,-2.109999999999985,9.917112133086071,0.27260946112894613,9.429151150024058,10.455582253514148,1.02643110349009,9.920858278319471,10.115309162353864,10.10480661962415,-0.010502542729714293,0.026579939418910813,0.010288504288137842,0.014179210133149166,0.049105905958448624,0.03492669582529946,0.028501692932175093,0.02117026216181557,0.047684903271370906,0.026514641109555336,0.10004999999999953,0.0004974937185537573,0.09899999999998954,0.10099999999999909,0.0020000000000095497,0.10005123687391329,0.09999999999999432,0.10099999999999909,0.0010000000000047748,0.10004999999999953,2.0009999999999906,77.17694534105826,-88.33724424869948,100.3
0.41203499999999993,0.354411052698699,0.0552,1.185,1.1298000000000001,0.5434887629933116,0.1538,1.185,1.0312000000000001,-0.18933499999999998,0.2257326189875978,-0.6274,0.1579,0.7853,0.2946234164149211,-0.1986,-0.6274,-0.42879999999999996,9.89473,0.2730279804342406,9.4,10.4521,1.0520999999999994,9.898496150981723,9.6434,9.965,0.3216000000000001,0.005669999999999995,0.020116836232370133,-0.0298,0.0485,0.07830000000000001,0.020900622000313764,0.0311,0.0063,-0.0248,0.004475,0.016713822872102,-0.023,0.044,0.067,0.017302528716924587,-0.0159,0.0384,0.0543,-0.001395,0.011418339415168916,-0.0242,0.0239,0.048100000000000004,0.011503238674390792,0.0028,-0.0076,-0.0104,0.000945,0.002322170321057437,-0.0033,0.0076,0.0109,0.0025070899465316357,-0.0033,0.0076,0.0109,-0.00038500000000000003,0.0018950659619126717,-0.0055,0.003,0.0085,0.0019337786843379985,0.0024,-0.0028,-0.0052,9.80659,2.9999999999930076e-05,9.8065,9.8066,9.999999999976694e-05,9.806590000045889,9.8066,9.8066,0.0,-11.169500000000001,0.24775945996066415,-11.62,-10.81,0.8099999999999987,11.172247535746779,-11.0,-10.87,0.13000000000000078,-28.299,0.24089209202462392,-28.62,-27.69,0.9299999999999997,28.300025265006393,-28.5,-28.25,0.25,7.068,0.34235361835388856,6.44,7.75,1.3099999999999996,7.076286455479314,6.94,7.25,0.3099999999999996,344.46000000000004,2.6560986427465427,339.4,350.2,10.800000000000011,344.4702403111189,346.07,341.79,-4.279999999999973,-83.80600000000001,0.0945727233402954,-83.92,-83.58,0.3400000000000034,83.80605336131752,-83.92,-83.58,0.3400000000000034,-134.1015,0.7860742649393867,-136.26,-133.18,3.079999999999984,134.1038038796812,-133.18,-136.26,-3.079999999999984,9.91408686820938,0.2707223921257832,9.429151150024058,10.455582253514148,1.02643110349009,9.917782466055604,9.646670926283326,10.05480386482004,0.4081329385367134,0.027503855376385812,0.010586592437364012,0.014179210133149166,0.049105905958448624,0.03492669582529946,0.029470968765888908,0.03504083332342426,0.03964858131131554,0.004607747987891278,0.1,0.0005477225575051869,0.09899999999998954,0.10099999999999909,0.0020000000000095497,0.10000149998875017,0.09999999999999432,0.09900000000000375,-0.000999999999990564,0.1,2.0,77.7371662001297,-89.06425946875274,100.399
0.51631,0.527583663412733,0.0552,2.2393,2.1841,0.7381873325924796,0.1809,2.2393,2.0584000000000002,-0.23694500000000002,0.30806648385535224,-1.1508,0.1579,1.3087,0.3886488022624025,-0.115,-1.1508,-1.0358,9.89582,0.2720642435161225,9.4,10.4521,1.0520999999999994,9.899559203570632,10.021,9.6652,-0.35580000000000034,0.004429999999999995,0.019257079217783777,-0.0298,0.0485,0.07830000000000001,0.019760060728651614,0.0067,0.0063,-0.0004000000000000002,0.006529999999999999,0.01660867544387571,-0.023,0.044,0.067,0.01784626011241571,0.0183,0.0252,0.0069,-0.0016799999999999999,0.011381151084139075,-0.0242,0.0239,0.048100000000000004,0.011504477389260236,0.0014,-0.0029,-0.0043,0.0016749999999999998,0.0030528470318704148,-0.0016,0.0113,0.0129,0.0034821688643717438,0.0006,0.0113,0.0107,-0.00066,0.0018698663053812164,-0.0055,0.003,0.0085,0.00198292712927127,-0.0015,-0.0031,-0.0015999999999999999,9.80659,2.9999999999930076e-05,9.8065,9.8066,9.999999999976694e-05,9.806590000045889,9.8065,9.8066,9.999999999976694e-05,-11.184999999999999,0.24636355249914704,-11.62,-10.81,0.8099999999999987,11.187712903002113,-11.62,-11.31,0.3099999999999987,-28.299,0.2408920920246239,-28.62,-27.69,0.9299999999999997,28.30002526500639,-28.44,-28.5,-0.05999999999999872,7.092999999999999,0.3502584759859495,6.44,7.75,1.3099999999999996,7.1016427676981895,7.13,7.44,0.3100000000000005,344.198,2.741433201812518,339.4,350.2,10.800000000000011,344.20891717095304,343.35,340.83,-2.5200000000000387,-83.786,0.10947145746723275,-83.91,-83.52,0.39000000000000057,83.78607151549713,-83.91,-83.52,0.39000000000000057,-134.2905,0.973799132264966,-136.96,-133.31,3.6500000000000057,134.29403067523143,-133.31,-136.96,-3.6500000000000057,9.931140186385061,0.263998963762543,9.429151150024058,10.455582253514148,1.02643110349009,9.93464850180921,10.023292413673264,9.987737289796923,-0.035555123876340744,0.027058661061667703,0.010446571760620206,0.014179210133149166,0.049105905958448624,0.03492669582529946,0.029005206429191285,0.019538167774896396,0.026136947029062135,0.00659877925416574,0.1,0.0005477225575051869,0.09899999999998954,0.10099999999999909,0.0020000000000095497,0.10000149998875017,0.10000000000000853,0.09999999999999432,-1.4210854715202004e-14,0.1,2.0,78.30655471033225,-89.79667650669313,100.499
0.5654049999999999,0.5396356877329371,0.0552,2.2393,2.1841,0.7815941974579903,0.0689,1.1628,1.0939,-0.24653500000000003,0.3071049450513619,-1.1508,0.1579,1.3087,0.3938184270701411,-0.0458,-0.3068,-0.261,9.897789999999999,0.2731041905573769,9.4,10.4521,1.0520999999999994,9.90155708881184,10.0617,10.0604,-0.001300000000000523,0.004869999999999994,0.019403893939104074,-0.0298,0.0485,0.07830000000000001,0.020005699187981403,-0.0133,0.0155,0.0288,0.00769,0.018130661874294605,-0.023,0.044,0.067,0.019694085406537668,0.0032,0.0415,0.0383,-0.0034750000000000002,0.013404919805802643,-0.0345,0.0239,0.05840000000000001,0.013848014298086207,0.0049,-0.0345,-0.039400000000000004,0.001975,0.0032225572143873564,-0.0016,0.0113,0.0129,0.0037796163826504933,0.0012,0.0066,0.0054,-0.0006000000000000001,0.0018611824198610945,-0.0055,0.003,0.0085,0.0019555050498528503,-0.0001,-0.0003,-0.00019999999999999998,9.806595,2.1794494717652574e-05,9.8065,9.8066,9.999999999976694e-05,9.806595000024219,9.8066,9.8066,0.0,-11.147499999999999,0.23406996817191225,-11.62,-10.81,0.8099999999999987,11.14995717480565,-11.19,-10.87,0.3200000000000003,-28.282999999999998,0.24162160499425514,-28.62,-27.69,0.9299999999999997,28.28403206758188,-28.31,-28.12,0.18999999999999773,7.089499999999999,0.3502210016546695,6.44,7.75,1.3099999999999996,7.0981451802566,7.25,7.06,-0.1900000000000004,344.01849999999996,2.903803152763637,339.4,350.2,10.800000000000011,344.0307550423363,345.61,339.76,-5.850000000000023,-83.763,0.1277928010491988,-83.9,-83.45,0.45000000000000284,83.76309748331899,-83.89,-83.45,0.4399999999999977,-134.5115,1.2012005452879209,-137.73,-133.47,4.259999999999991,134.51686331088754,-133.52,-137.73,-4.2099999999999795,9.936576686505525,0.2669437753438733,9.429151150024058,10.455582253514148,1.02643110349009,9.940161730374411,10.062040138063454,10.132022416082586,0.0699822780191326,0.028889220393129123,0.012052611545935267,0.014179210133149166,0.05614935440412472,0.04197014427097555,0.0313025957390118,0.014530657245974802,0.05614935440412472,0.04161869715814992,0.10004999999999953,0.000589491306127562,0.09899999999998954,0.10099999999999909,0.0020000000000095497,0.10005173661661204,0.09999999999999432,0.10099999999999909,0.0010000000000047748,0.10004999999999953,2.0009999999999906,78.86556274621606,-90.5285769114681,100.6
0.63452,0.5597638525306899,0.0552,2.2393,2.1841,0.8461389962647982,0.3683,1.4512,1.0829,-0.280135,0.3198035260515431,-1.1508,0.1579,1.3087,0.42514693166010264,-0.2884,-0.7178,-0.4294,9.89212,0.2708098753738497,9.4,10.4521,1.0520999999999994,9.895826195068302,9.629,9.9483,0.31930000000000014,0.006459999999999995,0.019151093963531166,-0.0298,0.0485,0.07830000000000001,0.02021128397702629,-0.0064,0.0185,0.0249,0.010950000000000001,0.022391304115660617,-0.023,0.0684,0.09140000000000001,0.024925348543199954,-0.0112,0.0684,0.0796,-0.004885,0.013922940601755075,-0.0345,0.0239,0.05840000000000001,0.014755049982971932,-0.0085,-0.0233,-0.0148,0.0028250000000000003,0.00477439786779443,-0.0016,0.0182,0.0198,0.005547567034295304,0.0,0.0182,0.0182,-0.000995,0.0024563132943498877,-0.008,0.003,0.011,0.0026501886725288065,0.0006,-0.008,-0.0086,9.806595,2.1794494717652574e-05,9.8065,9.8066,9.999999999976694e-05,9.806595000024219,9.8066,9.8066,0.0,-11.125499999999999,0.24922830898595769,-11.62,-10.75,0.8699999999999992,11.128291198562337,-11.25,-10.75,0.5,-28.286,0.24230971916124178,-28.62,-27.69,0.9299999999999997,28.287037844214087,-28.19,-28.37,-0.17999999999999972,7.098999999999999,0.3569579807204204,6.44,7.75,1.3099999999999996,7.107968767517201,7.13,7.44,0.3100000000000005,343.629,3.1740808118256916,337.82,350.2,12.379999999999995,343.64365908597813,345.54,337.82,-7.720000000000027,-83.735,0.1552900511945314,-83.9,-83.33,0.5700000000000074,83.73514399581576,-83.88,-83.33,0.5499999999999972,-134.79100000000003,1.5404281872258787,-139.11,-133.47,5.640000000000015,134.79980192863786,-133.57,-139.11,-5.5400000000000205,9.937433733420221,0.2673723833566873,9.429151150024058,10.455582253514148,1.02643110349009,9.941029986751875,9.640355825901862,10.079181076357344,0.4388252504554817,0.0318921982225968,0.015177884982124265,0.014179210133149166,0.07459021383532828,0.06041100370217911,0.035319689975989305,0.015448300877442799,0.07459021383532828,0.059141912957885484,0.10005000000000024,0.0005894913061275016,0.09899999999998954,0.10099999999999909,0.0020000000000095497,0.10005173661661275,0.10000000000000853,0.10000000000000853,0.0,0.10005000000000024,2.0010000000000048,79.4182726411016,-91.27079246467144,100.7
0.70806,0.6139498622851869,0.0552,2.2393,2.1841,0.9371677528596468,0.0552,1.8391,1.7839,-0.29144,0.32386636812117436,-1.1508,0.1579,1.3087,0.4356910579757175,-0.0154,-0.5145,-0.49909999999999993,9.909589999999998,0.2644681321066869,9.4,10.4521,1.0520999999999994,9.913118447844756,10.0405,9.9784,-0.062099999999999156,0.009639999999999994,0.021842856955993643,-0.0298,0.0572,0.087,0.02387551046574711,0.013,0.0572,0.0442,0.014915000000000001,0.024988482847103782,-0.023,0.0684,0.09140000000000001,0.029101228496405437,-0.0054,0.0681,0.0735,-0.004134999999999999,0.014110750334408161,-0.0345,0.0239,0.05840000000000001,0.01470413207231219,0.0017,0.0065,0.0048,0.0031,0.004762142375024082,-0.0016,0.0182,0.0198,0.005682253074265524,0.0014,0.0055,0.0040999999999999995,-0.000895,0.0025578262255282315,-0.008,0.003,0.011,0.0027098892966318754,0.0003,0.0026,0.0023,9.806595,2.1794494717652574e-05,9.8065,9.8066,9.999999999976694e-05,9.806595000024219,9.8066,9.8066,0.0,-11.0975,0.2646483515913145,-11.62,-10.69,0.9299999999999997,11.100655160845237,-11.37,-10.69,0.6799999999999997,-28.2765,0.24950500996973965,-28.62,-27.69,0.9299999999999997,28.277600764562752,-28.25,-28.0,0.25,7.1049999999999995,0.35843409436045565,6.44,7.75,1.3099999999999996,7.11403542302117,7.0,7.25,0.25,343.191,3.4707043953641534,336.78,350.2,13.420000000000016,343.2085492379233,345.68,336.78,-8.900000000000034,-83.70599999999999,0.17800000000000107,-83.9,-83.3,0.6000000000000085,83.70618925742589,-83.89,-83.3,0.5900000000000034,-135.106,1.8678768696035637,-139.87,-133.47,6.400000000000006,135.11891133368417,-133.47,-139.87,-6.400000000000006,9.963391004554376,0.26242550631541456,9.429151150024058,10.455582253514148,1.02643110349009,9.966846414789384,10.040663546300115,10.159501248584993,0.11883770228487833,0.03557839843460848,0.019165348022622708,0.014179210133149166,0.08917230511767653,0.07499309498452736,0.040412040285043756,0.014179210133149166,0.08917230511767653,0.07499309498452736,0.1,0.0006324555320333254,0.09899999999998954,0.10099999999999909,0.0020000000000095497,0.10000199998000041,0.09999999999999432,0.09900000000000375,-0.000999999999990564,0.1,2.0,79.94320752966465,-91.99907198783572,100.799
0.7945450000000001,0.6372775599964273,0.0903,2.2393,2.149,1.0185403504525483,0.2565,1.7849,1.5284,-0.30722,0.3176613945697525,-1.1508,0.1579,1.3087,0.44191955150230683,-0.2913,-0.331,-0.03970000000000001,9.903084999999999,0.2627627052589465,9.4,10.4521,1.0520999999999994,9.906570383159854,9.5737,9.9104,0.33669999999999867,0.009204999999999994,0.021858235862026922,-0.0298,0.0572,0.087,0.023717388136133364,-0.0013,0.0043,0.0056,0.02042,0.03124982559951335,-0.023,0.1047,0.1277,0.037329987945350314,0.0149,0.1047,0.0898,-0.005889999999999999,0.015399769478794156,-0.0345,0.0239,0.05840000000000001,0.01648772270509181,0.0099,-0.0334,-0.0433,0.0031549999999999994,0.004748523454717267,-0.0016,0.0182,0.0198,0.005701096385784054,0.0006,0.0025,0.0019000000000000002,-0.0009349999999999997,0.0025450491154396216,-0.008,0.003,0.011,0.002711364969899847,-0.0015,-0.0005,0.001,9.806595,2.1794494717652574e-05,9.8065,9.8066,9.999999999976694e-05,9.806595000024219,9.8066,9.8066,0.0,-11.056999999999999,0.2813023284653008,-11.62,-10.56,1.0599999999999987,11.060577742595546,-11.12,-10.56,0.5599999999999987,-28.288999999999998,0.2540846315698765,-28.62,-27.69,0.9299999999999997,28.290141038884904,-28.31,-28.5,-0.19000000000000128,7.1455,0.3887605304040007,6.44,7.81,1.3699999999999992,7.1560677051017345,7.69,7.81,0.11999999999999922,342.9335,3.4675312183165783,336.78,350.2,13.420000000000016,342.9510303162829,350.2,340.53,-9.670000000000016,-83.674,0.19840362899906944,-83.9,-83.25,0.6500000000000057,83.67423522208016,-83.9,-83.25,0.6500000000000057,-135.47,2.1943974115916216,-140.75,-133.64,7.110000000000014,135.48777169914635,-133.64,-140.75,-7.110000000000014,9.965122298917358,0.2630430755979544,9.429151150024058,10.455582253514148,1.02643110349009,9.968593385829315,9.581564571091718,10.075289433559712,0.4937248624679942,0.04036856058524828,0.02445949337731955,0.014980654191322888,0.10998245314594506,0.09500179895462217,0.04720050317528405,0.017936276090649364,0.10998245314594506,0.09204617705529569,0.1,0.0006324555320333254,0.09899999999998954,0.10099999999999909,0.0020000000000095497,0.10000199998000041,0.10099999999999909,0.09999999999999432,-0.0010000000000047748,0.1,2.0,80.47160287752314,-92.71542661931397,100.899
0.8456050000000002,0.6330188634432626,0.0903,2.2393,2.149,1.0562957433881859,0.1598,1.2777,1.1179000000000001,-0.31122,0.3179393048995358,-1.1508,0.1579,1.3087,0.44490818153861816,0.1151,-0.3713,-0.4864,9.914894999999998,0.2528126014956534,9.4,10.4521,1.0520999999999994,9.918117617395954,10.1455,9.8099,-0.33559999999999945,0.010819999999999993,0.022212780105155677,-0.0298,0.0572,0.087,0.024707893475567677,-0.0165,0.031,0.0475,0.02545,0.037439784988698856,-0.023,0.1155,0.1385,0.04527074110283595,0.0107,0.1155,0.1048,-0.006969999999999999,0.015006935063496478,-0.0345,0.0239,0.05840000000000001,0.01654657064167678,-0.0096,-0.0117,-0.002100000000000001,0.0031849999999999995,0.004734160432431499,-0.0016,0.0182,0.0198,0.005705830351491359,-0.0006,0.0012,0.0018,-0.00068,0.0027248119201148543,-0.008,0.0036,0.0116,0.002808380316125293,-0.0005,0.0036,0.0040999999999999995,9.80659,2.9999999999930083e-05,9.8065,9.8066,9.999999999976694e-05,9.806590000045889,9.8066,9.8065,-9.999999999976694e-05,-11.029,0.3008305170689967,-11.62,-10.56,1.0599999999999987,11.03310201167378,-10.94,-10.56,0.379999999999999,-28.270500000000006,0.26511271187930585,-28.62,-27.69,0.9299999999999997,28.271743048492784,-28.56,-27.94,0.6199999999999974,7.1925,0.4942557536336831,6.44,8.63,2.1900000000000004,7.209462185211876,6.44,8.63,2.1900000000000004,342.63399999999996,3.061934682516931,336.78,350.05,13.270000000000039,342.64768115368884,339.9,344.21,4.310000000000002,-83.64349999999999,0.20797295497251567,-83.87,-83.25,0.6200000000000045,83.64375855376178,-83.87,-83.29,0.5799999999999983,-135.857,2.498913964105208,-141.38,-133.64,7.740000000000009,135.87998020311898,-133.73,-141.38,-7.650000000000006,9.981030229234914,0.24858926585592162,9.429151150024058,10.455582253514148,1.02643110349009,9.984125452937779,10.147411211732773,9.899723177442892,-0.2476880342898813,0.045479687359649655,0.029416101673548155,0.014980654191322888,0.120158811578677,0.10517815738735412,0.05416372402263345,0.021883783950679095,0.120158811578677,0.0982750276279979,0.1,0.0006324555320333254,0.09899999999998954,0.10099999999999909,0.0020000000000095497,0.10000199998000041,0.09900000000000375,0.10099999999999909,0.001999999999995339,0.1,2.0,80.97808705857898,-93.45297167839556,101.0
0.9861250000000001,0.7636398247046837,0.0903,2.9702,2.8799,1.24723225483468,0.3173,2.9702,2.6529000000000003,-0.399905,0.4182159471792055,-1.6586,0.1579,1.8165,0.5786437483460787,-0.3235,-1.6586,-1.3351000000000002,9.872625,0.27994136863814895,9.3001,10.4521,1.1519999999999992,9.8765931150625,9.5118,9.3001,-0.21169999999999867,0.013114999999999996,0.02163520915082634,-0.0298,0.0572,0.087,0.025299911067037363,0.0079,0.0294,0.0215,0.03221,0.04550353722514328,-0.023,0.1459,0.1689,0.05574994170400539,-0.0195,0.1459,0.1654,-0.007575,0.01534095417501793,-0.0345,0.0239,0.05840000000000001,0.017109222659139132,0.0028,-0.0217,-0.0245,0.003085,0.004833143387072227,-0.0026,0.0182,0.0208,0.005733803275313864,-0.0007,-0.0026,-0.0018999999999999998,-0.000245,0.0033431235394463066,-0.008,0.0082,0.0162,0.003352088900969066,0.0004,0.0082,0.0078000000000000005,9.80659,2.999999999993008e-05,9.8065,9.8066,9.999999999976694e-05,9.806590000045889,9.8066,9.8066,0.0,-10.9725,0.40150809456348435,-11.62,-9.81,1.8099999999999987,10.979843578120775,-11.37,-9.81,1.5599999999999987,-28.255000000000003,0.25666125535421175,-28.62,-27.69,0.9299999999999997,28.256165698834653,-28.56,-28.25,0.3099999999999987,7.2985,0.5461160590936693,6.44,8.63,2.1900000000000004,7.318903264834152,7.19,8.56,1.37,342.983,3.1275119504168254,336.78,350.05,13.270000000000039,342.99725891033006,345.29,346.88,1.589999999999975,-83.61449999999999,0.21469687934387804,-83.87,-83.25,0.6200000000000045,83.6147756380414,-83.87,-83.29,0.5799999999999983,-136.26299999999998,2.7657423958134637,-141.85,-133.64,8.210000000000008,136.2910653711387,-133.64,-141.85,-8.210000000000008,9.968798290677501,0.2461078732696066,9.429151150024058,10.455582253514148,1.02643110349009,9.971835761057239,9.522587399441392,9.902772440584506,0.3801850411431147,0.05190581397995209,0.036696777448144015,0.014980654191322888,0.15040631635672752,0.13542566216540464,0.06356781418296525,0.021224985276791123,0.15040631635672752,0.1291813310799364,0.1,0.0006324555320333254,0.09899999999998954,0.10099999999999909,0.0020000000000095497,0.10000199998000041,0.09999999999999432,0.09900000000000375,-0.000999999999990564,0.1,2.0,81.46882857351741,-94.1658869928331,101.099
1.095735,0.8153518597973516,0.0903,2.9702,2.8799,1.3658088612613406,0.2629,2.5095,2.2466,-0.44862,0.4610317913116188,-1.6586,0.1579,1.8165,0.6432808228138004,-0.2722,-1.2978,-1.0256,9.892645,0.2674601736240369,9.3001,10.4521,1.1519999999999992,9.89625990162445,9.7617,9.9122,0.15050000000000097,0.014164999999999994,0.0218650011433798,-0.0298,0.0572,0.087,0.026052360737560804,0.0326,0.0289,-0.0036999999999999984,0.040015,0.04920184219112126,-0.023,0.1459,0.1689,0.06341940948952458,-0.0061,0.1366,0.1427,-0.007155,0.015729318961735118,-0.0345,0.0239,0.05840000000000001,0.017280205438593606,0.0081,0.0112,0.0031000000000000003,0.003735,0.005144538366073286,-0.0026,0.0182,0.0208,0.006357397266177409,-0.0008,0.0123,0.0131,-0.00114,0.005024082005700146,-0.0175,0.0082,0.0257,0.005151795803406808,0.0002,-0.0175,-0.0177,9.80659,2.999999999993008e-05,9.8065,9.8066,9.999999999976694e-05,9.806590000045889,9.8066,9.8066,0.0,-10.876,0.5112963915382154,-11.62,-9.44,2.1799999999999997,10.888011756055374,-11.5,-9.44,2.0600000000000005,-28.229999999999997,0.24999999999999994,-28.62,-27.69,0.9299999999999997,28.231106956688752,-28.62,-28.06,0.5600000000000023,7.3705,0.617344919797677,6.44,8.63,2.1900000000000004,7.396308876730338,7.75,8.63,0.8800000000000008,343.2165,3.4488581806157295,336.78,350.05,13.270000000000039,343.23382772535695,350.05,349.96,-0.09000000000003183,-83.583,0.2210226232764415,-83.86,-83.24,0.6200000000000045,83.58329222996663,-83.86,-83.24,0.6200000000000045,-136.70000000000002,2.997538990572098,-142.38,-133.66,8.719999999999999,136.7328608638026,-133.66,-142.38,-8.719999999999999,10.008017307551652,0.23408048775276746,9.429151150024058,10.455582253514148,1.02643110349009,10.01075442227008,9.76903250787917,10.306967736924376,0.5379352290452051,0.05784817271485145,0.040656382199511,0.014980654191322888,0.15040631635672752,0.13542566216540464,0.0707060994540075,0.034140591676185106,0.1400721599747787,0.1059315682985936,0.10005000000000024,0.0006689544080125654,0.09899999999998954,0.10099999999999909,0.0020000000000095497,0.10005223635681539,0.10000000000000853,0.10099999999999909,0.000999999999990564,0.10005000000000024,2.0010000000000048,81.95799095519718,-94.88248432784735,101.2
1.204745,0.8420239845010355,0.0903,2.9702,2.8799,1.4698349926097147,0.0903,2.4431,2.3528,-0.48719999999999997,0.47667353293422954,-1.6586,0.1579,1.8165,0.6816021544860316,0.1043,-1.0438,-1.1481000000000001,9.894005,0.2668593571059481,9.3001,10.4521,1.1519999999999992,9.897603187464124,10.0185,9.7889,-0.22959999999999958,0.012604999999999996,0.021605542691633547,-0.0298,0.0572,0.087,0.025013706242778173,-0.0027,0.0014,0.0041,0.048945,0.055788533544089504,-0.023,0.1725,0.19549999999999998,0.07421572272773472,0.0062,0.1725,0.16629999999999998,-0.009515,0.016769921735058875,-0.0391,0.0239,0.063,0.019281221434338646,0.018,-0.0391,-0.0571,0.00419,0.0051257097069576625,-0.0026,0.0182,0.0208,0.006620347422907653,0.0023,0.0083,0.006,-0.0016549999999999998,0.005375916200983792,-0.0175,0.0082,0.0257,0.005624899999111095,-0.0012,-0.0101,-0.0089,9.80659,2.999999999993008e-05,9.8065,9.8066,9.999999999976694e-05,9.806590000045889,9.8066,9.8066,0.0,-10.7945,0.534709968113556,-11.62,-9.44,2.1799999999999997,10.807735424222782,-11.25,-9.87,1.3800000000000008,-28.171000000000003,0.2874352100909001,-28.62,-27.44,1.1799999999999997,28.172466345707114,-28.5,-27.44,1.0599999999999987,7.414499999999999,0.6717847497524786,6.44,8.63,2.1900000000000004,7.444871053282253,7.25,8.63,1.3800000000000008,342.967,3.1092540906140216,336.78,349.96,13.180000000000007,342.98109357514153,345.35,345.06,-0.29000000000002046,-83.53999999999999,0.24527535546809384,-83.85,-83.0,0.8499999999999943,83.5403600662578,-83.85,-83.0,0.8499999999999943,-137.177,3.2261635110452764,-143.2,-133.7,9.5,137.21493162189017,-133.71,-143.2,-9.48999999999998,10.026716594756696,0.2291278844460004,9.429151150024058,10.455582253514148,1.02643110349009,10.029334238073831,10.019449826712043,10.14301825198003,0.12356842526798673,0.0649852117648781,0.04777391288008496,0.014980654191322888,0.17688137267671797,0.16190071848539508,0.08065621178805758,0.01922836446502926,0.17688137267671797,0.1576530082116887,0.1,0.0007071067811859044,0.09899999999998954,0.10099999999999909,0.0020000000000095497,0.10000249996875078,0.10099999999999909,0.09900000000000375,-0.001999999999995339,0.1,2.0,82.41151678295302,-95.58222928998157,101.299
1.31192,0.8296783934754478,0.1546,2.9702,2.8156000000000003,1.5522565261579675,0.332,2.2338,1.9018,-0.5647550000000001,0.4997508123805304,-1.6586,0.1579,1.8165,0.7541213990465993,-0.1995,-1.4468,-1.2473,9.876480000000003,0.2696029554734146,9.3001,10.4521,1.1519999999999992,9.880159054590164,9.693,9.668,-0.025000000000000355,0.013909999999999995,0.021429206704868944,-0.0298,0.0572,0.087,0.025547974479398553,-0.0298,0.0234,0.0532,0.057804999999999995,0.06201944432998412,-0.023,0.1834,0.2064,0.08478106805177675,0.0042,0.1834,0.1792,-0.012485,0.01689343881511399,-0.0414,0.0239,0.0653,0.021006272872644494,-0.0037,-0.0414,-0.0377,0.00406,0.005204363553788302,-0.0026,0.0182,0.0208,0.006600681782967575,0.0007,-0.0003,-0.001,-0.0018,0.005400740689942446,-0.0175,0.0082,0.0257,0.0056928024732990695,-0.0028,-0.0041,-0.0013000000000000004,9.80659,2.9999999999930076e-05,9.8065,9.8066,9.999999999976694e-05,9.806590000045889,9.8066,9.8066,0.0,-10.747499999999999,0.5339182989933946,-11.62,-9.44,2.1799999999999997,10.760753923401465,-11.06,-10.31,0.75,-28.108500000000003,0.34016576841298996,-28.62,-27.25,1.370000000000001,28.110558247747413,-28.37,-27.25,1.120000000000001,7.5145,0.7799966346081246,6.44,9.25,2.8099999999999996,7.5548729307646205,7.0,9.25,2.25,342.9155,3.0777272052604046,336.78,349.96,13.180000000000007,342.9293112946165,345.15,344.32,-0.8299999999999841,-83.4945,0.2669920410798796,-83.81,-82.94,0.8700000000000045,83.49492688181721,-83.81,-82.94,0.8700000000000045,-137.67749999999998,3.4201123885042124,-143.72,-133.7,10.02000000000001,137.71997376923943,-133.84,-143.72,-9.879999999999995,10.027125486900776,0.22912184846690503,9.429151150024058,10.455582253514148,1.02643110349009,10.029742885612771,9.700735706635863,10.027627669593642,0.3268919629577791,0.07349705591527597,0.05366539640948157,0.014980654191322888,0.18946524747298646,0.17448459328166357,0.09100435154430803,0.030321114755232862,0.18946524747298646,0.1591441327177536,0.1,0.0007071067811859044,0.09899999999998954,0.10099999999999909,0.0020000000000095497,0.10000249996875078,0.09999999999999432,0.10099999999999909,0.0010000000000047748,0.1,2.0,82.86435382479868,-96.30861181478633,101.4
1.41147,0.8255652682253536,0.1546,2.9702,2.8156000000000003,1.6351775356211324,0.1546,2.323,2.1684,-0.629225,0.5306845879380708,-1.6586,0.1579,1.8165,0.8231343951627826,0.0671,-1.4889,-1.5559999999999998,9.87664,0.26949494689140274,9.3001,10.4521,1.1519999999999992,9.880316048386307,10.2775,9.6962,-0.5813000000000006,0.017074999999999996,0.01930942451239808,-0.0178,0.0572,0.075,0.02577614206975124,0.0252,0.0335,0.008300000000000002,0.06629499999999999,0.06561798895882134,-0.023,0.1834,0.2064,0.09327779746542046,-0.023,0.174,0.19699999999999998,-0.014995,0.018999723024296963,-0.0539,0.0239,0.07780000000000001,0.024204121549851795,-0.0086,-0.0539,-0.04530000000000001,0.004135,0.005166069589155764,-0.0026,0.0182,0.0208,0.006617136843076467,-0.0004,0.0022,0.0026000000000000003,-0.0012400000000000002,0.005831500664494518,-0.0175,0.0084,0.0259,0.005961878898468167,0.0005,0.0084,0.007899999999999999,9.80659,2.9999999999930076e-05,9.8065,9.8066,9.999999999976694e-05,9.806590000045889,9.8066,9.8066,0.0,-10.6665,0.5992518251953848,-11.62,-9.44,2.1799999999999997,10.68331994278932,-10.81,-9.44,1.370000000000001,-28.1025,0.33653937362513753,-28.62,-27.25,1.370000000000001,28.104515028728038,-27.69,-28.25,-0.5599999999999987,7.6395,0.8812745032054429,6.44,9.5,3.0599999999999996,7.690162872137365,6.88,9.5,2.62,343.2405,3.5960679568106064,336.78,351.65,14.870000000000005,343.25933715632556,345.32,351.65,6.329999999999984,-83.45150000000001,0.28157192686771865,-83.81,-82.94,0.8700000000000045,83.45197502156554,-83.8,-82.95,0.8499999999999943,-138.19449999999998,3.5787825793138084,-144.18,-133.7,10.480000000000018,138.24083157663657,-133.7,-144.18,-10.480000000000018,10.046145857678287,0.21668970384722797,9.429151150024058,10.455582253514148,1.02643110349009,10.048482523321619,10.278881739761383,10.081143122186093,-0.19773861757528977,0.08124159681056126,0.057886090277977864,0.014980654191322888,0.18946524747298646,0.17448459328166357,0.09975468159439936,0.03518522417151836,0.18521193266093844,0.15002670848942007,0.1,0.0007071067811859044,0.09899999999998954,0.10099999999999909,0.0020000000000095497,0.10000249996875078,0.09999999999999432,0.09999999999999432,0.0,0.1,2.0,83.30398499758687,-97.01788985542396,101.5
1.48997,0.7754432101063237,0.2188,2.9702,2.7514000000000003,1.6796793661291431,0.619,1.7246,1.1056,-0.647615,0.5122899064738637,-1.6586,0.1579,1.8165,0.8257397510717285,-0.4071,-0.3007,0.1064,9.84465,0.2577292096367813,9.3001,10.4521,1.1519999999999992,9.84802304871389,9.4,9.6377,0.23770000000000024,0.019984999999999996,0.024104673302079827,-0.0178,0.0834,0.1012,0.03131190668100555,0.0485,0.0834,0.0349,0.077715,0.06887767617305333,-0.0075,0.2054,0.2129,0.10384486265579054,-0.0075,0.2054,0.2129,-0.0185,0.023443037345873084,-0.0787,0.0239,0.10260000000000001,0.02986345592860947,0.0017,-0.0787,-0.0804,0.004239999999999999,0.00509366272931375,-0.0026,0.0182,0.0208,0.00662744294581251,0.0037,0.0017,-0.002,-0.0005400000000000001,0.006764052040012703,-0.0175,0.0145,0.032,0.006785572930858529,-0.0007,0.0145,0.0152,9.80659,2.9999999999930076e-05,9.8065,9.8066,9.999999999976694e-05,9.806590000045889,9.8066,9.8066,0.0,-10.600999999999999,0.6494759425875604,-11.62,-9.44,2.1799999999999997,10.62087661165499,-11.06,-9.5,1.5600000000000005,-28.1085,0.3301405003933931,-28.62,-27.25,1.370000000000001,28.110438719450823,-28.0,-27.81,0.19000000000000128,7.786,0.9807619486909146,6.44,9.81,3.37,7.847527636141208,7.13,9.81,2.6800000000000006,343.50249999999994,3.914792299726771,336.78,351.65,14.870000000000005,343.52480711733176,345.11,350.56,5.449999999999989,-83.41350000000001,0.2832538614035116,-83.81,-82.94,0.8700000000000045,83.41398093245522,-83.81,-83.04,0.769999999999996,-138.76,3.714891653870942,-145.01,-133.86,11.149999999999977,138.80971875196633,-133.86,-145.01,-11.149999999999977,10.021971938575117,0.2163454180540059,9.429151150024058,10.455582253514148,1.02643110349009,10.02430680284178,9.429151150024058,9.795403357697937,0.3662522076738792,0.0912443943078412,0.06580636373022897,0.014980654191322888,0.2352411741171175,0.22026051992579462,0.11249896443967829,0.049105905958448624,0.2352411741171175,0.18613526815866888,0.09995000000000047,0.0007399324293466009,0.09899999999998954,0.10099999999999909,0.0020000000000095497,0.09995273883191043,0.10000000000000853,0.09900000000000375,-0.0010000000000047748,0.09995000000000047,1.9990000000000094,83.71310885081724,-97.71078830438631,101.599
1.56608,0.7607857967917119,0.2188,2.9702,2.7514000000000003,1.7410920696505399,0.5044,2.1412,1.6368,-0.6530100000000001,0.51029286287386,-1.6586,0.1579,1.8165,0.8287465631904605,-0.02,-0.515,-0.495,9.871984999999999,0.23730185897923342,9.3001,10.4521,1.1519999999999992,9.874836708143583,10.1856,9.9467,-0.238900000000001,0.020364999999999998,0.02460589919104766,-0.0178,0.0834,0.1012,0.03194031152008383,0.0279999999999999,0.0561,0.028100000000000097,0.08889999999999999,0.07221395294539691,-0.0007,0.2162,0.2169,0.1145341215533607,0.0039,0.2162,0.21230000000000002,-0.018615,0.023349117221000026,-0.0787,0.0239,0.10260000000000001,0.029861337880275896,0.0239,-0.0006,-0.0245,0.00409,0.005151203742815848,-0.0026,0.0182,0.0208,0.0065774615164210576,-0.0001,0.0007,0.0008,-0.00012000000000000014,0.006997828234531054,-0.0175,0.0145,0.032,0.0069988570495474476,0.0019,0.0077,0.0058000000000000005,9.80659,2.9999999999930076e-05,9.8065,9.8066,9.999999999976694e-05,9.806590000045889,9.8066,9.8066,0.0,-10.52,0.687109889319023,-11.62,-9.44,2.1799999999999997,10.542415283036425,-11.31,-9.44,1.870000000000001,-28.127,0.3338877056736292,-28.62,-27.25,1.370000000000001,28.128981673711547,-27.94,-28.37,-0.4299999999999997,7.9295,1.0792936347445028,6.44,10.0,3.5599999999999996,8.00261488514848,6.44,10.0,3.5599999999999996,343.729,4.1265650364437505,336.78,351.65,14.870000000000005,343.75376940478776,339.4,349.64,10.240000000000009,-83.375,0.27904300743792076,-83.78,-82.94,0.8400000000000034,83.37546695521412,-83.78,-83.04,0.7399999999999949,-139.352,3.828529221515749,-145.7,-134.21,11.48999999999998,139.40458220589449,-134.21,-145.7,-11.48999999999998,10.059893422971987,0.17078287954295604,9.657713316308369,10.455582253514148,0.797868937205779,10.06134297564197,10.198101133054134,10.187580837961484,-0.0105202950926504,0.09995713487125088,0.07098252734533028,0.014980654191322888,0.2352411741171175,0.22026051992579462,0.12259668837289202,0.03701918421575487,0.22336071722664216,0.1863415330108873,0.09994999999999976,0.0007399324293465528,0.09899999999998954,0.10099999999999909,0.0020000000000095497,0.09995273883190972,0.09999999999999432,0.09999999999999432,0.0,0.09994999999999976,1.9989999999999952,84.10446958311235,-98.41556273530227,101.699
1.6475650000000002,0.7293348601808364,0.2188,2.9702,2.7514000000000003,1.8017768362091906,0.2188,2.1341,1.9153000000000002,-0.6759350000000002,0.49128490133017527,-1.6586,0.1579,1.8165,0.8356129358141842,0.1579,-0.4785,-0.6364,9.833324999999999,0.24588773225803673,9.3001,10.4521,1.1519999999999992,9.836398798976179,10.4521,9.4124,-1.0396999999999998,0.017294999999999998,0.027159611098099324,-0.0334,0.0834,0.1168,0.03219878103282794,-0.0063,-0.0334,-0.0271,0.1018,0.07863615580634649,-0.0007,0.2619,0.2626,0.12863469594164711,0.0133,0.2619,0.24860000000000002,-0.02088,0.021214678880435597,-0.0787,0.0112,0.08990000000000001,0.029766373645440925,-0.0028,-0.0214,-0.0186,0.004575,0.0051903636674129104,-0.0026,0.0182,0.0208,0.006918851060689195,0.0024,0.0096,0.0072,-0.0004450000000000004,0.007047231726004191,-0.0175,0.0145,0.032,0.007061267591587222,-0.0011,-0.0046,-0.0034999999999999996,9.80659,2.9999999999930076e-05,9.8065,9.8066,9.999999999976694e-05,9.806590000045889,9.8065,9.8066,9.999999999976694e-05,-10.395,0.755972883111557,-11.62,-8.81,2.8099999999999987,10.422452686388171,-11.62,-8.81,2.8099999999999987,-28.133,0.3315433606634282,-28.62,-27.25,1.370000000000001,28.134953527596238,-28.19,-28.06,0.13000000000000256,8.123,1.1401056968544627,6.5,10.31,3.8100000000000005,8.202619703484979,7.13,10.31,3.1800000000000006,344.15950000000004,4.1015295622486985,336.78,351.65,14.870000000000005,344.18393917351807,341.65,348.01,6.360000000000014,-83.336,0.2741787737954919,-83.74,-82.94,0.7999999999999972,83.33645102834653,-83.74,-83.0,0.7399999999999949,-139.986,3.9717431941151458,-146.89,-134.53,12.359999999999985,140.04233267123195,-134.53,-146.89,-12.359999999999985,10.0331462567133,0.1880592191303347,9.657713316308369,10.455582253514148,0.797868937205779,10.034908573499811,10.455582253514148,9.663157807880404,-0.7924244456337437,0.11135052634292393,0.07791497791281084,0.014980654191322888,0.26488701364921613,0.24990635945789325,0.13590321372211916,0.014980654191322888,0.26488701364921613,0.24990635945789325,0.1,0.0007745966692405955,0.09899999999998954,0.10099999999999909,0.0020000000000095497,0.10000299995500136,0.10000000000000853,0.10099999999999909,0.000999999999990564,0.1,2.0,84.47523642978828,-99.10762361676319,101.8
1.7404500000000003,0.656073551897956,0.2935,2.9702,2.6767000000000003,1.8599996526881397,0.7675,2.0765,1.3089999999999997,-0.7154150000000001,0.4529193971061518,-1.6586,-0.0665,1.5921,0.8467317181374513,-0.4976,-0.6317,-0.13410000000000005,9.812945,0.20768016630145492,9.3001,10.0604,0.7602999999999991,9.815142414886296,9.6143,10.0445,0.43019999999999925,0.01597,0.028870886720016066,-0.0334,0.0834,0.1168,0.032993469050707595,-0.0178,-0.0328,-0.015000000000000003,0.11321999999999999,0.08148752419849312,-0.0007,0.2619,0.2626,0.1394954658761352,-0.0007,0.2417,0.2424,-0.022214999999999995,0.020872260898139424,-0.0787,0.0112,0.08990000000000001,0.03048208490244721,-0.0242,-0.0295,-0.005299999999999999,0.004735,0.005170132977013261,-0.0026,0.0182,0.0208,0.007010741758187931,-0.0008,0.0056,0.0064,-0.0007950000000000002,0.007242200977603425,-0.0175,0.0145,0.032,0.007285705182067142,0.0012,-0.0081,-0.0093,9.806595,2.1794494717652574e-05,9.8065,9.8066,9.999999999976694e-05,9.806595000024219,9.8066,9.8066,0.0,-10.241999999999999,0.8008845110251538,-11.37,-8.56,2.8099999999999987,10.27326530368996,-10.94,-8.56,2.379999999999999,-28.1045,0.3494349009472294,-28.62,-27.25,1.370000000000001,28.106672250552894,-28.31,-27.62,0.6899999999999977,8.298,1.2386145485985542,6.5,10.63,4.130000000000001,8.38993265765584,6.5,10.63,4.130000000000001,344.63800000000003,4.332578447068215,336.78,351.65,14.870000000000005,344.665232189149,343.76,351.22,7.460000000000036,-83.2955,0.2713203825738117,-83.72,-82.93,0.789999999999992,83.29594188794555,-83.7,-82.93,0.769999999999996,-140.6245,4.068586333113751,-147.3,-134.84,12.460000000000008,140.683344412194,-134.84,-147.3,-12.460000000000008,10.02418344727738,0.17123127731293877,9.657713316308369,10.306967736924376,0.6492544206160069,10.025645811367964,9.657713316308369,10.276326064795725,0.6186127484873563,0.12288613648530917,0.07984803666787285,0.024160091059431045,0.26488701364921613,0.2407269225897851,0.14654934834382582,0.03004945922974322,0.2456928570390275,0.21564339780928427,0.09994999999999976,0.0008046738469704513,0.09899999999998954,0.10099999999999909,0.0020000000000095497,0.09995323906707552,0.09899999999998954,0.09900000000000375,1.4210854715202004e-14,0.09994999999999976,1.9989999999999952,84.82953890933695,-99.8029322055227,101.899
1.7748900000000003,0.62125024579472,0.2935,2.9702,2.6767000000000003,1.8804750410468096,0.2935,1.4563,1.1627999999999998,-0.7076450000000001,0.45789508675568913,-1.6586,-0.0665,1.5921,0.8428697150212482,-0.0665,-0.3422,-0.2757,9.824965,0.20273320713440107,9.3001,10.0604,0.7602999999999991,9.827056426239752,10.0037,9.8547,-0.1490000000000009,0.016195,0.028623303006466604,-0.0334,0.0834,0.1168,0.03288725437004433,0.0262,-0.0133,-0.0395,0.12525,0.08154139132980256,0.0101,0.2619,0.2518,0.14945421037896525,0.0116,0.2399,0.2283,-0.024089999999999993,0.02258078608020545,-0.0787,0.0112,0.08990000000000001,0.033018479674267256,-0.0026,-0.0617,-0.0591,0.004855,0.00506709729529639,-0.0026,0.0182,0.0208,0.007017585054703648,-0.0016,0.0016,0.0032,-0.00012500000000000003,0.007978212519104765,-0.0175,0.0146,0.032100000000000004,0.007979191688385486,0.003,0.0146,0.0116,9.80659,2.9999999999930083e-05,9.8065,9.8066,9.999999999976694e-05,9.806590000045889,9.8066,9.8065,-9.999999999976694e-05,-10.145,0.8275113292275821,-11.37,-8.56,2.8099999999999987,10.178693432852764,-10.87,-9.0,1.8699999999999992,-28.079499999999996,0.35171686055689755,-28.62,-27.25,1.370000000000001,28.081702672736924,-28.62,-27.81,0.8100000000000023,8.575999999999999,1.4152293100413094,6.88,12.06,5.180000000000001,8.691987689821012,6.88,12.06,5.180000000000001,345.152,4.784179762508935,336.78,354.04,17.260000000000048,345.1851553586857,343.55,354.04,10.490000000000009,-83.2585,0.26399384462521036,-83.72,-82.93,0.789999999999992,83.25891853129009,-83.72,-82.96,0.7600000000000051,-141.267,4.118692875172898,-147.69,-134.88,12.810000000000002,141.32702827131118,-134.88,-147.69,-12.810000000000002,10.039677713391407,0.15008381735517484,9.663157807880404,10.306967736924376,0.6438099290439716,10.040799457264347,10.00822552653566,9.967598638588933,-0.04062688794672731,0.133786867746925,0.08129837955621746,0.024160091059431045,0.26488701364921613,0.2407269225897851,0.15655143723390086,0.02877081854935657,0.24806408446205994,0.21929326591270337,0.10005000000000024,0.0008046738469697449,0.09900000000000375,0.10099999999999909,0.001999999999995339,0.1000532358297324,0.10000000000000853,0.10099999999999909,0.000999999999990564,0.10005000000000024,2.0010000000000048,85.16318616268114,-100.51557717218188,102.0
